vendor,single_sharpe,best_sharpe,best_config,n_configs_tried,seed,true_ic,kind,rank
vendor_01,1.507966274623592,1.510435067673823,smooth1_top25,9,0,0.025,REAL,1
vendor_00,1.4004678668535144,1.410310783254502,smooth1_top50,9,0,0.03,REAL,2
vendor_02,0.9076586147157443,1.0036352731011078,smooth20_top25,9,0,0.02,REAL,3
vendor_12,0.23710774080603722,0.9190379591289721,smooth5_top50,9,0,0.0,fake,4
vendor_20,-0.0949188694954314,0.8507937795865858,smooth5_top50,9,0,0.0,fake,5
vendor_06,0.5107696168711944,0.8315694402247904,smooth20_all,9,0,0.0,fake,6
vendor_04,0.44838998891065374,0.8183221009070839,smooth5_top50,9,0,0.01,REAL,7
vendor_03,0.7801927330985561,0.8040655280128092,smooth1_top50,9,0,0.015,REAL,8
vendor_25,0.5367049277519313,0.7538250786300688,smooth20_top25,9,0,0.0,fake,9
vendor_22,0.7492901674705122,0.7492901674705122,smooth1_all,9,0,0.0,fake,10
vendor_10,0.25228365548321413,0.4266185327328973,smooth5_top25,9,0,0.0,fake,11
vendor_07,0.1555407019007107,0.42081054180486815,smooth5_top50,9,0,0.0,fake,12
vendor_18,0.3626087243583298,0.414467560414228,smooth1_top25,9,0,0.0,fake,13
vendor_15,-0.16539234210525097,0.39749759776230387,smooth20_top50,9,0,0.0,fake,14
vendor_23,0.273622691645491,0.3768231652453793,smooth5_top25,9,0,0.0,fake,15
vendor_28,0.10090690445796649,0.3622363727747208,smooth5_top25,9,0,0.0,fake,16
vendor_19,0.31336787420098344,0.31336787420098344,smooth1_all,9,0,0.0,fake,17
vendor_16,0.2350386252144425,0.26883497496972275,smooth1_top25,9,0,0.0,fake,18
vendor_29,-0.21177806722981454,0.2633114214402014,smooth20_all,9,0,0.0,fake,19
vendor_14,0.20745614479122346,0.24477522126152143,smooth5_top50,9,0,0.0,fake,20
vendor_27,-0.20518591336824354,0.21925879665123787,smooth5_top50,9,0,0.0,fake,21
vendor_05,-0.4995701885517634,0.215668942261037,smooth20_all,9,0,0.0,fake,22
vendor_13,0.2034244647300033,0.2034244647300033,smooth1_all,9,0,0.0,fake,23
vendor_21,0.06861268418723843,0.18349985963208076,smooth20_top25,9,0,0.0,fake,24
vendor_24,-0.5244523061485453,0.1627766359381459,smooth20_top25,9,0,0.0,fake,25
vendor_08,0.07349281667948245,0.14191665896701589,smooth5_top25,9,0,0.0,fake,26
vendor_11,-0.304173074209564,-0.03959039228049566,smooth20_all,9,0,0.0,fake,27
vendor_17,-0.34226420331887714,-0.1177295014306611,smooth20_all,9,0,0.0,fake,28
vendor_09,-0.22662602103641966,-0.12680722957249596,smooth1_top25,9,0,0.0,fake,29
vendor_26,-0.47742433853764604,-0.47742433853764604,smooth1_all,9,0,0.0,fake,30
vendor_02,1.4586712421826273,2.215473209456837,smooth5_top25,9,1,0.02,REAL,1
vendor_00,1.1894764789028522,1.6934811853966978,smooth20_top25,9,1,0.03,REAL,2
vendor_01,0.9007102354923857,1.4519822567218001,smooth5_all,9,1,0.025,REAL,3
vendor_18,0.6908265737598474,1.1402414094308742,smooth5_top25,9,1,0.0,fake,4
vendor_25,0.49453932595708644,0.8461394921057475,smooth5_top50,9,1,0.0,fake,5
vendor_27,0.3903386128998047,0.677435066701631,smooth5_top50,9,1,0.0,fake,6
vendor_09,0.6482092506392039,0.675273895427897,smooth1_top25,9,1,0.0,fake,7
vendor_04,0.5475648495069403,0.5744121753442651,smooth1_top25,9,1,0.01,REAL,8
vendor_22,-0.2950355537193494,0.5322497980348969,smooth20_top50,9,1,0.0,fake,9
vendor_19,0.02838489387121704,0.5261346543955691,smooth5_top25,9,1,0.0,fake,10
vendor_28,0.3362658892432336,0.4855141807630496,smooth20_top50,9,1,0.0,fake,11
vendor_10,0.37835882841782154,0.45069622925914676,smooth5_top25,9,1,0.0,fake,12
vendor_03,-0.056649609556613134,0.4497377918195719,smooth5_top50,9,1,0.015,REAL,13
vendor_16,0.39311982484293395,0.4303951175270606,smooth1_top50,9,1,0.0,fake,14
vendor_15,0.26629449983102677,0.4256725671251297,smooth20_top50,9,1,0.0,fake,15
vendor_24,0.3432029962795584,0.358708355949076,smooth1_top25,9,1,0.0,fake,16
vendor_29,-0.5259863073302594,0.28762756315929183,smooth20_top50,9,1,0.0,fake,17
vendor_05,-0.13968160712604621,0.18115209073687194,smooth5_top50,9,1,0.0,fake,18
vendor_13,-0.17409411429158417,0.10224541131412959,smooth5_top50,9,1,0.0,fake,19
vendor_14,-0.11621612488358128,0.06614799947851352,smooth20_top50,9,1,0.0,fake,20
vendor_26,-0.012536735396082842,0.05927018932811466,smooth1_top50,9,1,0.0,fake,21
vendor_20,-0.02394327288055504,0.04964321111997023,smooth1_top25,9,1,0.0,fake,22
vendor_17,-0.14374080472553058,0.027659642880429818,smooth20_all,9,1,0.0,fake,23
vendor_11,-1.2237056478241528,-0.038081513158423064,smooth20_top25,9,1,0.0,fake,24
vendor_08,-0.5323033395349415,-0.12084847434347878,smooth20_top25,9,1,0.0,fake,25
vendor_12,-0.2053489787252209,-0.1657183317368163,smooth1_top25,9,1,0.0,fake,26
vendor_07,-0.28612445784682816,-0.2225372054259481,smooth20_top25,9,1,0.0,fake,27
vendor_06,-0.5420336479968886,-0.2421226597515963,smooth5_top50,9,1,0.0,fake,28
vendor_21,-0.2987795139816531,-0.2987795139816531,smooth1_all,9,1,0.0,fake,29
vendor_23,-1.0370110084001745,-0.3348030903939672,smooth5_top50,9,1,0.0,fake,30
vendor_00,2.2505396657463517,2.312072202151407,smooth1_top25,9,2,0.03,REAL,1
vendor_01,1.486670060024411,1.5577045157234526,smooth5_top50,9,2,0.025,REAL,2
vendor_02,1.0239569189035163,1.5217541029651975,smooth5_all,9,2,0.02,REAL,3
vendor_29,0.646792506829656,0.9640061040697696,smooth5_top25,9,2,0.0,fake,4
vendor_13,0.8596087782586799,0.8946966478944708,smooth1_top25,9,2,0.0,fake,5
vendor_22,0.6306423064976805,0.8842855654913706,smooth5_all,9,2,0.0,fake,6
vendor_04,0.5358126965057264,0.8537288857241097,smooth5_top25,9,2,0.01,REAL,7
vendor_08,0.15461879615165808,0.817939939595415,smooth20_top25,9,2,0.0,fake,8
vendor_18,0.3274614063722813,0.7030286901416182,smooth5_all,9,2,0.0,fake,9
vendor_21,-0.1213513874209604,0.664517764997937,smooth20_top50,9,2,0.0,fake,10
vendor_03,0.2963876021005948,0.6114434079284903,smooth20_top50,9,2,0.015,REAL,11
vendor_15,0.14720112991697984,0.5281812953108227,smooth5_all,9,2,0.0,fake,12
vendor_12,0.3524465741930785,0.5205586240886818,smooth5_all,9,2,0.0,fake,13
vendor_11,-0.5065498491607289,0.501920925105929,smooth5_top25,9,2,0.0,fake,14
vendor_24,0.458753102302411,0.46673468081670344,smooth1_top50,9,2,0.0,fake,15
vendor_27,0.12332683868572593,0.39590097407384234,smooth20_top50,9,2,0.0,fake,16
vendor_09,0.11255605727973331,0.3307158265172102,smooth5_top50,9,2,0.0,fake,17
vendor_05,-0.34933422796165603,0.2837717442590386,smooth20_top25,9,2,0.0,fake,18
vendor_26,-0.339721339674663,0.2202161929744806,smooth5_top25,9,2,0.0,fake,19
vendor_23,0.13282503338593665,0.182674837294717,smooth1_top50,9,2,0.0,fake,20
vendor_25,0.0866827231091405,0.1751854244851285,smooth1_top25,9,2,0.0,fake,21
vendor_06,-0.7397299386870168,0.16952446823718456,smooth20_top50,9,2,0.0,fake,22
vendor_20,-0.0662302392010613,0.04549993579371035,smooth1_top25,9,2,0.0,fake,23
vendor_07,-0.38993740659947485,-0.038186724445141366,smooth20_all,9,2,0.0,fake,24
vendor_17,-0.347977569856643,-0.10172749447966996,smooth20_top50,9,2,0.0,fake,25
vendor_10,-0.75312090347207,-0.21137028678905165,smooth20_top50,9,2,0.0,fake,26
vendor_14,-1.243800930452665,-0.2691746163415718,smooth20_top50,9,2,0.0,fake,27
vendor_19,-0.37674936577928647,-0.3270785074650191,smooth1_top50,9,2,0.0,fake,28
vendor_28,-0.4953018789936063,-0.4953018789936063,smooth1_all,9,2,0.0,fake,29
vendor_16,-0.6284625579692044,-0.5722972341540066,smooth1_top50,9,2,0.0,fake,30
vendor_01,1.5939400083159105,1.615839843820443,smooth1_top25,9,3,0.025,REAL,1
vendor_00,1.470164409131346,1.5687703549733807,smooth20_top25,9,3,0.03,REAL,2
vendor_03,1.1237269246391284,1.1508058241380945,smooth1_top50,9,3,0.015,REAL,3
vendor_02,0.9605292082497685,0.9651441325839454,smooth5_top50,9,3,0.02,REAL,4
vendor_18,-0.21765914124482563,0.8611476570151595,smooth20_top50,9,3,0.0,fake,5
vendor_15,0.4365999330268137,0.8548602849249284,smooth20_top25,9,3,0.0,fake,6
vendor_11,0.7555285376839979,0.7671062516103728,smooth1_top50,9,3,0.0,fake,7
vendor_29,-0.47990066594782604,0.715990888940129,smooth20_top25,9,3,0.0,fake,8
vendor_09,-0.2935484213396834,0.6672068009426025,smooth20_top25,9,3,0.0,fake,9
vendor_16,0.1219147132512105,0.6610835978442964,smooth20_top25,9,3,0.0,fake,10
vendor_28,0.647585217886629,0.647585217886629,smooth1_all,9,3,0.0,fake,11
vendor_06,0.4730421967899032,0.5237230854165914,smooth5_top25,9,3,0.0,fake,12
vendor_24,0.3780101262845596,0.4915134779513439,smooth20_top50,9,3,0.0,fake,13
vendor_17,0.4667637345361421,0.4667637345361421,smooth1_all,9,3,0.0,fake,14
vendor_26,0.2819508231219694,0.32577875018361496,smooth1_top50,9,3,0.0,fake,15
vendor_23,0.2563392751864655,0.3244021319145952,smooth1_top25,9,3,0.0,fake,16
vendor_19,-0.15193978236888298,0.3231150369826,smooth5_top50,9,3,0.0,fake,17
vendor_08,0.21634526976132992,0.283365349392199,smooth1_top25,9,3,0.0,fake,18
vendor_25,-0.16047084771683592,0.26771360206282524,smooth5_all,9,3,0.0,fake,19
vendor_21,0.20119243672452636,0.20119243672452636,smooth1_all,9,3,0.0,fake,20
vendor_04,0.10889032081568391,0.1597155304217127,smooth1_top25,9,3,0.01,REAL,21
vendor_12,-0.09350447476784297,0.021427409848931555,smooth5_top25,9,3,0.0,fake,22
vendor_20,-0.06428072088806104,-0.03626309070308742,smooth1_top25,9,3,0.0,fake,23
vendor_07,-0.3525029627382049,-0.06665555574581633,smooth20_top25,9,3,0.0,fake,24
vendor_05,-0.2705541534865223,-0.08720909244804424,smooth5_top25,9,3,0.0,fake,25
vendor_14,-0.3303844901832006,-0.09411882117310848,smooth20_top25,9,3,0.0,fake,26
vendor_27,-0.16229928594731027,-0.15528419691626827,smooth20_top25,9,3,0.0,fake,27
vendor_13,-0.3175292916702368,-0.23713813171407996,smooth1_top50,9,3,0.0,fake,28
vendor_22,-0.3433043929836611,-0.2400502623249248,smooth5_top25,9,3,0.0,fake,29
vendor_10,-0.32819012008997966,-0.32819012008997966,smooth1_all,9,3,0.0,fake,30
vendor_00,1.517541490871325,1.5736674400717203,smooth1_top25,9,4,0.03,REAL,1
vendor_01,1.5343325723719738,1.5419206733176936,smooth1_top50,9,4,0.025,REAL,2
vendor_02,1.272665740979025,1.437697863586297,smooth5_top25,9,4,0.02,REAL,3
vendor_04,1.2814966654690714,1.3144116892481275,smooth1_top50,9,4,0.01,REAL,4
vendor_15,0.005385908510069273,0.9762776218482103,smooth20_top50,9,4,0.0,fake,5
vendor_03,0.6299628170282614,0.8201851307363833,smooth1_top25,9,4,0.015,REAL,6
vendor_23,0.29526080953876166,0.7466760078053558,smooth5_top50,9,4,0.0,fake,7
vendor_29,0.2718985607911906,0.7158762850091253,smooth5_all,9,4,0.0,fake,8
vendor_05,0.05765802800911824,0.6945773648471021,smooth20_all,9,4,0.0,fake,9
vendor_07,0.6525058648461479,0.6721956177551266,smooth1_top25,9,4,0.0,fake,10
vendor_16,-0.026301327223791575,0.5612136306936923,smooth20_top25,9,4,0.0,fake,11
vendor_22,0.02291105483441827,0.5592943305744907,smooth5_top25,9,4,0.0,fake,12
vendor_06,0.2762097972440425,0.4619256645869523,smooth5_top50,9,4,0.0,fake,13
vendor_25,0.4424150339949861,0.4424150339949861,smooth1_all,9,4,0.0,fake,14
vendor_21,0.27994505097658284,0.3393900626637854,smooth5_top25,9,4,0.0,fake,15
vendor_24,0.3172380366626137,0.3205106788528733,smooth1_top50,9,4,0.0,fake,16
vendor_13,0.2751166279860796,0.28699986709572595,smooth1_top50,9,4,0.0,fake,17
vendor_18,0.22924296992329374,0.2840667154459205,smooth1_top25,9,4,0.0,fake,18
vendor_27,0.22235886504441293,0.279031127296923,smooth1_top50,9,4,0.0,fake,19
vendor_28,-0.039759533751613445,0.2584727626473882,smooth20_top50,9,4,0.0,fake,20
vendor_09,0.20471820748311664,0.24174375758426048,smooth5_all,9,4,0.0,fake,21
vendor_19,0.19949001760745988,0.19949001760745988,smooth1_all,9,4,0.0,fake,22
vendor_08,0.006603160533062811,0.14062855795998971,smooth5_all,9,4,0.0,fake,23
vendor_14,-0.4728376313546956,0.10081789799817951,smooth20_top25,9,4,0.0,fake,24
vendor_17,-0.6756491451109314,0.08666452825069242,smooth5_top50,9,4,0.0,fake,25
vendor_11,0.05653829103407762,0.05653829103407762,smooth1_all,9,4,0.0,fake,26
vendor_20,-0.4136116684807289,0.022223458244957542,smooth20_all,9,4,0.0,fake,27
vendor_10,-0.6362234425827812,-0.015503503329521226,smooth5_top25,9,4,0.0,fake,28
vendor_26,-0.15601855560384703,-0.12137895626478507,smooth1_top50,9,4,0.0,fake,29
vendor_12,-0.3662472923957727,-0.27548770407526746,smooth1_top25,9,4,0.0,fake,30
vendor_01,1.3784767112009535,1.5462489080926618,smooth5_top25,9,5,0.025,REAL,1
vendor_00,1.4766440483228696,1.5200110203696984,smooth5_all,9,5,0.03,REAL,2
vendor_04,0.646499861839724,1.2861803235814844,smooth5_top50,9,5,0.01,REAL,3
vendor_02,0.7987833360448625,1.1404875702683837,smooth5_top25,9,5,0.02,REAL,4
vendor_29,0.3124918812893232,0.8401734919270146,smooth5_top25,9,5,0.0,fake,5
vendor_18,0.731168192863906,0.7489301119418883,smooth1_top25,9,5,0.0,fake,6
vendor_12,-0.17313080640766051,0.7412932574721827,smooth20_all,9,5,0.0,fake,7
vendor_14,0.2752640472485788,0.7041993513994494,smooth5_top25,9,5,0.0,fake,8
vendor_19,0.17047070630245673,0.6098396806526624,smooth5_top25,9,5,0.0,fake,9
vendor_03,0.503990942718108,0.5739235134264207,smooth5_top25,9,5,0.015,REAL,10
vendor_20,0.5647754962263096,0.5729041155964709,smooth1_top50,9,5,0.0,fake,11
vendor_11,0.14488889431881327,0.47893707654101536,smooth20_top50,9,5,0.0,fake,12
vendor_17,0.19442853603037036,0.4586735678414107,smooth20_top25,9,5,0.0,fake,13
vendor_22,0.4300761941115167,0.4300761941115167,smooth1_all,9,5,0.0,fake,14
vendor_21,-0.2104796083409558,0.40901101229196457,smooth20_top25,9,5,0.0,fake,15
vendor_07,-0.07779508928595306,0.3367780042578476,smooth20_top25,9,5,0.0,fake,16
vendor_15,-0.5275829425390807,0.30020182862061445,smooth20_top25,9,5,0.0,fake,17
vendor_05,-0.46734234854643886,0.2934368983549897,smooth20_all,9,5,0.0,fake,18
vendor_27,-0.179131745989431,0.2819662763043102,smooth20_top50,9,5,0.0,fake,19
vendor_25,0.259564558240794,0.2767750912793296,smooth1_top50,9,5,0.0,fake,20
vendor_13,-0.2750431289813655,0.25076724600497974,smooth5_top25,9,5,0.0,fake,21
vendor_10,-0.2884797197943375,0.19074759349434714,smooth20_all,9,5,0.0,fake,22
vendor_09,0.11240426642330002,0.12306959859359062,smooth1_top25,9,5,0.0,fake,23
vendor_06,0.12267552246281437,0.12267552246281437,smooth1_all,9,5,0.0,fake,24
vendor_26,-0.0671841982522159,0.035158468979751445,smooth5_top25,9,5,0.0,fake,25
vendor_16,-0.06799807562334718,-0.007173235185997847,smooth1_top50,9,5,0.0,fake,26
vendor_23,-0.018421349481890437,-0.018421349481890437,smooth1_all,9,5,0.0,fake,27
vendor_24,-0.024239921863691557,-0.024239921863691557,smooth1_all,9,5,0.0,fake,28
vendor_28,-0.2658763769024842,-0.05457608707557669,smooth20_top25,9,5,0.0,fake,29
vendor_08,-0.5725031936183709,-0.11281631369637432,smooth20_top50,9,5,0.0,fake,30
vendor_00,1.2903762051419458,1.3817260343980098,smooth1_top25,9,6,0.03,REAL,1
vendor_01,0.9799419543620607,1.3242943037469825,smooth5_all,9,6,0.025,REAL,2
vendor_02,0.9006533080369684,1.0943707179086908,smooth5_top25,9,6,0.02,REAL,3
vendor_03,0.9764895489131219,1.0303321783011625,smooth1_top50,9,6,0.015,REAL,4
vendor_21,0.09605194347384759,1.0110541848417822,smooth20_top50,9,6,0.0,fake,5
vendor_04,0.8513431352600669,0.9197267604234534,smooth1_top25,9,6,0.01,REAL,6
vendor_20,0.7226349541511965,0.7226349541511965,smooth1_all,9,6,0.0,fake,7
vendor_08,-0.46847547282557817,0.6860129347703129,smooth20_top50,9,6,0.0,fake,8
vendor_18,0.2264781495240977,0.6812153667102292,smooth5_top50,9,6,0.0,fake,9
vendor_05,-0.0994085182668636,0.5782746502887188,smooth5_top25,9,6,0.0,fake,10
vendor_22,0.20202588389290324,0.5279087367761838,smooth5_top25,9,6,0.0,fake,11
vendor_06,0.41929283255535255,0.4892211515779328,smooth1_top25,9,6,0.0,fake,12
vendor_10,0.2759448240723727,0.47331755842710416,smooth20_top25,9,6,0.0,fake,13
vendor_13,0.3511621759843084,0.46628052451113133,smooth20_top50,9,6,0.0,fake,14
vendor_27,0.4325968691524641,0.4325968691524641,smooth1_all,9,6,0.0,fake,15
vendor_29,0.29934247139958,0.4051741651339886,smooth1_top50,9,6,0.0,fake,16
vendor_12,-0.01758878521384267,0.27745533687309687,smooth20_top50,9,6,0.0,fake,17
vendor_25,0.2731716818780284,0.2731716818780284,smooth1_all,9,6,0.0,fake,18
vendor_23,0.0686823794340816,0.23688988460168817,smooth20_all,9,6,0.0,fake,19
vendor_11,-0.011387789616305632,0.22985637943804788,smooth20_top25,9,6,0.0,fake,20
vendor_26,0.05848958783585066,0.2033756311230056,smooth20_all,9,6,0.0,fake,21
vendor_17,-0.39061642876750846,0.19257381176014726,smooth5_all,9,6,0.0,fake,22
vendor_16,0.1201672984301449,0.14255445972216063,smooth1_top25,9,6,0.0,fake,23
vendor_09,0.1383679861772382,0.1383679861772382,smooth1_all,9,6,0.0,fake,24
vendor_14,-0.1383692363534715,0.0801583488726964,smooth20_top50,9,6,0.0,fake,25
vendor_28,-0.01385436728679706,0.062425696381000026,smooth1_top25,9,6,0.0,fake,26
vendor_07,0.0457159032645085,0.04743659334418491,smooth20_top50,9,6,0.0,fake,27
vendor_19,-0.0008122359927626452,0.020437842020363077,smooth1_top25,9,6,0.0,fake,28
vendor_24,-0.5072604630989517,-0.08318273924486526,smooth5_top25,9,6,0.0,fake,29
vendor_15,-0.3018450750416693,-0.15157461367792138,smooth20_top25,9,6,0.0,fake,30
vendor_01,1.8498853289585746,1.905037325121446,smooth5_top50,9,7,0.025,REAL,1
vendor_02,0.9457828334898545,1.591048587810142,smooth5_top25,9,7,0.02,REAL,2
vendor_00,1.4042927657760051,1.4216658504730408,smooth5_top25,9,7,0.03,REAL,3
vendor_24,1.2781705951507758,1.2935155319138885,smooth1_top25,9,7,0.0,fake,4
vendor_03,0.7372477939909896,1.2613301768186802,smooth5_top25,9,7,0.015,REAL,5
vendor_18,0.3261185530465725,1.0281808002904134,smooth5_top50,9,7,0.0,fake,6
vendor_10,0.7673478493411305,0.9008479858305363,smooth5_top25,9,7,0.0,fake,7
vendor_14,0.29903694685633747,0.8631872272443456,smooth20_top50,9,7,0.0,fake,8
vendor_23,0.833458975391886,0.833458975391886,smooth1_all,9,7,0.0,fake,9
vendor_04,0.7704689657731503,0.7704689657731503,smooth1_all,9,7,0.01,REAL,10
vendor_16,0.49561648705024774,0.7581393272038738,smooth5_all,9,7,0.0,fake,11
vendor_29,-0.3220461169302317,0.7449413221972443,smooth20_top50,9,7,0.0,fake,12
vendor_15,0.06361313933937301,0.5857781009525479,smooth20_top25,9,7,0.0,fake,13
vendor_26,0.39091876032095607,0.5633783029589172,smooth5_top50,9,7,0.0,fake,14
vendor_05,0.5088711833507841,0.5162862009793827,smooth1_top50,9,7,0.0,fake,15
vendor_06,-0.27674531574672645,0.5057299097147004,smooth5_top50,9,7,0.0,fake,16
vendor_09,-0.26319240945480415,0.4389107791868453,smooth20_top50,9,7,0.0,fake,17
vendor_08,0.33842485304733466,0.4127156788501637,smooth1_top25,9,7,0.0,fake,18
vendor_25,0.3019300315873977,0.3365353215710579,smooth20_top50,9,7,0.0,fake,19
vendor_28,0.09123698992536525,0.21024467625907983,smooth1_top25,9,7,0.0,fake,20
vendor_27,-0.11276664579044761,0.13824729755747112,smooth5_all,9,7,0.0,fake,21
vendor_07,-0.042361805470628164,0.08710511322804616,smooth20_top50,9,7,0.0,fake,22
vendor_22,0.011070871807770874,0.06276280093029493,smooth1_top50,9,7,0.0,fake,23
vendor_17,-0.01733284944772176,0.03024784923789873,smooth1_top25,9,7,0.0,fake,24
vendor_13,-0.06923396846618025,0.022677733090877488,smooth1_top50,9,7,0.0,fake,25
vendor_12,-0.048040565932234415,0.020905299000490266,smooth1_top25,9,7,0.0,fake,26
vendor_21,-0.20586806591403994,-0.06531312529493231,smooth20_top50,9,7,0.0,fake,27
vendor_20,-0.17302789709586494,-0.06603776934671038,smooth20_top25,9,7,0.0,fake,28
vendor_11,-0.5530343471567698,-0.1741899760937479,smooth20_top50,9,7,0.0,fake,29
vendor_19,-0.44690262419404597,-0.44300735194677304,smooth1_top50,9,7,0.0,fake,30
vendor_03,1.3258329253145402,1.4283970704757412,smooth1_top25,9,8,0.015,REAL,1
vendor_01,0.8932776827720824,1.4272094215959903,smooth20_top50,9,8,0.025,REAL,2
vendor_09,0.8747380180564547,1.3954607075795236,smooth5_top50,9,8,0.0,fake,3
vendor_02,1.3077985442998783,1.3257724193354832,smooth1_top50,9,8,0.02,REAL,4
vendor_00,1.135681629554847,1.2944971466197122,smooth20_top50,9,8,0.03,REAL,5
vendor_04,1.1148162293827044,1.1762236822218304,smooth1_top25,9,8,0.01,REAL,6
vendor_11,0.9536139750609667,1.0125262125417183,smooth1_top25,9,8,0.0,fake,7
vendor_18,-0.5493770553931625,0.9025402657157399,smooth20_all,9,8,0.0,fake,8
vendor_21,0.6947910412585245,0.6947910412585245,smooth1_all,9,8,0.0,fake,9
vendor_26,0.6377863840960831,0.6932184607421519,smooth1_top50,9,8,0.0,fake,10
vendor_05,0.6405810832393334,0.6405810832393334,smooth1_all,9,8,0.0,fake,11
vendor_14,0.5152120177280533,0.5329372607732824,smooth1_top50,9,8,0.0,fake,12
vendor_22,-0.17753204814751908,0.4964766980765306,smooth20_top50,9,8,0.0,fake,13
vendor_16,0.09449604377332145,0.3998609920855123,smooth20_top50,9,8,0.0,fake,14
vendor_20,-0.30949953325147334,0.39055522874190696,smooth20_all,9,8,0.0,fake,15
vendor_10,0.3691348699755763,0.372237337396132,smooth1_top50,9,8,0.0,fake,16
vendor_08,0.28987057830326685,0.36196619201321956,smooth20_top25,9,8,0.0,fake,17
vendor_17,0.14841480092809986,0.30844540067438925,smooth20_top50,9,8,0.0,fake,18
vendor_25,-0.5380937770394287,0.25087586890702507,smooth20_top50,9,8,0.0,fake,19
vendor_23,-0.333186653796404,0.2277370713456212,smooth5_top50,9,8,0.0,fake,20
vendor_12,-0.12145766161959112,0.1553917601811953,smooth20_all,9,8,0.0,fake,21
vendor_15,0.05277703301393947,0.05277703301393947,smooth1_all,9,8,0.0,fake,22
vendor_27,-0.03740943703596683,0.04789004773828667,smooth1_top25,9,8,0.0,fake,23
vendor_06,0.013445662273909809,0.024641180987506492,smooth1_top50,9,8,0.0,fake,24
vendor_13,-0.23222166765124758,-0.0161196398129827,smooth5_top25,9,8,0.0,fake,25
vendor_24,-0.5230543168258773,-0.09730036823279332,smooth20_top50,9,8,0.0,fake,26
vendor_29,-0.35485128852353026,-0.10810034806256642,smooth5_all,9,8,0.0,fake,27
vendor_19,-0.5545170454425754,-0.28041069618230513,smooth5_all,9,8,0.0,fake,28
vendor_28,-0.6139186020902967,-0.3412320088147035,smooth20_all,9,8,0.0,fake,29
vendor_07,-0.46580833471283656,-0.46580833471283656,smooth1_all,9,8,0.0,fake,30
vendor_01,1.8098485025320497,1.8099892079593942,smooth1_top50,9,9,0.025,REAL,1
vendor_02,1.6807422349735388,1.6807422349735388,smooth1_all,9,9,0.02,REAL,2
vendor_00,1.2734365038696431,1.4700953516174298,smooth20_top25,9,9,0.03,REAL,3
vendor_03,0.9164720271295426,0.9164720271295426,smooth1_all,9,9,0.015,REAL,4
vendor_18,0.7030216652475588,0.8446326239792856,smooth1_top25,9,9,0.0,fake,5
vendor_04,0.5796606793610526,0.6556112897977806,smooth1_top50,9,9,0.01,REAL,6
vendor_22,0.6553212657222267,0.6553212657222267,smooth1_all,9,9,0.0,fake,7
vendor_20,-0.23696821519605596,0.6326419188525395,smooth5_top25,9,9,0.0,fake,8
vendor_16,-0.26652498985922773,0.6096694971682747,smooth5_all,9,9,0.0,fake,9
vendor_08,0.5669957910483494,0.5669957910483494,smooth1_all,9,9,0.0,fake,10
vendor_09,0.5473913537851679,0.5573264668306274,smooth1_top25,9,9,0.0,fake,11
vendor_11,-0.2591754903572889,0.533996290186584,smooth5_all,9,9,0.0,fake,12
vendor_06,0.5214523373472064,0.5336673040336339,smooth1_top25,9,9,0.0,fake,13
vendor_13,0.30791492099965606,0.5150349334148152,smooth20_top50,9,9,0.0,fake,14
vendor_23,0.14234328512202732,0.43030159631084747,smooth20_all,9,9,0.0,fake,15
vendor_15,0.40622722958760915,0.40622722958760915,smooth1_all,9,9,0.0,fake,16
vendor_25,0.3090321043555465,0.31344601359599644,smooth1_top25,9,9,0.0,fake,17
vendor_12,-0.6713219736250905,0.3055854233073242,smooth5_top25,9,9,0.0,fake,18
vendor_29,0.3039763743012769,0.3039763743012769,smooth1_all,9,9,0.0,fake,19
vendor_28,0.21770797756344173,0.3016194500443997,smooth5_top25,9,9,0.0,fake,20
vendor_21,0.2759226541870416,0.2759226541870416,smooth1_all,9,9,0.0,fake,21
vendor_10,0.05930406493825272,0.26690168308722884,smooth5_top50,9,9,0.0,fake,22
vendor_26,-0.37096107961646124,0.2668111906245482,smooth20_top50,9,9,0.0,fake,23
vendor_05,-0.1689660523103743,0.19969819712271755,smooth5_top50,9,9,0.0,fake,24
vendor_07,-0.40311727126137736,0.1007655800196389,smooth5_top25,9,9,0.0,fake,25
vendor_27,-0.029384029882547062,0.10032564824102244,smooth1_top25,9,9,0.0,fake,26
vendor_19,0.046047170670308744,0.09196831537730973,smooth1_top25,9,9,0.0,fake,27
vendor_24,0.0032602917593204683,0.06583851498374496,smooth1_top50,9,9,0.0,fake,28
vendor_14,-0.26763967288238816,-0.013953593750293295,smooth20_all,9,9,0.0,fake,29
vendor_17,-0.1920866591706226,-0.1920866591706226,smooth1_all,9,9,0.0,fake,30
vendor_00,1.910228135456222,1.9499270055479379,smooth1_top50,9,10,0.03,REAL,1
vendor_01,1.1588595882908546,1.4110956552233216,smooth5_top50,9,10,0.025,REAL,2
vendor_20,1.1478496739404747,1.3935482335673621,smooth20_top50,9,10,0.0,fake,3
vendor_06,0.21210580454893274,1.1793184096237572,smooth5_all,9,10,0.0,fake,4
vendor_02,0.6931789256940086,1.1218860337581824,smooth5_top25,9,10,0.02,REAL,5
vendor_22,0.8952158028171111,0.9454697087350756,smooth1_top50,9,10,0.0,fake,6
vendor_03,0.08032808176576287,0.7386955450874242,smooth5_all,9,10,0.015,REAL,7
vendor_16,0.20194966566492556,0.689556190137925,smooth5_all,9,10,0.0,fake,8
vendor_08,-0.30682482062839483,0.6485704347716309,smooth20_top50,9,10,0.0,fake,9
vendor_05,0.5867428387227231,0.6155790226915464,smooth1_top25,9,10,0.0,fake,10
vendor_04,0.44701145234854023,0.585412371096954,smooth20_top50,9,10,0.01,REAL,11
vendor_09,0.5286978801949299,0.5706130783525507,smooth1_top25,9,10,0.0,fake,12
vendor_15,0.5387104111444727,0.5699950799220331,smooth1_top50,9,10,0.0,fake,13
vendor_14,0.48995182877261184,0.5216754901545341,smooth1_top25,9,10,0.0,fake,14
vendor_24,0.4499967741224869,0.4499967741224869,smooth1_all,9,10,0.0,fake,15
vendor_23,0.3414053454912352,0.41604159987379313,smooth1_top50,9,10,0.0,fake,16
vendor_13,0.3994485980048148,0.3994485980048148,smooth1_all,9,10,0.0,fake,17
vendor_17,-0.5832651286203697,0.37787709733483976,smooth20_top25,9,10,0.0,fake,18
vendor_10,0.10044484914965329,0.37404739921514074,smooth20_all,9,10,0.0,fake,19
vendor_25,0.03778091784149989,0.32136138449731794,smooth5_top50,9,10,0.0,fake,20
vendor_27,0.30847426311842435,0.30847426311842435,smooth1_all,9,10,0.0,fake,21
vendor_19,0.0630667572933727,0.30159300374830583,smooth20_all,9,10,0.0,fake,22
vendor_28,0.29148900522925764,0.293715587713267,smooth1_top50,9,10,0.0,fake,23
vendor_18,0.24487205883611798,0.25948096391825476,smooth5_top25,9,10,0.0,fake,24
vendor_21,0.1690833705833807,0.24028120450518017,smooth5_all,9,10,0.0,fake,25
vendor_12,-0.27307291179417537,0.1945126718256926,smooth20_all,9,10,0.0,fake,26
vendor_07,-0.12376223423165338,0.14923410305056345,smooth20_top25,9,10,0.0,fake,27
vendor_26,-0.21451026854102348,-0.04701551770884125,smooth5_top25,9,10,0.0,fake,28
vendor_29,-0.17897181353176292,-0.06750423751976015,smooth20_all,9,10,0.0,fake,29
vendor_11,-0.2896414515162797,-0.12256223504993523,smooth5_all,9,10,0.0,fake,30
vendor_01,1.544173839279014,1.544173839279014,smooth1_all,9,11,0.025,REAL,1
vendor_02,1.2886028712781978,1.2886028712781978,smooth1_all,9,11,0.02,REAL,2
vendor_00,1.1218991504027929,1.1871826936050855,smooth5_top25,9,11,0.03,REAL,3
vendor_08,0.9192742789136396,0.9888215463991987,smooth1_top25,9,11,0.0,fake,4
vendor_21,0.798611151457235,0.8781470346069505,smooth1_top25,9,11,0.0,fake,5
vendor_26,0.7762388437515758,0.8246706489720803,smooth1_top25,9,11,0.0,fake,6
vendor_14,0.5173944496189793,0.6982962511330568,smooth1_top25,9,11,0.0,fake,7
vendor_23,-0.09908932835693245,0.6763352245403749,smooth20_top25,9,11,0.0,fake,8
vendor_03,0.584762376318791,0.6087858975643349,smooth1_top50,9,11,0.015,REAL,9
vendor_11,0.5569027900667688,0.5898054959385255,smooth1_top25,9,11,0.0,fake,10
vendor_17,0.5869302664089342,0.5869302664089342,smooth1_all,9,11,0.0,fake,11
vendor_20,0.48860232385760816,0.5369958224716938,smooth5_all,9,11,0.0,fake,12
vendor_19,0.4636760421823029,0.5276719190926423,smooth1_top50,9,11,0.0,fake,13
vendor_28,0.5123963318205063,0.5123963318205063,smooth1_all,9,11,0.0,fake,14
vendor_07,0.08932547362973188,0.46700771270279196,smooth20_top25,9,11,0.0,fake,15
vendor_04,0.16997679862719248,0.3956818657642226,smooth5_top25,9,11,0.01,REAL,16
vendor_29,-0.05848039557897808,0.34234568030995355,smooth5_top50,9,11,0.0,fake,17
vendor_12,0.2913892866314713,0.32761286132801565,smooth1_top25,9,11,0.0,fake,18
vendor_09,0.2499616386343186,0.32752971272333603,smooth5_all,9,11,0.0,fake,19
vendor_18,0.2618734970768053,0.3255149300683323,smooth1_top25,9,11,0.0,fake,20
vendor_16,0.0508945526465588,0.30342791382183854,smooth5_top25,9,11,0.0,fake,21
vendor_13,-0.14987289485911176,0.29931350432067283,smooth5_top50,9,11,0.0,fake,22
vendor_24,-0.4866771868480051,0.22361363625599773,smooth20_top50,9,11,0.0,fake,23
vendor_27,0.03320264980777202,0.1962840313313601,smooth5_top50,9,11,0.0,fake,24
vendor_06,0.1505012638438641,0.17530530123134483,smooth20_top25,9,11,0.0,fake,25
vendor_25,-0.15424082235071887,0.10500105419192235,smooth5_top25,9,11,0.0,fake,26
vendor_15,-0.07209867952908917,0.07303100686847652,smooth5_top50,9,11,0.0,fake,27
vendor_05,-0.4729035909458484,0.06453204827013252,smooth20_top50,9,11,0.0,fake,28
vendor_22,-0.579710837366147,-0.1144796819812491,smooth20_top50,9,11,0.0,fake,29
vendor_10,-0.6894531148878588,-0.5554722783027055,smooth20_top25,9,11,0.0,fake,30
vendor_01,1.8597402286207183,1.8723729070210147,smooth1_top25,9,12,0.025,REAL,1
vendor_00,1.484728919424321,1.5273782329577883,smooth1_top25,9,12,0.03,REAL,2
vendor_02,1.1499189059803194,1.1499189059803194,smooth1_all,9,12,0.02,REAL,3
vendor_08,0.18196988423805832,0.8598351955013618,smooth20_top50,9,12,0.0,fake,4
vendor_10,0.8198540775515912,0.8354351359005122,smooth1_top25,9,12,0.0,fake,5
vendor_03,0.7022039550800665,0.7275754899765247,smooth1_top25,9,12,0.015,REAL,6
vendor_07,0.7199091791246551,0.7199091791246551,smooth1_all,9,12,0.0,fake,7
vendor_04,0.64068844419313,0.7095337362442973,smooth1_top50,9,12,0.01,REAL,8
vendor_20,0.46951922590567013,0.6458127764365781,smooth20_top25,9,12,0.0,fake,9
vendor_12,-0.2664622509728772,0.6102113255278703,smooth20_all,9,12,0.0,fake,10
vendor_11,0.4717683715061049,0.5009804039464183,smooth1_top25,9,12,0.0,fake,11
vendor_21,0.16633456809598202,0.43310455151046134,smooth20_top25,9,12,0.0,fake,12
vendor_29,0.2871634148011709,0.4106442912536366,smooth5_all,9,12,0.0,fake,13
vendor_16,0.10886301149666677,0.35535567700998943,smooth20_all,9,12,0.0,fake,14
vendor_24,0.13017927023683704,0.3372513667546031,smooth20_top50,9,12,0.0,fake,15
vendor_09,-0.26677275724756694,0.2933337908310381,smooth5_top25,9,12,0.0,fake,16
vendor_06,0.24485483075079228,0.2893344269792574,smooth1_top50,9,12,0.0,fake,17
vendor_23,0.10861934882611199,0.24733245051574018,smooth5_all,9,12,0.0,fake,18
vendor_26,0.1470417781010357,0.23393759973024308,smooth1_top50,9,12,0.0,fake,19
vendor_22,-0.03736262557858684,0.2102635524197254,smooth5_top50,9,12,0.0,fake,20
vendor_13,-0.03784941793620412,0.14451070223614199,smooth5_all,9,12,0.0,fake,21
vendor_18,0.028397845616356495,0.1119200700091865,smooth1_top25,9,12,0.0,fake,22
vendor_19,-0.4226445185840047,0.10969293810420169,smooth20_all,9,12,0.0,fake,23
vendor_05,-0.38561250873043057,0.03906341870565643,smooth5_all,9,12,0.0,fake,24
vendor_17,0.008489970309916665,0.008489970309916665,smooth1_all,9,12,0.0,fake,25
vendor_15,-0.26871328387882965,0.004222273028250139,smooth20_top25,9,12,0.0,fake,26
vendor_14,-0.6263390759136094,-0.14478146879340184,smooth20_top25,9,12,0.0,fake,27
vendor_28,-0.7554693942810236,-0.21654682232703493,smooth20_top25,9,12,0.0,fake,28
vendor_27,-0.26447386648006926,-0.23184936470670703,smooth1_top25,9,12,0.0,fake,29
vendor_25,-0.4928449210214275,-0.2639374328251359,smooth5_top25,9,12,0.0,fake,30
vendor_02,1.3399843313467668,1.3845384137069114,smooth1_top50,9,13,0.02,REAL,1
vendor_00,1.3826919390381145,1.3826919390381145,smooth1_all,9,13,0.03,REAL,2
vendor_04,0.9157698133083273,1.0341804186836303,smooth5_top50,9,13,0.01,REAL,3
vendor_24,0.721096828230706,0.9859965494525597,smooth5_top50,9,13,0.0,fake,4
vendor_13,0.9178776179659498,0.9178776179659498,smooth1_all,9,13,0.0,fake,5
vendor_28,0.7653632147492048,0.8357020452206774,smooth1_top25,9,13,0.0,fake,6
vendor_06,0.16123926573709746,0.8151333381505982,smooth20_all,9,13,0.0,fake,7
vendor_01,0.7544413073806632,0.8104353040915528,smooth1_top50,9,13,0.025,REAL,8
vendor_22,0.03581392665792695,0.797214520656554,smooth20_top25,9,13,0.0,fake,9
vendor_16,0.7322831698560996,0.7322831698560996,smooth1_all,9,13,0.0,fake,10
vendor_11,-0.040698642222795456,0.6338151038381441,smooth20_top25,9,13,0.0,fake,11
vendor_03,0.6014174991255753,0.6266877905103895,smooth1_top25,9,13,0.015,REAL,12
vendor_23,0.033711340648132096,0.6208419043590175,smooth20_top50,9,13,0.0,fake,13
vendor_08,0.44109943104671084,0.5614607615876885,smooth20_top25,9,13,0.0,fake,14
vendor_10,0.34308231357511465,0.4246316332853346,smooth1_top25,9,13,0.0,fake,15
vendor_12,0.19272560276879794,0.37221570876188403,smooth5_top50,9,13,0.0,fake,16
vendor_26,-0.04093192729752704,0.3509744044752648,smooth20_top50,9,13,0.0,fake,17
vendor_17,0.120021287238432,0.3010790103652001,smooth5_top50,9,13,0.0,fake,18
vendor_25,0.23919252799220936,0.24310321085368736,smooth5_top50,9,13,0.0,fake,19
vendor_09,0.17710940219367896,0.17710940219367896,smooth1_all,9,13,0.0,fake,20
vendor_15,-0.22519805199852494,0.17287673793727265,smooth5_top50,9,13,0.0,fake,21
vendor_14,-0.8876814224664614,0.17285176026706423,smooth20_top25,9,13,0.0,fake,22
vendor_29,-0.281010278237099,0.11812996556881936,smooth5_all,9,13,0.0,fake,23
vendor_18,-0.3129870983812408,0.04363698378934552,smooth5_top50,9,13,0.0,fake,24
vendor_19,-0.02537885165192041,-0.02537885165192041,smooth1_all,9,13,0.0,fake,25
vendor_05,-0.294785102404241,-0.06984842368006558,smooth20_top50,9,13,0.0,fake,26
vendor_21,-0.14155392736505734,-0.07611734838416413,smooth5_top50,9,13,0.0,fake,27
vendor_20,-0.20627215347707575,-0.12504512671795995,smooth20_all,9,13,0.0,fake,28
vendor_07,-0.5768567800693281,-0.3006622145398632,smooth20_top50,9,13,0.0,fake,29
vendor_27,-1.0277597496063777,-0.4724612377851526,smooth20_top25,9,13,0.0,fake,30
vendor_00,1.1924903233404456,1.3023787854747573,smooth1_top25,9,14,0.03,REAL,1
vendor_10,1.0936824307449087,1.0936824307449087,smooth1_all,9,14,0.0,fake,2
vendor_04,1.014756619894075,1.0754806533887835,smooth20_all,9,14,0.01,REAL,3
vendor_01,1.0137191130283592,1.0666876941445196,smooth1_top25,9,14,0.025,REAL,4
vendor_09,0.7866731557521958,1.0530900149863718,smooth5_top25,9,14,0.0,fake,5
vendor_02,0.6775209185947833,0.9671508774540233,smooth5_top50,9,14,0.02,REAL,6
vendor_18,0.714584387910673,0.8682335554479266,smooth1_top25,9,14,0.0,fake,7
vendor_03,-0.18839159416071155,0.8147189871696734,smooth5_top25,9,14,0.015,REAL,8
vendor_22,0.5729588082405851,0.5729588082405851,smooth1_all,9,14,0.0,fake,9
vendor_21,0.45229515524344815,0.5383239857548674,smooth1_top25,9,14,0.0,fake,10
vendor_29,0.42203503733869563,0.47290957664463845,smooth1_top25,9,14,0.0,fake,11
vendor_14,-0.26177635470747673,0.42743068298671855,smooth20_all,9,14,0.0,fake,12
vendor_24,0.4093546635401193,0.4093546635401193,smooth1_all,9,14,0.0,fake,13
vendor_11,-0.3660460807439166,0.3757835894012959,smooth20_all,9,14,0.0,fake,14
vendor_17,-0.3064599399296604,0.36331253338249964,smooth5_top50,9,14,0.0,fake,15
vendor_26,-0.189623743177554,0.35486601418590114,smooth20_top25,9,14,0.0,fake,16
vendor_06,-0.4316772672325792,0.3501987347589002,smooth20_top50,9,14,0.0,fake,17
vendor_28,-0.23883548233074947,0.3436560944061843,smooth20_top25,9,14,0.0,fake,18
vendor_15,0.046013570078443956,0.3246665045006411,smooth5_all,9,14,0.0,fake,19
vendor_23,-0.5690222383056515,0.30035086628452656,smooth20_top25,9,14,0.0,fake,20
vendor_20,0.23062719994812086,0.28177267627207325,smooth5_top25,9,14,0.0,fake,21
vendor_05,0.2409934459352356,0.25085684037304073,smooth1_top25,9,14,0.0,fake,22
vendor_13,0.24439103422754763,0.24439103422754763,smooth1_all,9,14,0.0,fake,23
vendor_08,-0.4511254640495845,0.22061294505249746,smooth20_top25,9,14,0.0,fake,24
vendor_16,-0.3237595338595198,0.15727060355193176,smooth5_all,9,14,0.0,fake,25
vendor_25,-0.5914136925571244,0.10433104352673661,smooth20_all,9,14,0.0,fake,26
vendor_07,-0.15635237014562034,0.025108264620229227,smooth5_top25,9,14,0.0,fake,27
vendor_27,-0.45691581093166267,0.008068261719592915,smooth5_top25,9,14,0.0,fake,28
vendor_12,-0.43044753499144395,-0.31394914370457583,smooth20_top25,9,14,0.0,fake,29
vendor_19,-0.3401454210914365,-0.3401454210914365,smooth1_all,9,14,0.0,fake,30
vendor_00,1.6138231019574696,1.6138231019574696,smooth1_all,9,15,0.03,REAL,1
vendor_04,1.4858026885794178,1.5031051125561594,smooth1_top25,9,15,0.01,REAL,2
vendor_01,1.3434024712916717,1.359352505870086,smooth1_top50,9,15,0.025,REAL,3
vendor_02,0.8631220632047693,0.8631220632047693,smooth1_all,9,15,0.02,REAL,4
vendor_06,0.22859096087350694,0.8365640504607704,smooth20_top25,9,15,0.0,fake,5
vendor_09,0.7360131857584645,0.7394590167306401,smooth1_top50,9,15,0.0,fake,6
vendor_16,0.4539831578955638,0.7222054149266356,smooth5_top50,9,15,0.0,fake,7
vendor_26,0.5655756472128612,0.5861300275262769,smooth1_top25,9,15,0.0,fake,8
vendor_23,0.4873926781283541,0.5580850469790737,smooth1_top25,9,15,0.0,fake,9
vendor_22,0.2363045810432181,0.5243038075187761,smooth20_top25,9,15,0.0,fake,10
vendor_05,0.11588402659686046,0.4514221445055158,smooth5_top25,9,15,0.0,fake,11
vendor_13,0.38897112158301234,0.4044034330174254,smooth1_top25,9,15,0.0,fake,12
vendor_03,0.3861835737087656,0.40269238845188715,smooth20_top25,9,15,0.015,REAL,13
vendor_21,0.31355258056809693,0.31355258056809693,smooth1_all,9,15,0.0,fake,14
vendor_27,-0.4197596616328682,0.2814973344546793,smooth20_top50,9,15,0.0,fake,15
vendor_15,-0.024244337435795245,0.27670053929332766,smooth20_top25,9,15,0.0,fake,16
vendor_24,0.15234890586660757,0.24131436690608685,smooth1_top25,9,15,0.0,fake,17
vendor_11,0.11149490239697184,0.21366188579745124,smooth20_top50,9,15,0.0,fake,18
vendor_17,-0.26286349695507566,0.21176891851606966,smooth20_all,9,15,0.0,fake,19
vendor_25,-0.26798138223632756,0.20791234798140307,smooth5_top25,9,15,0.0,fake,20
vendor_19,-0.5246282255330067,0.15674638799055254,smooth5_top25,9,15,0.0,fake,21
vendor_20,-0.11236202038946819,0.09159728959636493,smooth5_top25,9,15,0.0,fake,22
vendor_10,-0.08061540083432875,-0.05911052519394056,smooth1_top50,9,15,0.0,fake,23
vendor_18,-0.1544672228390483,-0.07301764462405783,smooth5_all,9,15,0.0,fake,24
vendor_14,-0.10297862289420671,-0.10297862289420671,smooth1_all,9,15,0.0,fake,25
vendor_28,-0.3696156402512569,-0.13895014708794245,smooth5_all,9,15,0.0,fake,26
vendor_08,-0.47793286207560837,-0.21324769577121372,smooth20_top50,9,15,0.0,fake,27
vendor_07,-0.32124236507876713,-0.30605648565258187,smooth1_top50,9,15,0.0,fake,28
vendor_12,-0.7591206181704931,-0.3499317252384246,smooth20_top25,9,15,0.0,fake,29
vendor_29,-1.1057448512302346,-0.3761402876694117,smooth20_top50,9,15,0.0,fake,30
vendor_00,1.2863538673489148,1.2863538673489148,smooth1_all,9,16,0.03,REAL,1
vendor_18,1.0196978584401395,1.1026945728900654,smooth1_top25,9,16,0.0,fake,2
vendor_23,0.4129837588545185,1.0215876079383308,smooth5_all,9,16,0.0,fake,3
vendor_01,0.8881332180615277,0.9351892308725555,smooth1_top50,9,16,0.025,REAL,4
vendor_14,0.2376274543805186,0.8060526846155268,smooth20_top50,9,16,0.0,fake,5
vendor_22,0.2934720572131077,0.7542988247153273,smooth5_top50,9,16,0.0,fake,6
vendor_03,0.6584157660107578,0.6806181100471989,smooth5_top50,9,16,0.015,REAL,7
vendor_08,0.5058298803061191,0.5058298803061191,smooth1_all,9,16,0.0,fake,8
vendor_21,0.49834883392553236,0.49834883392553236,smooth1_all,9,16,0.0,fake,9
vendor_12,0.1397768420013256,0.482769031308001,smooth20_top25,9,16,0.0,fake,10
vendor_02,0.30222035222367993,0.46048973219086,smooth20_top25,9,16,0.02,REAL,11
vendor_27,0.4006560105263905,0.44434977668987324,smooth5_top50,9,16,0.0,fake,12
vendor_16,0.03154504655197296,0.42068128870826804,smooth20_all,9,16,0.0,fake,13
vendor_24,0.3467848839820033,0.40209324646973255,smooth1_top50,9,16,0.0,fake,14
vendor_25,0.28429194579159517,0.36357105029105047,smooth5_top25,9,16,0.0,fake,15
vendor_19,0.20422341530814714,0.34567798420337104,smooth1_top25,9,16,0.0,fake,16
vendor_10,0.28468062552885964,0.28468062552885964,smooth1_all,9,16,0.0,fake,17
vendor_05,-0.27557049243164283,0.27686775751326026,smooth20_all,9,16,0.0,fake,18
vendor_26,0.17681340683764063,0.24345107717679787,smooth1_top25,9,16,0.0,fake,19
vendor_04,-0.026936281154129948,0.23950735053444427,smooth20_top50,9,16,0.01,REAL,20
vendor_28,-0.07820037537372339,0.22026446666472532,smooth20_all,9,16,0.0,fake,21
vendor_06,0.10314029495047948,0.17979638212554477,smooth1_top25,9,16,0.0,fake,22
vendor_20,-0.008269400025354666,0.17679969437305412,smooth5_all,9,16,0.0,fake,23
vendor_15,0.09025201164186443,0.09025201164186443,smooth1_all,9,16,0.0,fake,24
vendor_11,-0.006678527189777991,0.08586331009535227,smooth20_top50,9,16,0.0,fake,25
vendor_29,-0.05074843485664769,0.04405225822122738,smooth5_top25,9,16,0.0,fake,26
vendor_13,-0.10948732381902762,-0.10531348831250759,smooth1_top25,9,16,0.0,fake,27
vendor_09,-0.19562793479620766,-0.1923881803607608,smooth1_top50,9,16,0.0,fake,28
vendor_17,-0.84706794369,-0.20201604836008993,smooth5_top50,9,16,0.0,fake,29
vendor_07,-0.5164857320584576,-0.30480438376067703,smooth5_top50,9,16,0.0,fake,30
vendor_00,1.5184644296448881,1.6987822561075936,smooth5_top50,9,17,0.03,REAL,1
vendor_01,1.5230198263031738,1.5935741116646456,smooth5_all,9,17,0.025,REAL,2
vendor_02,0.4637872904612019,1.093061549521047,smooth5_top50,9,17,0.02,REAL,3
vendor_24,0.575002291873077,0.7748610821148505,smooth5_top50,9,17,0.0,fake,4
vendor_27,0.1920020826165661,0.6582283322697958,smooth20_all,9,17,0.0,fake,5
vendor_19,-0.034578537041308824,0.6370982291115563,smooth20_all,9,17,0.0,fake,6
vendor_12,0.619233317549644,0.619233317549644,smooth1_all,9,17,0.0,fake,7
vendor_14,0.6113982114288774,0.6113982114288774,smooth1_all,9,17,0.0,fake,8
vendor_04,0.5839590415355493,0.6036850279515688,smooth1_top50,9,17,0.01,REAL,9
vendor_16,-0.13464035587262113,0.5036103697536969,smooth5_top50,9,17,0.0,fake,10
vendor_08,0.3957450273432721,0.467707876320204,smooth1_top25,9,17,0.0,fake,11
vendor_21,0.3476753426499047,0.4078826009914738,smooth1_top25,9,17,0.0,fake,12
vendor_23,-0.026212569089875293,0.40540454868432785,smooth5_top25,9,17,0.0,fake,13
vendor_06,0.4031492261522045,0.4031492261522045,smooth1_all,9,17,0.0,fake,14
vendor_28,0.08766134616026484,0.36986302769876345,smooth5_top25,9,17,0.0,fake,15
vendor_07,0.31182936114610804,0.36655553631425897,smooth1_top25,9,17,0.0,fake,16
vendor_26,-0.1728420805899428,0.3379366218131096,smooth20_top25,9,17,0.0,fake,17
vendor_09,0.07686181783541254,0.16024080173463706,smooth5_top25,9,17,0.0,fake,18
vendor_03,-0.042314034262991414,0.12091482914015388,smooth5_top50,9,17,0.015,REAL,19
vendor_29,-0.18241407166107615,0.06884688692267962,smooth5_top25,9,17,0.0,fake,20
vendor_22,-0.23388767983715497,0.057894455183576256,smooth20_all,9,17,0.0,fake,21
vendor_05,-0.32722331469379484,0.008200119477526984,smooth5_all,9,17,0.0,fake,22
vendor_17,-0.6164881760694898,-0.013157718297358994,smooth20_top25,9,17,0.0,fake,23
vendor_10,-0.21431624224302098,-0.028602815933466943,smooth20_all,9,17,0.0,fake,24
vendor_13,-0.10006965026383338,-0.042906533972755734,smooth1_top50,9,17,0.0,fake,25
vendor_18,-0.6968922719475371,-0.061660357403347535,smooth5_top50,9,17,0.0,fake,26
vendor_15,-0.13561802551102578,-0.11529879882209612,smooth1_top50,9,17,0.0,fake,27
vendor_20,-0.6874146415203509,-0.26576051070191514,smooth5_top25,9,17,0.0,fake,28
vendor_25,-0.8583147023999713,-0.3051527097501658,smooth20_all,9,17,0.0,fake,29
vendor_11,-0.45928311966168145,-0.3174426327331247,smooth20_top25,9,17,0.0,fake,30
vendor_00,1.2799670056208616,1.2799670056208616,smooth1_all,9,18,0.03,REAL,1
vendor_01,0.9027954543904987,1.2645353211385448,smooth5_top25,9,18,0.025,REAL,2
vendor_02,1.130004885002881,1.130004885002881,smooth1_all,9,18,0.02,REAL,3
vendor_03,0.5933380233468458,1.0848436154221914,smooth5_all,9,18,0.015,REAL,4
vendor_15,1.0207211502926459,1.031967064740042,smooth1_top25,9,18,0.0,fake,5
vendor_24,0.9876476726970195,0.9876476726970195,smooth1_all,9,18,0.0,fake,6
vendor_29,0.428596480951116,0.8337030508931644,smooth20_top25,9,18,0.0,fake,7
vendor_21,0.27475488749166704,0.7347078201938928,smooth20_top25,9,18,0.0,fake,8
vendor_27,0.7161078713784739,0.7161078713784739,smooth1_all,9,18,0.0,fake,9
vendor_16,0.5053948401587288,0.5260471508739867,smooth1_top25,9,18,0.0,fake,10
vendor_28,0.4765548742014338,0.4765548742014338,smooth1_all,9,18,0.0,fake,11
vendor_14,-0.059478995967248385,0.4575277767096048,smooth5_top50,9,18,0.0,fake,12
vendor_20,0.36292525570649625,0.4521450671025763,smooth1_top25,9,18,0.0,fake,13
vendor_17,-0.6008701308690992,0.4194619788874219,smooth20_top25,9,18,0.0,fake,14
vendor_04,0.39654285742918927,0.39654285742918927,smooth1_all,9,18,0.01,REAL,15
vendor_05,0.06843430759286712,0.33251985844431253,smooth20_top25,9,18,0.0,fake,16
vendor_09,0.28797299098084406,0.30098326823731386,smooth1_top25,9,18,0.0,fake,17
vendor_06,0.2574041920211059,0.28880062157165975,smooth1_top25,9,18,0.0,fake,18
vendor_07,0.16107476385936664,0.2738639830624797,smooth5_all,9,18,0.0,fake,19
vendor_10,-0.5086004748325655,0.20020094265820654,smooth5_top25,9,18,0.0,fake,20
vendor_12,-0.47805603595512025,0.1926108669936708,smooth5_all,9,18,0.0,fake,21
vendor_18,-0.1803592095478924,0.17194018607172196,smooth20_top50,9,18,0.0,fake,22
vendor_23,0.08693649411529246,0.13762268977337688,smooth5_top25,9,18,0.0,fake,23
vendor_25,-0.21264071088278236,0.10937256184229022,smooth5_top50,9,18,0.0,fake,24
vendor_11,0.05949973899751694,0.08418945938195176,smooth1_top25,9,18,0.0,fake,25
vendor_26,0.01557935349875553,0.05201530130500196,smooth1_top25,9,18,0.0,fake,26
vendor_19,-0.13303220514698322,-0.09928991825897311,smooth1_top25,9,18,0.0,fake,27
vendor_13,-0.2021948193071721,-0.11598594156362016,smooth5_all,9,18,0.0,fake,28
vendor_22,-0.48305417607928564,-0.2379836003832049,smooth5_top25,9,18,0.0,fake,29
vendor_08,-0.6225533099772748,-0.5184098895892633,smooth20_top50,9,18,0.0,fake,30
vendor_02,1.2548497996960792,1.8011391046475498,smooth5_top25,9,19,0.02,REAL,1
vendor_00,1.0663149438182582,1.6592065689973037,smooth5_all,9,19,0.03,REAL,2
vendor_03,1.4562148731070217,1.4562148731070217,smooth1_all,9,19,0.015,REAL,3
vendor_01,0.8701749689627618,1.0851971217873495,smooth5_all,9,19,0.025,REAL,4
vendor_07,1.015845778785872,1.0434923342606326,smooth1_top25,9,19,0.0,fake,5
vendor_08,0.1928901116309683,0.7541124687843592,smooth5_top50,9,19,0.0,fake,6
vendor_24,0.7484197633665473,0.7484197633665473,smooth1_all,9,19,0.0,fake,7
vendor_04,0.3517509630221605,0.6822734067156616,smooth5_all,9,19,0.01,REAL,8
vendor_06,0.20515714187585682,0.6713945381310631,smooth20_top50,9,19,0.0,fake,9
vendor_26,0.20015251057007621,0.6434580760137056,smooth20_top25,9,19,0.0,fake,10
vendor_29,0.4749391469174958,0.6101571614091456,smooth5_all,9,19,0.0,fake,11
vendor_25,0.09176911092287002,0.5355501210805437,smooth20_top25,9,19,0.0,fake,12
vendor_14,0.4626545169251591,0.5075607706013765,smooth1_top50,9,19,0.0,fake,13
vendor_20,-0.2384197048830943,0.47103754092968525,smooth5_all,9,19,0.0,fake,14
vendor_19,0.042352280258197296,0.43490928787390426,smooth20_top50,9,19,0.0,fake,15
vendor_10,0.23776837434250073,0.4181465234714055,smooth5_all,9,19,0.0,fake,16
vendor_12,0.3094353770666607,0.3966795612666988,smooth1_top25,9,19,0.0,fake,17
vendor_13,0.2783535375432776,0.3529828748757206,smooth1_top25,9,19,0.0,fake,18
vendor_27,0.0025696334613978535,0.3289361212445219,smooth20_top50,9,19,0.0,fake,19
vendor_22,-0.1574547556587475,0.24991373770062436,smooth20_all,9,19,0.0,fake,20
vendor_09,-0.4903372229327706,0.24152692914038176,smooth20_top50,9,19,0.0,fake,21
vendor_21,0.18617810205550286,0.2098530324221379,smooth1_top50,9,19,0.0,fake,22
vendor_28,-0.08819108876993757,0.12350157381665397,smooth20_all,9,19,0.0,fake,23
vendor_11,-0.015629466185469627,0.08517995855288532,smooth5_top25,9,19,0.0,fake,24
vendor_16,-0.030934359147960867,0.082271944959555,smooth5_top50,9,19,0.0,fake,25
vendor_17,-0.08761854415123764,-0.07805412286738335,smooth1_top50,9,19,0.0,fake,26
vendor_15,-0.16352579844573173,-0.10254809740294205,smooth1_top25,9,19,0.0,fake,27
vendor_23,-0.24238893753116203,-0.17595081564801734,smooth20_top25,9,19,0.0,fake,28
vendor_05,-0.1960840929670344,-0.1960840929670344,smooth1_all,9,19,0.0,fake,29
vendor_18,-0.7940995403313451,-0.6569774782403139,smooth20_all,9,19,0.0,fake,30
vendor_00,1.1158359511613873,1.2105196250085197,smooth5_top50,9,20,0.03,REAL,1
vendor_03,0.4561426940157377,0.8492975315369434,smooth5_all,9,20,0.015,REAL,2
vendor_02,0.8342661383895225,0.8342661383895225,smooth1_all,9,20,0.02,REAL,3
vendor_13,0.41503223166146924,0.6363472665682124,smooth5_top25,9,20,0.0,fake,4
vendor_28,0.035284328784133255,0.6294447933987914,smooth5_top25,9,20,0.0,fake,5
vendor_07,0.5728723509425958,0.611279337095528,smooth1_top50,9,20,0.0,fake,6
vendor_09,0.5071130478192484,0.5927214400636199,smooth1_top25,9,20,0.0,fake,7
vendor_25,0.5802674706730024,0.5884972181756553,smooth1_top25,9,20,0.0,fake,8
vendor_10,0.23636051002842537,0.48584470359610865,smooth20_top25,9,20,0.0,fake,9
vendor_01,0.33591450652363636,0.4812693782434142,smooth5_top25,9,20,0.025,REAL,10
vendor_05,0.36046289796126996,0.44676763138178444,smooth5_all,9,20,0.0,fake,11
vendor_06,0.398469179109977,0.4369126104969481,smooth5_top50,9,20,0.0,fake,12
vendor_19,0.3371065923591835,0.3901954614561795,smooth1_top25,9,20,0.0,fake,13
vendor_04,0.3463720966708073,0.3768898396338442,smooth5_top50,9,20,0.01,REAL,14
vendor_23,-0.03995252889805966,0.34002671608679164,smooth20_top25,9,20,0.0,fake,15
vendor_18,-0.07609454389923875,0.332185790723375,smooth20_top25,9,20,0.0,fake,16
vendor_26,0.25754035795201935,0.32193625024066946,smooth1_top25,9,20,0.0,fake,17
vendor_22,-0.2930080228795269,0.27203850844923366,smooth5_top25,9,20,0.0,fake,18
vendor_15,0.2660271224623776,0.2676283098267485,smooth1_top50,9,20,0.0,fake,19
vendor_14,0.19702528082876508,0.2471309362381351,smooth5_top25,9,20,0.0,fake,20
vendor_27,0.14200724610829654,0.23101892398576676,smooth1_top25,9,20,0.0,fake,21
vendor_21,0.22057262795116034,0.2304344594347746,smooth1_top25,9,20,0.0,fake,22
vendor_11,0.13488958312863453,0.2287178394269199,smooth20_top25,9,20,0.0,fake,23
vendor_20,0.17723655737361035,0.22427656224031273,smooth20_all,9,20,0.0,fake,24
vendor_29,0.07909772600064507,0.17432304323101802,smooth5_top25,9,20,0.0,fake,25
vendor_16,0.12486839829768473,0.15011416427857086,smooth5_top50,9,20,0.0,fake,26
vendor_12,-0.8176989337036789,-0.34377104877579767,smooth5_top50,9,20,0.0,fake,27
vendor_17,-1.0129342852078431,-0.48639980711425607,smooth5_top25,9,20,0.0,fake,28
vendor_08,-0.7822538597652212,-0.5985514259032968,smooth20_top50,9,20,0.0,fake,29
vendor_24,-0.70281692583654,-0.6987910386623741,smooth20_all,9,20,0.0,fake,30
vendor_00,1.5545804781783734,1.6614016225771047,smooth1_top50,9,21,0.03,REAL,1
vendor_02,0.7945165656803914,1.5941799714580602,smooth5_top50,9,21,0.02,REAL,2
vendor_13,1.0277260244728825,1.2535481626187668,smooth5_top25,9,21,0.0,fake,3
vendor_03,0.8946402076861515,0.9153212010456252,smooth1_top25,9,21,0.015,REAL,4
vendor_01,0.8085650522778869,0.8526386466714261,smooth1_top25,9,21,0.025,REAL,5
vendor_22,0.6839369647892297,0.7342496331534674,smooth1_top25,9,21,0.0,fake,6
vendor_10,0.3596508575954079,0.6954440417915231,smooth20_top25,9,21,0.0,fake,7
vendor_14,-0.36976639939690953,0.6354282105950615,smooth20_top50,9,21,0.0,fake,8
vendor_28,0.3579170034485284,0.6194941423706344,smooth5_top25,9,21,0.0,fake,9
vendor_04,0.5234405778418606,0.5333845672114546,smooth1_top50,9,21,0.01,REAL,10
vendor_25,-0.07759102328550639,0.49938470654496553,smooth20_top25,9,21,0.0,fake,11
vendor_05,0.48723687445859476,0.48723687445859476,smooth1_all,9,21,0.0,fake,12
vendor_15,0.4724559146264694,0.48020023886248814,smooth1_top50,9,21,0.0,fake,13
vendor_23,-0.09998828478440602,0.46604719292540303,smooth5_top25,9,21,0.0,fake,14
vendor_18,-0.5459608420321407,0.4626502726197638,smooth20_all,9,21,0.0,fake,15
vendor_12,0.4376281394908196,0.46191842924961646,smooth1_top25,9,21,0.0,fake,16
vendor_27,0.38476945960914893,0.38476945960914893,smooth1_all,9,21,0.0,fake,17
vendor_11,0.06495042094522174,0.34730409396212425,smooth20_top25,9,21,0.0,fake,18
vendor_21,-0.47023656965644384,0.34512638605934953,smooth20_top50,9,21,0.0,fake,19
vendor_16,-0.15413365423043995,0.30117806738456615,smooth5_top25,9,21,0.0,fake,20
vendor_26,-0.1046146176990907,0.29965706390895364,smooth5_top25,9,21,0.0,fake,21
vendor_20,-0.8123227558395248,0.2809337752920301,smooth20_top25,9,21,0.0,fake,22
vendor_06,-0.6333547453265516,0.22626229551476512,smooth20_top25,9,21,0.0,fake,23
vendor_07,-0.028463779003210156,0.15780741938130202,smooth20_top50,9,21,0.0,fake,24
vendor_17,-0.12456306240261367,0.14016442616763486,smooth20_all,9,21,0.0,fake,25
vendor_09,-0.3404025511923763,0.09318259968513962,smooth5_top25,9,21,0.0,fake,26
vendor_08,-0.7470499293912286,0.06580869080049927,smooth20_top50,9,21,0.0,fake,27
vendor_19,-0.20763736413159173,0.0456469863033859,smooth20_top50,9,21,0.0,fake,28
vendor_24,-0.21866009091516023,-0.20136468876580152,smooth1_top25,9,21,0.0,fake,29
vendor_29,-0.7210969946088374,-0.6132975215859156,smooth20_all,9,21,0.0,fake,30
vendor_00,1.4916302876912537,1.5837856765742686,smooth1_top50,9,22,0.03,REAL,1
vendor_01,1.271238838600577,1.271238838600577,smooth1_all,9,22,0.025,REAL,2
vendor_02,1.047292691408808,1.047292691408808,smooth1_all,9,22,0.02,REAL,3
vendor_03,0.3564150566519764,1.0234021605108876,smooth20_top25,9,22,0.015,REAL,4
vendor_25,0.6432877763702294,0.936852312900896,smooth20_top25,9,22,0.0,fake,5
vendor_23,0.05303527176678612,0.7775092845734038,smooth5_all,9,22,0.0,fake,6
vendor_12,0.39284248565911195,0.7601381226329006,smooth20_top25,9,22,0.0,fake,7
vendor_10,0.3203857997276404,0.7522831826496877,smooth5_top25,9,22,0.0,fake,8
vendor_24,0.6121562937483781,0.6371710456354883,smooth1_top50,9,22,0.0,fake,9
vendor_04,0.5048768374662388,0.5048768374662388,smooth1_all,9,22,0.01,REAL,10
vendor_15,-0.3780841035066418,0.4235667012468799,smooth20_top25,9,22,0.0,fake,11
vendor_05,-0.042207187236359175,0.3902523031113416,smooth20_top25,9,22,0.0,fake,12
vendor_28,0.0048805299092296,0.3805995550622177,smooth5_all,9,22,0.0,fake,13
vendor_18,0.2350719773416941,0.33179173774084303,smooth5_top25,9,22,0.0,fake,14
vendor_09,0.15864244915966128,0.29393994379204247,smooth20_all,9,22,0.0,fake,15
vendor_17,0.1676331843587055,0.29200919866632435,smooth5_top25,9,22,0.0,fake,16
vendor_16,-0.4330120893202934,0.2592418213685895,smooth20_top50,9,22,0.0,fake,17
vendor_26,-0.37764827377866206,0.2249353635325905,smooth20_all,9,22,0.0,fake,18
vendor_08,0.1651298894396285,0.1651298894396285,smooth1_all,9,22,0.0,fake,19
vendor_06,0.047821447141767864,0.15897402718262224,smooth1_top25,9,22,0.0,fake,20
vendor_13,0.0780902781325566,0.10008608946925461,smooth1_top50,9,22,0.0,fake,21
vendor_27,-0.10879702010536066,0.09675443056305014,smooth20_all,9,22,0.0,fake,22
vendor_14,0.021481706349279987,0.090780947947104,smooth5_top50,9,22,0.0,fake,23
vendor_20,0.022444844504002835,0.04173421389802862,smooth1_top25,9,22,0.0,fake,24
vendor_21,-0.05109900328522098,-0.016912406582738487,smooth1_top25,9,22,0.0,fake,25
vendor_07,-0.19830619993746526,-0.0635143802435862,smooth1_top25,9,22,0.0,fake,26
vendor_22,-0.3104002041480092,-0.08036266306986317,smooth20_top25,9,22,0.0,fake,27
vendor_11,-0.7016989609289173,-0.11237164310594895,smooth5_all,9,22,0.0,fake,28
vendor_19,-0.3037703451977871,-0.3037703451977871,smooth1_all,9,22,0.0,fake,29
vendor_29,-0.8686396388898822,-0.8096501062300706,smooth1_top25,9,22,0.0,fake,30
vendor_02,1.3606250847909476,1.4126154854212725,smooth1_top50,9,23,0.02,REAL,1
vendor_01,1.3654414662552585,1.3654414662552585,smooth1_all,9,23,0.025,REAL,2
vendor_00,1.2350586170845295,1.236096069010344,smooth1_top50,9,23,0.03,REAL,3
vendor_20,1.136677073281262,1.1805709316625173,smooth1_top25,9,23,0.0,fake,4
vendor_10,0.6094504831952035,1.1259705120978352,smooth5_top25,9,23,0.0,fake,5
vendor_12,0.2869744630113708,1.1201272719361814,smooth20_top25,9,23,0.0,fake,6
vendor_29,0.3105002531363538,1.0789018159661115,smooth5_top50,9,23,0.0,fake,7
vendor_15,0.3626768616949624,0.788333771141538,smooth5_all,9,23,0.0,fake,8
vendor_23,0.5627394461696422,0.6698878982367796,smooth1_top25,9,23,0.0,fake,9
vendor_06,-0.09640275748095428,0.6643541990095353,smooth5_top25,9,23,0.0,fake,10
vendor_04,0.11679635641349609,0.6615951963815768,smooth20_top25,9,23,0.01,REAL,11
vendor_21,0.3449389787535711,0.6329637748238781,smooth20_all,9,23,0.0,fake,12
vendor_17,0.5480412654986766,0.5490633651473729,smooth1_top50,9,23,0.0,fake,13
vendor_22,0.5416704940704298,0.5416704940704298,smooth1_all,9,23,0.0,fake,14
vendor_13,-0.3265172374089396,0.5245907230713581,smooth20_top25,9,23,0.0,fake,15
vendor_24,-0.019553680391135714,0.3929546061598839,smooth5_top50,9,23,0.0,fake,16
vendor_05,0.3574117346000301,0.3926834282209999,smooth1_top50,9,23,0.0,fake,17
vendor_08,0.2024571770949432,0.3769136292373404,smooth5_top25,9,23,0.0,fake,18
vendor_07,0.32469023622047116,0.34797928466039685,smooth1_top50,9,23,0.0,fake,19
vendor_27,-0.08970821392227465,0.32398088815321774,smooth20_top25,9,23,0.0,fake,20
vendor_09,0.14436615717276102,0.2921160322487292,smooth5_all,9,23,0.0,fake,21
vendor_18,0.016719038164404912,0.23370407396884785,smooth20_top25,9,23,0.0,fake,22
vendor_16,-0.24686476079197617,0.19953238671622192,smooth20_top50,9,23,0.0,fake,23
vendor_03,0.18580556360308345,0.1986187413837578,smooth1_top25,9,23,0.015,REAL,24
vendor_26,0.11748407375413036,0.16650119569303135,smooth1_top25,9,23,0.0,fake,25
vendor_19,0.1201260747580054,0.1201260747580054,smooth1_all,9,23,0.0,fake,26
vendor_14,-0.07594370967419158,-0.040881693914023125,smooth1_top50,9,23,0.0,fake,27
vendor_28,-0.26506537221102894,-0.05000876916873928,smooth20_top25,9,23,0.0,fake,28
vendor_11,-0.41400882493239965,-0.11554580340340034,smooth20_top25,9,23,0.0,fake,29
vendor_25,-0.22005150169859558,-0.19039431567788614,smooth1_top25,9,23,0.0,fake,30
vendor_00,1.974927198159091,1.9917876980034532,smooth1_top25,9,24,0.03,REAL,1
vendor_03,1.097000209424349,1.291454909581441,smooth5_all,9,24,0.015,REAL,2
vendor_01,1.2745354268544633,1.2745354268544633,smooth1_all,9,24,0.025,REAL,3
vendor_02,0.8285125738498125,0.8791499321778601,smooth1_top25,9,24,0.02,REAL,4
vendor_07,0.734485493162812,0.734485493162812,smooth1_all,9,24,0.0,fake,5
vendor_04,0.6967335605170292,0.7202776660626303,smooth1_top25,9,24,0.01,REAL,6
vendor_24,0.5940471389160916,0.7105975655162977,smooth1_top25,9,24,0.0,fake,7
vendor_27,0.6618433281292269,0.6634452695438091,smooth1_top25,9,24,0.0,fake,8
vendor_18,-0.03638040958973089,0.5638326593522904,smooth20_all,9,24,0.0,fake,9
vendor_29,0.3708583377509249,0.5602319187965935,smooth5_top25,9,24,0.0,fake,10
vendor_08,0.4099314773219512,0.5373709507309313,smooth1_top25,9,24,0.0,fake,11
vendor_06,-0.6487318282738734,0.5314565921287344,smooth20_top50,9,24,0.0,fake,12
vendor_11,0.4304499608608171,0.5035938107781764,smooth1_top50,9,24,0.0,fake,13
vendor_28,0.44507112915482866,0.4817816269682656,smooth5_all,9,24,0.0,fake,14
vendor_15,0.06485756467014159,0.4556370329422085,smooth20_top25,9,24,0.0,fake,15
vendor_13,0.11415295047088957,0.4544052985003469,smooth20_all,9,24,0.0,fake,16
vendor_05,-0.12725888423336115,0.41048971179801597,smooth5_all,9,24,0.0,fake,17
vendor_23,0.010536829540487585,0.408951812775564,smooth5_top25,9,24,0.0,fake,18
vendor_19,-0.5990780955206031,0.40205445603957213,smooth20_top25,9,24,0.0,fake,19
vendor_21,-0.08626961424220693,0.3901856702020627,smooth5_all,9,24,0.0,fake,20
vendor_26,-0.07935773783960794,0.30062664605502576,smooth5_top50,9,24,0.0,fake,21
vendor_12,0.18286458723475907,0.24022959152817983,smooth20_top25,9,24,0.0,fake,22
vendor_16,0.14385088716256386,0.22046684935513097,smooth1_top25,9,24,0.0,fake,23
vendor_09,-0.11489682895907673,0.1540927987962252,smooth5_all,9,24,0.0,fake,24
vendor_14,-0.018537658531671542,0.14174995919907904,smooth20_top50,9,24,0.0,fake,25
vendor_22,0.08069369549105335,0.08069369549105335,smooth1_all,9,24,0.0,fake,26
vendor_20,0.025775066390234715,0.057052510309578815,smooth1_top50,9,24,0.0,fake,27
vendor_25,-0.1843514516358382,0.04031808250764539,smooth5_all,9,24,0.0,fake,28
vendor_10,-0.7188052830198814,-0.2673055442974218,smooth20_top50,9,24,0.0,fake,29
vendor_17,-0.3857483745028465,-0.3123312424173915,smooth5_top25,9,24,0.0,fake,30
vendor_01,2.0278852061215744,2.0947039043861353,smooth1_top50,9,25,0.025,REAL,1
vendor_00,1.6208186030089227,1.8965682399050725,smooth20_all,9,25,0.03,REAL,2
vendor_02,1.3441983168511429,1.3807187697712953,smooth1_top50,9,25,0.02,REAL,3
vendor_17,0.2728596195678045,1.2830840020577237,smooth20_all,9,25,0.0,fake,4
vendor_24,0.33347841179153237,0.8574928663130326,smooth20_top25,9,25,0.0,fake,5
vendor_04,-0.42330879673301147,0.8556712838612138,smooth20_top50,9,25,0.01,REAL,6
vendor_05,0.44428324658575846,0.7109586633947681,smooth20_top25,9,25,0.0,fake,7
vendor_03,0.7018365816638991,0.7018365816638991,smooth1_all,9,25,0.015,REAL,8
vendor_23,0.6211703104878658,0.6908968217034887,smooth1_top50,9,25,0.0,fake,9
vendor_15,0.03543936430435373,0.5443624913760323,smooth5_top25,9,25,0.0,fake,10
vendor_20,0.5434955570435382,0.5434955570435382,smooth1_all,9,25,0.0,fake,11
vendor_07,-0.36321243239879186,0.49522364873591423,smooth20_all,9,25,0.0,fake,12
vendor_18,-0.04100331517927805,0.4687989062607515,smooth5_all,9,25,0.0,fake,13
vendor_10,0.41438587762674006,0.44590732114483345,smooth1_top25,9,25,0.0,fake,14
vendor_19,0.31414265296574645,0.31414265296574645,smooth1_all,9,25,0.0,fake,15
vendor_08,-0.08455873593778447,0.3050331524660963,smooth20_all,9,25,0.0,fake,16
vendor_21,0.28497212839060737,0.29717782991807407,smooth20_all,9,25,0.0,fake,17
vendor_28,-0.09604211959548661,0.22700466705663838,smooth5_top25,9,25,0.0,fake,18
vendor_25,-0.05094001740788089,0.19835667505208648,smooth20_all,9,25,0.0,fake,19
vendor_11,-0.03686839335274656,0.17251535053024936,smooth5_top25,9,25,0.0,fake,20
vendor_14,0.07325216314752668,0.16783973424675758,smooth5_top50,9,25,0.0,fake,21
vendor_29,0.09794025339330596,0.14009612792480508,smooth1_top25,9,25,0.0,fake,22
vendor_13,0.06631902986320437,0.11493103622005109,smooth1_top25,9,25,0.0,fake,23
vendor_16,-0.09762233075560012,0.04398717703905855,smooth5_top50,9,25,0.0,fake,24
vendor_09,-0.20368652956493305,0.027603794603167035,smooth20_all,9,25,0.0,fake,25
vendor_22,0.00048175928317735906,0.00048175928317735906,smooth1_all,9,25,0.0,fake,26
vendor_06,-0.16458115477875132,-0.09361809005743553,smooth1_top25,9,25,0.0,fake,27
vendor_27,-0.39832380673990714,-0.20463073992548225,smooth20_all,9,25,0.0,fake,28
vendor_12,-0.4584700111544136,-0.2785977284544418,smooth5_top50,9,25,0.0,fake,29
vendor_26,-0.9227759938782575,-0.28175861267299884,smooth5_top50,9,25,0.0,fake,30
vendor_00,1.4179217042472487,1.5433548828591515,smooth5_all,9,26,0.03,REAL,1
vendor_02,1.2547914566260838,1.2547914566260838,smooth1_all,9,26,0.02,REAL,2
vendor_03,1.1477794760185767,1.1477794760185767,smooth1_all,9,26,0.015,REAL,3
vendor_01,1.033157072244015,1.1439993555288939,smooth20_top50,9,26,0.025,REAL,4
vendor_10,0.49087009056153336,0.7542059195547476,smooth5_top50,9,26,0.0,fake,5
vendor_15,0.398186407340233,0.7506132862274182,smooth20_top25,9,26,0.0,fake,6
vendor_19,0.6185008468616652,0.682052351450704,smooth1_top25,9,26,0.0,fake,7
vendor_25,-0.1294134906882038,0.6723497831298245,smooth20_top25,9,26,0.0,fake,8
vendor_04,0.06645684008885727,0.5965012306149031,smooth5_top50,9,26,0.01,REAL,9
vendor_28,0.35072941943617547,0.5917983298608813,smooth20_top50,9,26,0.0,fake,10
vendor_23,0.1293225771865446,0.47011382255266554,smooth5_top25,9,26,0.0,fake,11
vendor_14,-0.11465006599353164,0.4671515359967819,smooth20_top50,9,26,0.0,fake,12
vendor_06,0.43288002108834084,0.45847361248368046,smooth1_top50,9,26,0.0,fake,13
vendor_22,0.33597934785119643,0.4362047233124383,smooth20_top25,9,26,0.0,fake,14
vendor_12,0.4108100631072882,0.41322869931147654,smooth1_top50,9,26,0.0,fake,15
vendor_13,0.2514177910455521,0.40938967870332893,smooth20_all,9,26,0.0,fake,16
vendor_20,0.37595640533023855,0.37595640533023855,smooth1_all,9,26,0.0,fake,17
vendor_05,-0.46670275261509947,0.3547694534969064,smooth20_top25,9,26,0.0,fake,18
vendor_18,-0.5151066782302539,0.3310996156456795,smooth20_all,9,26,0.0,fake,19
vendor_26,0.2558361664069294,0.2845933499716675,smooth5_all,9,26,0.0,fake,20
vendor_29,0.1360058444528642,0.26126296338666094,smooth20_all,9,26,0.0,fake,21
vendor_09,0.08363948395715834,0.1807489365511643,smooth1_top50,9,26,0.0,fake,22
vendor_27,0.16540282995268857,0.16540282995268857,smooth1_all,9,26,0.0,fake,23
vendor_17,-0.18455550042057514,0.1396149282116912,smooth20_top50,9,26,0.0,fake,24
vendor_24,-0.1722554315418847,0.09395604197052322,smooth20_all,9,26,0.0,fake,25
vendor_11,0.0012149196226074854,0.07415283529841572,smooth5_top50,9,26,0.0,fake,26
vendor_07,-0.016505398976636748,0.045742033399139,smooth1_top25,9,26,0.0,fake,27
vendor_21,-0.7482624016720225,-0.29527151709355665,smooth20_top25,9,26,0.0,fake,28
vendor_16,-0.3885865997916604,-0.33384971636202615,smooth1_top50,9,26,0.0,fake,29
vendor_08,-0.5508506208447259,-0.5139807102064431,smooth1_top25,9,26,0.0,fake,30
vendor_00,1.2653536853777687,1.9389713938564634,smooth5_top50,9,27,0.03,REAL,1
vendor_01,1.7116651850264375,1.7116651850264375,smooth1_all,9,27,0.025,REAL,2
vendor_03,0.47213086425462564,1.1175261273070662,smooth5_all,9,27,0.015,REAL,3
vendor_26,0.6174998449179876,1.02510905376118,smooth5_top50,9,27,0.0,fake,4
vendor_20,0.8962106287230536,1.0019812819680607,smooth1_top25,9,27,0.0,fake,5
vendor_04,0.9681119424885416,0.9698001452483476,smooth1_top50,9,27,0.01,REAL,6
vendor_07,0.13244639254091262,0.9507389575031377,smooth20_top25,9,27,0.0,fake,7
vendor_14,-0.1415357113365836,0.7667511384799919,smooth20_all,9,27,0.0,fake,8
vendor_16,0.3427347137694969,0.6909908649909988,smooth5_top25,9,27,0.0,fake,9
vendor_11,0.26131424569714806,0.5472667852928438,smooth5_all,9,27,0.0,fake,10
vendor_09,-0.3071704487043222,0.49735665866824835,smooth5_top25,9,27,0.0,fake,11
vendor_02,0.48771289861866074,0.48771289861866074,smooth1_all,9,27,0.02,REAL,12
vendor_12,-0.11890203185116463,0.4388399009916323,smooth20_all,9,27,0.0,fake,13
vendor_18,-0.3800985996908553,0.39335284944090926,smooth20_top25,9,27,0.0,fake,14
vendor_29,-0.3641415192218658,0.3568012046646207,smooth20_top25,9,27,0.0,fake,15
vendor_19,-0.11075794609761262,0.3052892036056214,smooth20_top50,9,27,0.0,fake,16
vendor_13,0.30478423633460316,0.30478423633460316,smooth1_all,9,27,0.0,fake,17
vendor_10,0.29189603766366595,0.29189603766366595,smooth1_all,9,27,0.0,fake,18
vendor_22,0.2119106056226117,0.2578118956537649,smooth1_top25,9,27,0.0,fake,19
vendor_17,-0.16643043526518703,0.2431014978312771,smooth20_top50,9,27,0.0,fake,20
vendor_28,0.2113606008330292,0.2229097576393579,smooth1_top50,9,27,0.0,fake,21
vendor_06,-0.0912329867992538,0.19567152977958588,smooth5_all,9,27,0.0,fake,22
vendor_21,-0.0801799468116111,0.0664755871600104,smooth20_top25,9,27,0.0,fake,23
vendor_24,-0.7938824283244164,0.03973634023446815,smooth5_top25,9,27,0.0,fake,24
vendor_05,-0.15847334162649207,0.016036713992979398,smooth5_top25,9,27,0.0,fake,25
vendor_23,-0.23006257101140365,-0.0340499768964739,smooth5_top50,9,27,0.0,fake,26
vendor_15,-0.19356720583667533,-0.08485388461544553,smooth5_all,9,27,0.0,fake,27
vendor_08,-0.2974004878629372,-0.24316115901990665,smooth20_top25,9,27,0.0,fake,28
vendor_25,-0.29488402265089564,-0.29488402265089564,smooth1_all,9,27,0.0,fake,29
vendor_27,-0.5897593218232623,-0.3363508312991735,smooth20_top25,9,27,0.0,fake,30
vendor_00,1.632398681328186,1.6494420431170063,smooth1_top25,9,28,0.03,REAL,1
vendor_01,1.4023886565874777,1.5006631786790896,smooth1_top25,9,28,0.025,REAL,2
vendor_02,1.2483266602283305,1.2908702953821376,smooth1_top50,9,28,0.02,REAL,3
vendor_11,0.06180210721122826,1.182858619645742,smooth20_top50,9,28,0.0,fake,4
vendor_04,1.0606453165802294,1.0606453165802294,smooth1_all,9,28,0.01,REAL,5
vendor_23,0.6859530317550262,0.867053309273899,smooth20_top50,9,28,0.0,fake,6
vendor_28,0.21854696266131482,0.7879955743429474,smooth20_top25,9,28,0.0,fake,7
vendor_29,0.7374451089194632,0.7491467040354973,smooth1_top50,9,28,0.0,fake,8
vendor_12,0.688003309587789,0.7115569468721723,smooth1_top50,9,28,0.0,fake,9
vendor_26,0.4543789894262326,0.6223380797430808,smooth5_top25,9,28,0.0,fake,10
vendor_22,0.37688117727884496,0.5491837373433488,smooth1_top25,9,28,0.0,fake,11
vendor_03,0.5300961066783588,0.5300961066783588,smooth1_all,9,28,0.015,REAL,12
vendor_07,0.30047371726628647,0.4104852582122008,smooth5_all,9,28,0.0,fake,13
vendor_25,-0.7907227343028554,0.3317652629638872,smooth20_top50,9,28,0.0,fake,14
vendor_27,0.00018099935443663992,0.3193757894702898,smooth5_top50,9,28,0.0,fake,15
vendor_10,0.2530664557950446,0.3133395959540699,smooth1_top50,9,28,0.0,fake,16
vendor_14,0.2922236741694223,0.2922236741694223,smooth1_all,9,28,0.0,fake,17
vendor_08,-0.13509735517279106,0.2772070871514982,smooth20_all,9,28,0.0,fake,18
vendor_20,-0.1855091292821788,0.16795726853872922,smooth20_top50,9,28,0.0,fake,19
vendor_16,0.008786248794349421,0.06559528617940076,smooth1_top50,9,28,0.0,fake,20
vendor_21,-0.11928927689972713,0.04163230204587887,smooth1_top25,9,28,0.0,fake,21
vendor_18,-0.30205643852751124,0.020639545414063303,smooth5_top50,9,28,0.0,fake,22
vendor_17,-0.5422370322449286,0.015225842613258623,smooth20_all,9,28,0.0,fake,23
vendor_19,-0.4399267743276682,-0.13290891041688443,smooth20_all,9,28,0.0,fake,24
vendor_15,-0.21334698259063653,-0.1341570410084514,smooth5_all,9,28,0.0,fake,25
vendor_09,-1.0004802838421327,-0.14706986014371173,smooth20_top25,9,28,0.0,fake,26
vendor_24,-0.7754630625976494,-0.19340984913020254,smooth20_top50,9,28,0.0,fake,27
vendor_06,-0.4834940774243779,-0.2504866778859058,smooth5_top25,9,28,0.0,fake,28
vendor_13,-0.283915673065697,-0.26106385372991286,smooth1_top25,9,28,0.0,fake,29
vendor_05,-0.3532983942411515,-0.27055910293622276,smooth1_top25,9,28,0.0,fake,30
vendor_00,1.3234918495271135,1.6868208575485584,smooth5_top25,9,29,0.03,REAL,1
vendor_02,1.0214285498266553,1.4671230047008799,smooth5_all,9,29,0.02,REAL,2
vendor_01,1.2647853573481207,1.2647853573481207,smooth1_all,9,29,0.025,REAL,3
vendor_03,0.8546524583997869,0.9553038657561985,smooth20_all,9,29,0.015,REAL,4
vendor_04,0.7498556103521935,0.7811953021910918,smooth1_top25,9,29,0.01,REAL,5
vendor_28,0.632742465368726,0.6848499324670118,smooth1_top50,9,29,0.0,fake,6
vendor_09,0.5368879285235486,0.5815948853360932,smooth1_top50,9,29,0.0,fake,7
vendor_15,0.44266882871820107,0.5231346973959764,smooth5_top25,9,29,0.0,fake,8
vendor_21,0.45741874711751046,0.49938112189188427,smooth1_top25,9,29,0.0,fake,9
vendor_18,0.43988692694414094,0.43988692694414094,smooth1_all,9,29,0.0,fake,10
vendor_13,0.33144407551445854,0.3929782994868039,smooth20_top50,9,29,0.0,fake,11
vendor_23,-0.40574596735852536,0.3589824653350233,smooth20_top50,9,29,0.0,fake,12
vendor_06,-0.6914418998048169,0.35639736437562686,smooth20_top50,9,29,0.0,fake,13
vendor_22,0.3018756962208111,0.34855670440858993,smooth1_top50,9,29,0.0,fake,14
vendor_25,-0.07244685158925761,0.34102508904497303,smooth20_all,9,29,0.0,fake,15
vendor_20,0.22670722421798922,0.3168008505838477,smooth5_top50,9,29,0.0,fake,16
vendor_08,0.24827306720213674,0.258826043861495,smooth1_top50,9,29,0.0,fake,17
vendor_27,-0.37395351218216644,0.23846775498733874,smooth20_top25,9,29,0.0,fake,18
vendor_11,0.06562655785557017,0.22945682198144113,smooth5_top25,9,29,0.0,fake,19
vendor_05,0.07931826323585306,0.2197027871006638,smooth20_top25,9,29,0.0,fake,20
vendor_10,-0.42121173541708185,0.21397272591939595,smooth20_top50,9,29,0.0,fake,21
vendor_26,0.09779131149716333,0.1705408036820473,smooth20_top25,9,29,0.0,fake,22
vendor_24,0.09030062388538121,0.1553040859554351,smooth1_top25,9,29,0.0,fake,23
vendor_16,-0.7204240721521583,0.10211015131646538,smooth20_top50,9,29,0.0,fake,24
vendor_29,-0.018618097928352978,0.08222869853972639,smooth20_top25,9,29,0.0,fake,25
vendor_14,-0.30382059566318814,-0.27745879561679204,smooth1_top25,9,29,0.0,fake,26
vendor_19,-0.37250000904102654,-0.2892318322316386,smooth1_top25,9,29,0.0,fake,27
vendor_12,-0.6780688157310581,-0.37404790617853684,smooth5_all,9,29,0.0,fake,28
vendor_17,-0.47108333268029573,-0.38118054378304034,smooth1_top25,9,29,0.0,fake,29
vendor_07,-0.5043233107246068,-0.3868222613280103,smooth20_top25,9,29,0.0,fake,30
vendor_00,2.1476192905174627,2.1476192905174627,smooth1_all,9,30,0.03,REAL,1
vendor_01,1.8056550148602863,1.8232090199061126,smooth1_top50,9,30,0.025,REAL,2
vendor_19,0.5451420017935249,1.1831639713244648,smooth20_top25,9,30,0.0,fake,3
vendor_02,1.0268183266766255,1.1041250774587221,smooth20_all,9,30,0.02,REAL,4
vendor_10,0.007881323693264554,0.9721005233102123,smooth20_top25,9,30,0.0,fake,5
vendor_25,0.2180385063499879,0.7866079312794413,smooth5_top50,9,30,0.0,fake,6
vendor_14,0.7230597963215397,0.7230597963215397,smooth1_all,9,30,0.0,fake,7
vendor_04,0.5917632765988652,0.7021340048587799,smooth20_top25,9,30,0.01,REAL,8
vendor_15,0.633492836888868,0.6544720194963024,smooth1_top25,9,30,0.0,fake,9
vendor_22,0.01195680937718071,0.5746884201717549,smooth20_top25,9,30,0.0,fake,10
vendor_20,0.5678427028369111,0.5678427028369111,smooth1_all,9,30,0.0,fake,11
vendor_08,0.2130234402806246,0.5583666070430096,smooth20_top25,9,30,0.0,fake,12
vendor_23,0.4138001980414449,0.44219891583847265,smooth1_top25,9,30,0.0,fake,13
vendor_05,0.43486120006262374,0.43486120006262374,smooth1_all,9,30,0.0,fake,14
vendor_11,0.05039045671301567,0.3992357942866889,smooth20_top25,9,30,0.0,fake,15
vendor_28,-0.4717586182179957,0.3979998532393934,smooth20_top25,9,30,0.0,fake,16
vendor_26,-0.14220560714398148,0.31947021706440887,smooth5_all,9,30,0.0,fake,17
vendor_18,0.26399803787537957,0.26399803787537957,smooth1_all,9,30,0.0,fake,18
vendor_06,-0.019260637752691007,0.2612774159220461,smooth5_top25,9,30,0.0,fake,19
vendor_13,-0.1578438880311141,0.24303653507767511,smooth5_all,9,30,0.0,fake,20
vendor_24,-0.2539919317292253,0.2004592019507719,smooth20_all,9,30,0.0,fake,21
vendor_03,0.1151797526854388,0.1824768617460277,smooth1_top50,9,30,0.015,REAL,22
vendor_27,0.038657579003459015,0.17117828548177516,smooth1_top25,9,30,0.0,fake,23
vendor_21,0.07700963585768228,0.11593982248304799,smooth1_top50,9,30,0.0,fake,24
vendor_12,-0.027222369596788552,0.11280740991155176,smooth20_all,9,30,0.0,fake,25
vendor_29,-0.2788957450129183,0.07971783435201131,smooth5_top50,9,30,0.0,fake,26
vendor_07,0.04005383055796278,0.04005383055796278,smooth1_all,9,30,0.0,fake,27
vendor_17,-0.2720189618482253,-0.023246849298469572,smooth20_top25,9,30,0.0,fake,28
vendor_09,-0.4136202761443609,-0.2009743772086159,smooth5_top50,9,30,0.0,fake,29
vendor_16,-0.36770598031137536,-0.36770598031137536,smooth1_all,9,30,0.0,fake,30
vendor_00,1.5661426204264925,1.729319881085787,smooth5_all,9,31,0.03,REAL,1
vendor_01,1.3930237029396124,1.3930237029396124,smooth1_all,9,31,0.025,REAL,2
vendor_02,0.6241176604303367,1.1785478969298897,smooth20_top50,9,31,0.02,REAL,3
vendor_15,0.9430100574220868,0.9957902442924357,smooth1_top50,9,31,0.0,fake,4
vendor_05,0.45288666785449566,0.7468269377144611,smooth20_top50,9,31,0.0,fake,5
vendor_07,0.08274616855225632,0.7454676149351848,smooth20_top25,9,31,0.0,fake,6
vendor_17,0.6523455066490579,0.7258706406423965,smooth1_top25,9,31,0.0,fake,7
vendor_29,0.08866602221052187,0.7222492208797197,smooth5_top25,9,31,0.0,fake,8
vendor_08,-0.32076326043825343,0.6694528924361727,smooth5_top50,9,31,0.0,fake,9
vendor_11,0.3842262162300015,0.5944361008328253,smooth5_all,9,31,0.0,fake,10
vendor_12,-0.11079196535230976,0.5688262278657045,smooth20_all,9,31,0.0,fake,11
vendor_24,0.4968027925251924,0.5381102334541955,smooth1_top25,9,31,0.0,fake,12
vendor_28,0.07496461551918572,0.490730896793741,smooth20_top50,9,31,0.0,fake,13
vendor_27,0.42779194265411347,0.4705697143028346,smooth1_top25,9,31,0.0,fake,14
vendor_20,-0.5880325966115115,0.43519076575880045,smooth20_top50,9,31,0.0,fake,15
vendor_23,0.43211161404406434,0.43211161404406434,smooth1_all,9,31,0.0,fake,16
vendor_03,0.23946032570188383,0.43174884848342454,smooth20_top25,9,31,0.015,REAL,17
vendor_04,0.2874161963944366,0.3782009522212508,smooth20_top50,9,31,0.01,REAL,18
vendor_16,0.3778048898949726,0.3778048898949726,smooth1_all,9,31,0.0,fake,19
vendor_18,0.12204851365013293,0.3573709783160863,smooth20_all,9,31,0.0,fake,20
vendor_10,-0.016931279472023535,0.3493998788544922,smooth5_top25,9,31,0.0,fake,21
vendor_26,0.29633735813808176,0.34581062631103127,smooth1_top50,9,31,0.0,fake,22
vendor_09,-0.06545808108852484,0.09174990480032609,smooth5_top25,9,31,0.0,fake,23
vendor_14,-0.0514648140635389,-0.025043684330419844,smooth20_top25,9,31,0.0,fake,24
vendor_13,-0.11754703028602624,-0.05286385178597762,smooth5_top25,9,31,0.0,fake,25
vendor_19,-0.10748461277980027,-0.05975434925720652,smooth1_top50,9,31,0.0,fake,26
vendor_06,-0.1432818955785455,-0.0716858656331548,smooth1_top25,9,31,0.0,fake,27
vendor_25,-0.4413355982313921,-0.4061422473695895,smooth1_top50,9,31,0.0,fake,28
vendor_21,-0.9576834399556011,-0.6294329688785754,smooth20_top50,9,31,0.0,fake,29
vendor_22,-1.054785068198037,-0.6914504449956665,smooth20_all,9,31,0.0,fake,30
vendor_00,1.1578648730685381,1.5624516755592324,smooth5_all,9,32,0.03,REAL,1
vendor_01,1.176575768281892,1.2268281737657976,smooth1_top25,9,32,0.025,REAL,2
vendor_02,1.1554900652271358,1.1562107454517039,smooth1_top25,9,32,0.02,REAL,3
vendor_20,0.9690499026333411,1.012918041402799,smooth1_top50,9,32,0.0,fake,4
vendor_29,-0.025026532484887135,1.004320963018131,smooth5_top25,9,32,0.0,fake,5
vendor_24,0.9566741673759033,0.957828577247397,smooth5_top25,9,32,0.0,fake,6
vendor_03,0.5589010345467196,0.943901662676693,smooth20_top25,9,32,0.015,REAL,7
vendor_26,0.6667234155620998,0.8831125149736145,smooth5_top25,9,32,0.0,fake,8
vendor_15,0.7766345216848748,0.8359264566594101,smooth1_top25,9,32,0.0,fake,9
vendor_19,0.815035994568725,0.815035994568725,smooth1_all,9,32,0.0,fake,10
vendor_07,0.715229356638775,0.7565020036063852,smooth1_top50,9,32,0.0,fake,11
vendor_17,0.43915390186017944,0.7346843943530603,smooth20_top50,9,32,0.0,fake,12
vendor_25,0.6656012092264333,0.6891444580846832,smooth1_top25,9,32,0.0,fake,13
vendor_16,0.44272741982461594,0.6221437009579803,smooth1_top25,9,32,0.0,fake,14
vendor_09,0.29914484377883577,0.5928830483463324,smooth5_top25,9,32,0.0,fake,15
vendor_21,-0.008069350881547789,0.5800060413519403,smooth5_all,9,32,0.0,fake,16
vendor_04,0.40854764176313413,0.5660174391586568,smooth20_top50,9,32,0.01,REAL,17
vendor_08,-0.052844957110149846,0.4303670409605644,smooth20_all,9,32,0.0,fake,18
vendor_05,-0.40560376375497237,0.2890729165677984,smooth20_top25,9,32,0.0,fake,19
vendor_10,0.028869614704436282,0.2656131523518739,smooth5_all,9,32,0.0,fake,20
vendor_28,-0.18041344297271192,0.2538722337347388,smooth20_top25,9,32,0.0,fake,21
vendor_22,-0.353315094523588,0.20218342914727644,smooth20_top25,9,32,0.0,fake,22
vendor_27,0.03851471509924871,0.18745801012523475,smooth20_top50,9,32,0.0,fake,23
vendor_06,-0.4006086478085177,0.17744740518745203,smooth20_top50,9,32,0.0,fake,24
vendor_13,0.002168096909286697,0.11270210108434094,smooth20_top50,9,32,0.0,fake,25
vendor_23,0.07670253004163596,0.09747933284195527,smooth1_top25,9,32,0.0,fake,26
vendor_14,0.03319526509134092,0.08232481997920053,smooth1_top50,9,32,0.0,fake,27
vendor_18,-0.22547472330578827,0.05118780619834984,smooth20_top25,9,32,0.0,fake,28
vendor_12,-0.7757392745810952,-0.23784632071204231,smooth5_top50,9,32,0.0,fake,29
vendor_11,-0.36447176560721994,-0.2634483272891793,smooth1_top50,9,32,0.0,fake,30
vendor_01,1.8046725195542574,1.8997590478389128,smooth1_top25,9,33,0.025,REAL,1
vendor_02,1.73046816383705,1.73046816383705,smooth1_all,9,33,0.02,REAL,2
vendor_04,1.4858915316559378,1.5723371936413837,smooth1_top25,9,33,0.01,REAL,3
vendor_00,1.391571425757537,1.5181766788489945,smooth5_all,9,33,0.03,REAL,4
vendor_24,0.8096363783615736,0.8804945132206461,smooth1_top50,9,33,0.0,fake,5
vendor_12,0.5520844620681615,0.5520844620681615,smooth1_all,9,33,0.0,fake,6
vendor_03,0.39603549176732605,0.5244947904411996,smooth5_top50,9,33,0.015,REAL,7
vendor_15,-0.026072311440924884,0.5128431675368699,smooth20_all,9,33,0.0,fake,8
vendor_20,-0.1104397937982784,0.4345599500314764,smooth20_all,9,33,0.0,fake,9
vendor_14,0.27822954792601506,0.3904428677130474,smooth20_top25,9,33,0.0,fake,10
vendor_26,-0.2870702830881347,0.31666710756532485,smooth20_all,9,33,0.0,fake,11
vendor_08,0.07433349649186748,0.3151493016228187,smooth20_all,9,33,0.0,fake,12
vendor_21,0.2857424437556261,0.309695713515541,smooth1_top50,9,33,0.0,fake,13
vendor_13,-0.27136915984329785,0.280757262170858,smooth20_top50,9,33,0.0,fake,14
vendor_19,-0.17439087773921433,0.26882958214434766,smooth20_all,9,33,0.0,fake,15
vendor_27,-0.24930320085288615,0.251405453744482,smooth20_top25,9,33,0.0,fake,16
vendor_25,0.2446280483857108,0.2446280483857108,smooth1_all,9,33,0.0,fake,17
vendor_10,-0.28920802485259123,0.23093938482661322,smooth5_top25,9,33,0.0,fake,18
vendor_06,-0.06975330698657127,0.2202491741689205,smooth20_top25,9,33,0.0,fake,19
vendor_09,-0.19383028807292962,0.17210375355957372,smooth5_top50,9,33,0.0,fake,20
vendor_07,0.15621394087855062,0.15678519794069315,smooth1_top25,9,33,0.0,fake,21
vendor_29,-0.47585550230052553,0.052415734931269345,smooth20_top50,9,33,0.0,fake,22
vendor_28,-0.030710844864530636,0.029206458013480072,smooth1_top25,9,33,0.0,fake,23
vendor_05,-0.04520271168383915,-0.04520271168383915,smooth1_all,9,33,0.0,fake,24
vendor_22,-0.13362187183369534,-0.06659850238950539,smooth1_top25,9,33,0.0,fake,25
vendor_18,-0.2368993579459063,-0.20548053289910598,smooth20_top25,9,33,0.0,fake,26
vendor_16,-0.3643461797505253,-0.2251173941838602,smooth20_top50,9,33,0.0,fake,27
vendor_23,-0.2700898301158271,-0.26801124972947077,smooth1_top50,9,33,0.0,fake,28
vendor_11,-0.26938538145899876,-0.26938538145899876,smooth1_all,9,33,0.0,fake,29
vendor_17,-0.6820149358340352,-0.3890451116103188,smooth20_all,9,33,0.0,fake,30
vendor_00,1.5259448888068148,1.5259448888068148,smooth1_all,9,34,0.03,REAL,1
vendor_01,1.1933132149316406,1.4452317331649365,smooth20_top25,9,34,0.025,REAL,2
vendor_27,0.8103593878955296,1.4353254193187026,smooth20_top50,9,34,0.0,fake,3
vendor_04,0.0990571823723647,1.0498596958802582,smooth20_top25,9,34,0.01,REAL,4
vendor_02,0.9664324236899475,0.9664324236899475,smooth1_all,9,34,0.02,REAL,5
vendor_06,0.22300931642257796,0.860630144652546,smooth20_top50,9,34,0.0,fake,6
vendor_19,0.7962241195766945,0.7962241195766945,smooth1_all,9,34,0.0,fake,7
vendor_25,0.7729958986009796,0.794695210549727,smooth1_top25,9,34,0.0,fake,8
vendor_11,-0.9445014018722794,0.626693894856845,smooth20_top50,9,34,0.0,fake,9
vendor_07,0.10381784759313985,0.5539773963310837,smooth20_top50,9,34,0.0,fake,10
vendor_28,0.4828578747732971,0.5382037746051256,smooth1_top25,9,34,0.0,fake,11
vendor_15,0.513467450551948,0.513467450551948,smooth1_all,9,34,0.0,fake,12
vendor_17,-0.006961504943389586,0.40355671008642807,smooth20_top25,9,34,0.0,fake,13
vendor_03,0.12397480322858609,0.39620406955510246,smooth20_top25,9,34,0.015,REAL,14
vendor_22,-0.1595513539440437,0.3042992234482842,smooth5_top25,9,34,0.0,fake,15
vendor_10,0.22573450286303604,0.30343338242368506,smooth1_top50,9,34,0.0,fake,16
vendor_13,0.17757321010578359,0.2992317029114553,smooth5_top25,9,34,0.0,fake,17
vendor_20,0.2943283215594445,0.2943283215594445,smooth1_all,9,34,0.0,fake,18
vendor_29,-0.39883120853232934,0.1834190668079007,smooth5_all,9,34,0.0,fake,19
vendor_18,-0.3576390735163045,0.18132589005835523,smooth5_all,9,34,0.0,fake,20
vendor_21,0.03937642679147613,0.17277955064993475,smooth1_top25,9,34,0.0,fake,21
vendor_08,-0.5968997186709607,0.12077658072408237,smooth5_all,9,34,0.0,fake,22
vendor_16,-0.42800912502181504,0.041420091788816796,smooth20_all,9,34,0.0,fake,23
vendor_24,-0.047338484645553354,0.010525177250500612,smooth5_top25,9,34,0.0,fake,24
vendor_23,-0.17941316162201382,0.0040347218958481056,smooth20_top50,9,34,0.0,fake,25
vendor_26,-0.02814698220980598,-0.004399612375357001,smooth1_top50,9,34,0.0,fake,26
vendor_12,-0.13526332176754166,-0.09471389481389018,smooth5_top25,9,34,0.0,fake,27
vendor_05,-0.8520865822977298,-0.13735265697098098,smooth5_top25,9,34,0.0,fake,28
vendor_09,-0.2612885433816666,-0.18404087661263382,smooth5_top25,9,34,0.0,fake,29
vendor_14,-0.5761733673174055,-0.43940920608849615,smooth5_top50,9,34,0.0,fake,30
vendor_00,1.972359471691128,1.972359471691128,smooth1_all,9,35,0.03,REAL,1
vendor_01,1.0562241157049532,1.1749480583292977,smooth5_top50,9,35,0.025,REAL,2
vendor_04,0.34855388081211947,1.0975598561467048,smooth20_top50,9,35,0.01,REAL,3
vendor_25,0.9616030965822083,0.9809784515891804,smooth1_top50,9,35,0.0,fake,4
vendor_20,0.21684959677207594,0.9445929764783165,smooth20_top25,9,35,0.0,fake,5
vendor_02,0.8362115904163311,0.920618713354444,smooth1_top25,9,35,0.02,REAL,6
vendor_15,0.290447736577738,0.7406078347340366,smooth5_top50,9,35,0.0,fake,7
vendor_03,0.5348910029313061,0.7016798043063079,smooth5_top50,9,35,0.015,REAL,8
vendor_24,-0.013395783167970491,0.671305632565632,smooth5_top25,9,35,0.0,fake,9
vendor_19,0.013272634783294246,0.6694725657922993,smooth5_all,9,35,0.0,fake,10
vendor_23,0.6599883377045973,0.6599883377045973,smooth1_all,9,35,0.0,fake,11
vendor_05,0.27327690206937094,0.6339618130783449,smooth20_top25,9,35,0.0,fake,12
vendor_27,0.539796503264291,0.6075039330496135,smooth1_top25,9,35,0.0,fake,13
vendor_13,-0.18212836573003421,0.6042471843998052,smooth20_all,9,35,0.0,fake,14
vendor_26,-0.40065326317753486,0.5059670834302774,smooth20_all,9,35,0.0,fake,15
vendor_10,0.5049214610245709,0.5049214610245709,smooth1_all,9,35,0.0,fake,16
vendor_22,0.3480181774189992,0.44814098355880116,smooth1_top25,9,35,0.0,fake,17
vendor_06,-0.5755453791509324,0.4264363011609401,smooth5_all,9,35,0.0,fake,18
vendor_17,0.1914931496918501,0.413759200166701,smooth20_top50,9,35,0.0,fake,19
vendor_29,-0.11286289395161311,0.3566432563978939,smooth5_all,9,35,0.0,fake,20
vendor_07,0.34481281892613763,0.34481281892613763,smooth1_all,9,35,0.0,fake,21
vendor_21,0.3028295775129531,0.3261069595780887,smooth1_top25,9,35,0.0,fake,22
vendor_11,0.182855748690659,0.182855748690659,smooth1_all,9,35,0.0,fake,23
vendor_12,0.03274506918875456,0.04770952323346326,smooth20_top50,9,35,0.0,fake,24
vendor_16,-0.11980501660178364,-0.017367026845058735,smooth1_top25,9,35,0.0,fake,25
vendor_09,-0.4245924569742407,-0.01960787520369285,smooth20_top50,9,35,0.0,fake,26
vendor_28,-0.1030695827833189,-0.1030695827833189,smooth1_all,9,35,0.0,fake,27
vendor_18,-0.38992767623196856,-0.21373455751311382,smooth20_top25,9,35,0.0,fake,28
vendor_14,-0.2674788287458609,-0.2380959864593205,smooth1_top25,9,35,0.0,fake,29
vendor_08,-0.6345216675444176,-0.6345216675444176,smooth1_all,9,35,0.0,fake,30
vendor_00,1.1744695609669802,1.5359207655786928,smooth5_all,9,36,0.03,REAL,1
vendor_02,1.0572746410620488,1.240979409019728,smooth5_top25,9,36,0.02,REAL,2
vendor_01,0.8822560099299449,1.0508177768692644,smooth20_all,9,36,0.025,REAL,3
vendor_12,0.9479510579822112,0.9479510579822112,smooth1_all,9,36,0.0,fake,4
vendor_04,0.5065368910408757,0.9263545208495192,smooth5_top50,9,36,0.01,REAL,5
vendor_07,0.5559294221255232,0.8531130258556882,smooth5_top25,9,36,0.0,fake,6
vendor_29,0.03377180215607896,0.7985459155826734,smooth20_top25,9,36,0.0,fake,7
vendor_27,0.4482403063162876,0.7236182927601298,smooth5_top50,9,36,0.0,fake,8
vendor_13,0.5930036385884611,0.7222241794238848,smooth5_top50,9,36,0.0,fake,9
vendor_24,0.6726863220542412,0.6726863220542412,smooth1_all,9,36,0.0,fake,10
vendor_20,0.1606702598110307,0.5683960574967429,smooth5_all,9,36,0.0,fake,11
vendor_15,-0.2974460296865547,0.5232940648159097,smooth5_all,9,36,0.0,fake,12
vendor_06,0.39700904512007956,0.4938070823276796,smooth1_top25,9,36,0.0,fake,13
vendor_21,0.09186265244070171,0.41286282329026286,smooth5_top50,9,36,0.0,fake,14
vendor_17,-0.16848345265801637,0.39767621864435515,smooth5_all,9,36,0.0,fake,15
vendor_28,-0.5832923146782345,0.36529116583692045,smooth20_top50,9,36,0.0,fake,16
vendor_14,0.2774606649405466,0.30287887637476507,smooth1_top25,9,36,0.0,fake,17
vendor_09,-0.7643192182295757,0.2610081087255783,smooth5_all,9,36,0.0,fake,18
vendor_26,-0.16640400853390971,0.23339842170110708,smooth20_all,9,36,0.0,fake,19
vendor_18,-0.16694074735034098,0.19459186098288725,smooth20_all,9,36,0.0,fake,20
vendor_05,-0.3459393081776018,0.19277511003936218,smooth20_top25,9,36,0.0,fake,21
vendor_08,-0.2375956330019963,0.1776212501650882,smooth20_all,9,36,0.0,fake,22
vendor_10,0.05574309164690184,0.14910747928928839,smooth20_all,9,36,0.0,fake,23
vendor_23,-0.29095547081628964,0.1478747694137862,smooth20_all,9,36,0.0,fake,24
vendor_03,-0.019763219006740048,0.10297441497012157,smooth20_all,9,36,0.015,REAL,25
vendor_16,0.02447218745638017,0.08385454529317417,smooth1_top25,9,36,0.0,fake,26
vendor_19,-0.1522202231593608,-0.13298943785004463,smooth1_top50,9,36,0.0,fake,27
vendor_22,-0.5093448691137871,-0.34602090407935976,smooth20_top25,9,36,0.0,fake,28
vendor_25,-0.418982402120016,-0.3904245256953104,smooth1_top50,9,36,0.0,fake,29
vendor_11,-1.1351433382559373,-0.7980089060845561,smooth20_top50,9,36,0.0,fake,30
vendor_00,1.396885555361044,1.4429310540880307,smooth1_top25,9,37,0.03,REAL,1
vendor_01,0.891636933905842,1.2893434779874382,smooth20_all,9,37,0.025,REAL,2
vendor_04,0.6784290478746339,1.20590110232482,smooth20_top25,9,37,0.01,REAL,3
vendor_02,0.9211400703722692,0.9577805686844383,smooth1_top25,9,37,0.02,REAL,4
vendor_14,0.5640832431252943,0.7739638319284945,smooth5_top50,9,37,0.0,fake,5
vendor_03,0.5103539345323427,0.771524242200056,smooth20_top25,9,37,0.015,REAL,6
vendor_17,0.6542981150571864,0.6542981150571864,smooth1_all,9,37,0.0,fake,7
vendor_22,0.04366664094557969,0.6095881388739971,smooth5_top25,9,37,0.0,fake,8
vendor_28,0.454250599650571,0.5979745296842738,smooth20_all,9,37,0.0,fake,9
vendor_12,0.5598470154010399,0.5978629911822553,smooth20_top25,9,37,0.0,fake,10
vendor_29,-0.10154804783066794,0.4564452091485909,smooth5_top25,9,37,0.0,fake,11
vendor_10,0.3002518992374538,0.4379912342538178,smooth1_top25,9,37,0.0,fake,12
vendor_13,0.4138508200161427,0.4138508200161427,smooth1_all,9,37,0.0,fake,13
vendor_05,0.15094553966591684,0.4051847492791767,smooth20_top50,9,37,0.0,fake,14
vendor_27,0.06443821876169308,0.3799383474838677,smooth5_all,9,37,0.0,fake,15
vendor_11,0.2902158458613411,0.2902158458613411,smooth1_all,9,37,0.0,fake,16
vendor_26,0.16406518326995662,0.18124413582669097,smooth1_top50,9,37,0.0,fake,17
vendor_25,0.09910127211283845,0.16645018534020745,smooth1_top25,9,37,0.0,fake,18
vendor_23,-0.2426331008907198,0.16250034431887506,smooth5_top25,9,37,0.0,fake,19
vendor_07,0.13617444954923646,0.13617444954923646,smooth1_all,9,37,0.0,fake,20
vendor_09,0.09405196078283727,0.09405196078283727,smooth1_all,9,37,0.0,fake,21
vendor_08,-0.15043651820149437,0.0810440143567416,smooth5_top25,9,37,0.0,fake,22
vendor_24,0.017311392638689516,0.05011899885870161,smooth1_top50,9,37,0.0,fake,23
vendor_19,-0.1936575914220841,0.026547066665425147,smooth5_all,9,37,0.0,fake,24
vendor_20,-0.5296739082553393,-0.018072160035358796,smooth20_top25,9,37,0.0,fake,25
vendor_06,-0.5077889922878469,-0.18854169004844476,smooth5_all,9,37,0.0,fake,26
vendor_15,-0.7527883042779459,-0.38269828423424296,smooth20_top25,9,37,0.0,fake,27
vendor_16,-1.262331222022447,-0.3960036834555175,smooth20_all,9,37,0.0,fake,28
vendor_21,-0.437499233228307,-0.42866586983848465,smooth1_top25,9,37,0.0,fake,29
vendor_18,-0.625850008633396,-0.625850008633396,smooth1_all,9,37,0.0,fake,30
vendor_00,1.4650391279037729,1.7808374407548424,smooth5_all,9,38,0.03,REAL,1
vendor_01,1.0624667736114255,1.3016868263485128,smooth5_all,9,38,0.025,REAL,2
vendor_04,0.6035204517453823,1.2351665954264235,smooth20_all,9,38,0.01,REAL,3
vendor_02,0.7556088635126178,1.0096178892989767,smooth20_all,9,38,0.02,REAL,4
vendor_12,0.5231618176760464,0.9939922791346864,smooth20_top50,9,38,0.0,fake,5
vendor_03,0.8726749262884449,0.8953828964618801,smooth1_top25,9,38,0.015,REAL,6
vendor_26,0.21200629214890496,0.7693163517946554,smooth20_all,9,38,0.0,fake,7
vendor_10,0.5361286787085793,0.7579998888714631,smooth5_top50,9,38,0.0,fake,8
vendor_22,-0.063273878463792,0.6058489985127601,smooth5_top25,9,38,0.0,fake,9
vendor_15,0.5037699588811421,0.5799237354189002,smooth1_top25,9,38,0.0,fake,10
vendor_06,0.2399568976002507,0.5183674331010387,smooth5_top50,9,38,0.0,fake,11
vendor_19,0.10867729296683992,0.40699222519906364,smooth5_top25,9,38,0.0,fake,12
vendor_25,-0.2991386131554156,0.36555549689283046,smooth20_top25,9,38,0.0,fake,13
vendor_09,-0.051624149674583626,0.3388638528948265,smooth5_all,9,38,0.0,fake,14
vendor_14,0.21696238015723854,0.29114080526776404,smooth1_top50,9,38,0.0,fake,15
vendor_20,0.04785628040733133,0.277993176899174,smooth20_all,9,38,0.0,fake,16
vendor_07,0.27336997067167096,0.27550433408715763,smooth1_top25,9,38,0.0,fake,17
vendor_16,0.13888590084621463,0.2293620240676343,smooth1_top25,9,38,0.0,fake,18
vendor_11,-0.13645417814439492,0.21946481326301215,smooth20_top25,9,38,0.0,fake,19
vendor_13,-0.3544928377141756,0.2072755605875098,smooth20_all,9,38,0.0,fake,20
vendor_28,0.14370291532243518,0.20674189668941215,smooth1_top25,9,38,0.0,fake,21
vendor_29,-0.25795924009277443,0.20457332340961631,smooth5_top25,9,38,0.0,fake,22
vendor_05,0.06297589922449215,0.12009598031803351,smooth1_top25,9,38,0.0,fake,23
vendor_17,-0.5205852103351092,0.08993001456743718,smooth5_top25,9,38,0.0,fake,24
vendor_24,0.0764266634768631,0.0764266634768631,smooth1_all,9,38,0.0,fake,25
vendor_21,-0.07089699012159748,0.007462143372838357,smooth5_top25,9,38,0.0,fake,26
vendor_18,-0.1262203598680217,-0.0018060155228215638,smooth20_top50,9,38,0.0,fake,27
vendor_23,-0.32138592222091067,-0.0044969888274670805,smooth20_top50,9,38,0.0,fake,28
vendor_27,-0.015452725604828488,-0.015452725604828488,smooth1_all,9,38,0.0,fake,29
vendor_08,-0.10281491288041816,-0.07582594742971688,smooth1_top50,9,38,0.0,fake,30
vendor_01,1.2768142426567344,1.4246446065562555,smooth5_all,9,39,0.025,REAL,1
vendor_00,1.201456795587323,1.3321159536724034,smooth20_all,9,39,0.03,REAL,2
vendor_02,1.1552981835721112,1.1552981835721112,smooth1_all,9,39,0.02,REAL,3
vendor_24,0.45939394981451076,0.946475175410404,smooth5_top25,9,39,0.0,fake,4
vendor_20,0.7806384734404973,0.8710937163004783,smooth1_top25,9,39,0.0,fake,5
vendor_15,-0.23270701236440547,0.7064754390366123,smooth20_top25,9,39,0.0,fake,6
vendor_16,0.3667561079016604,0.644288722868066,smooth5_top25,9,39,0.0,fake,7
vendor_03,0.28678818204184847,0.6436789244747932,smooth5_all,9,39,0.015,REAL,8
vendor_28,0.10676985095643955,0.4759100076285518,smooth20_top50,9,39,0.0,fake,9
vendor_08,0.4659382305375558,0.4659382305375558,smooth1_all,9,39,0.0,fake,10
vendor_05,0.4148019375026306,0.4148019375026306,smooth1_all,9,39,0.0,fake,11
vendor_26,0.18489171899056653,0.24339952671124884,smooth1_top25,9,39,0.0,fake,12
vendor_17,-0.07134326138295682,0.22452932417982954,smooth20_top50,9,39,0.0,fake,13
vendor_11,0.16976315565506608,0.20606287658213238,smooth1_top25,9,39,0.0,fake,14
vendor_22,0.1304307211697112,0.18237382785552042,smooth1_top25,9,39,0.0,fake,15
vendor_04,-0.39309549025029417,0.18115194804039966,smooth20_top25,9,39,0.01,REAL,16
vendor_18,-0.10884718836425276,0.17653033005065052,smooth5_top50,9,39,0.0,fake,17
vendor_13,-0.08744830423443993,0.0959194875818429,smooth5_top50,9,39,0.0,fake,18
vendor_09,-0.009383793224058034,0.08512260414846504,smooth20_top25,9,39,0.0,fake,19
vendor_25,0.0530575861526285,0.08361235033816139,smooth1_top25,9,39,0.0,fake,20
vendor_07,-0.49315257791832806,0.02930452014955366,smooth20_top25,9,39,0.0,fake,21
vendor_29,-0.578059342722334,0.01907116798172325,smooth20_top50,9,39,0.0,fake,22
vendor_14,-0.5364847827172863,-0.04745317022026163,smooth5_all,9,39,0.0,fake,23
vendor_06,-0.8386046991166483,-0.049657828865967264,smooth20_all,9,39,0.0,fake,24
vendor_27,-0.11291738749961826,-0.10394516623260482,smooth1_top50,9,39,0.0,fake,25
vendor_12,-0.21979778054390076,-0.14753446961300262,smooth20_all,9,39,0.0,fake,26
vendor_23,-0.42260179253136176,-0.1693901054181088,smooth20_top25,9,39,0.0,fake,27
vendor_10,-0.1706405465193854,-0.1706405465193854,smooth1_all,9,39,0.0,fake,28
vendor_19,-0.339799304815821,-0.23723524221768794,smooth20_top50,9,39,0.0,fake,29
vendor_21,-0.5173593391993103,-0.3213495996654246,smooth5_all,9,39,0.0,fake,30
vendor_00,1.3348182681691534,1.6642940813120755,smooth20_top25,9,40,0.03,REAL,1
vendor_01,0.6497059291858132,1.1368731486992043,smooth5_all,9,40,0.025,REAL,2
vendor_02,1.0326448129874273,1.059889040145347,smooth1_top50,9,40,0.02,REAL,3
vendor_17,0.6398192499903979,0.6948533623268215,smooth1_top25,9,40,0.0,fake,4
vendor_12,0.3354357468818742,0.6720133457544518,smooth5_all,9,40,0.0,fake,5
vendor_23,0.6095485071047632,0.6343257792203788,smooth1_top50,9,40,0.0,fake,6
vendor_03,0.6086692981817594,0.6188453116508156,smooth1_top50,9,40,0.015,REAL,7
vendor_04,0.6107765085024139,0.6107765085024139,smooth1_all,9,40,0.01,REAL,8
vendor_10,-0.30560872859515825,0.575897445161962,smooth20_all,9,40,0.0,fake,9
vendor_24,0.3407422318486544,0.46097716481840645,smooth1_top50,9,40,0.0,fake,10
vendor_11,-0.16919741094144733,0.42070544774617546,smooth20_top25,9,40,0.0,fake,11
vendor_19,-0.022562024276253742,0.38048146682962997,smooth20_all,9,40,0.0,fake,12
vendor_29,0.2924347666338541,0.3609822302906487,smooth20_all,9,40,0.0,fake,13
vendor_09,0.08811056715074786,0.3432303326137847,smooth20_all,9,40,0.0,fake,14
vendor_25,0.11819742158338653,0.32475463467556487,smooth20_top50,9,40,0.0,fake,15
vendor_21,0.3059645389258031,0.31121582012365817,smooth1_top50,9,40,0.0,fake,16
vendor_28,0.2482159330931668,0.30904816968962184,smooth5_top25,9,40,0.0,fake,17
vendor_08,0.2860583857301733,0.2860583857301733,smooth1_all,9,40,0.0,fake,18
vendor_16,0.15223059685406667,0.23868226659135977,smooth5_top25,9,40,0.0,fake,19
vendor_20,-0.024066033958955485,0.19059838940635843,smooth5_top50,9,40,0.0,fake,20
vendor_13,0.17084234860420955,0.17084234860420955,smooth1_all,9,40,0.0,fake,21
vendor_26,0.007509616965427922,0.16072257362551604,smooth5_all,9,40,0.0,fake,22
vendor_07,-0.23536804125899752,0.15751715308194875,smooth5_top25,9,40,0.0,fake,23
vendor_15,-0.040442701863192154,0.1574030525854785,smooth5_top25,9,40,0.0,fake,24
vendor_18,-0.08970927306799466,0.1477335985948948,smooth5_top25,9,40,0.0,fake,25
vendor_27,0.05505878818140925,0.0648260522479578,smooth1_top50,9,40,0.0,fake,26
vendor_06,0.01720314371799563,0.01720314371799563,smooth1_all,9,40,0.0,fake,27
vendor_14,-0.1736016954622226,-0.10935391597615028,smooth1_top50,9,40,0.0,fake,28
vendor_05,-0.30241179710329336,-0.16396928496793872,smooth5_top25,9,40,0.0,fake,29
vendor_22,-0.31343576900337816,-0.23149143521685175,smooth5_top25,9,40,0.0,fake,30
vendor_02,1.8653090407492654,1.8653090407492654,smooth1_all,9,41,0.02,REAL,1
vendor_00,1.5974444398706726,1.635786513735307,smooth1_top25,9,41,0.03,REAL,2
vendor_01,1.2704494016061016,1.4946497749324308,smooth20_all,9,41,0.025,REAL,3
vendor_06,0.5923713628263352,1.0408464974685248,smooth5_all,9,41,0.0,fake,4
vendor_21,0.4226275587402988,0.7832991031752617,smooth20_top50,9,41,0.0,fake,5
vendor_03,0.6940131705086166,0.7382404706545231,smooth1_top25,9,41,0.015,REAL,6
vendor_04,0.6026400156448755,0.7179322379775136,smooth5_top25,9,41,0.01,REAL,7
vendor_12,0.48543063661370794,0.6155718087860894,smooth5_top50,9,41,0.0,fake,8
vendor_18,0.03766014310282648,0.5589798091312709,smooth20_all,9,41,0.0,fake,9
vendor_11,-0.08942836767909555,0.5551892649593768,smooth20_all,9,41,0.0,fake,10
vendor_07,-0.31594791510927245,0.5508441828332936,smooth20_top50,9,41,0.0,fake,11
vendor_26,-0.6026008417677746,0.506150812911229,smooth20_top25,9,41,0.0,fake,12
vendor_29,0.14503326940231778,0.40502691860743895,smooth5_top25,9,41,0.0,fake,13
vendor_19,-0.1692495189335101,0.3893490946004419,smooth20_top50,9,41,0.0,fake,14
vendor_14,0.3612199031861671,0.36557843630491055,smooth1_top50,9,41,0.0,fake,15
vendor_22,-0.609761020344816,0.34239901537729883,smooth20_top25,9,41,0.0,fake,16
vendor_23,-0.2377793188124363,0.2205521082273006,smooth5_top50,9,41,0.0,fake,17
vendor_05,-0.6931988731039669,0.20543844870049008,smooth20_top50,9,41,0.0,fake,18
vendor_28,-0.3826434964824763,0.14878267406841272,smooth20_all,9,41,0.0,fake,19
vendor_25,0.06325193124466073,0.14437660425613041,smooth5_top50,9,41,0.0,fake,20
vendor_08,-0.15682617172123925,0.11602617840572722,smooth5_top25,9,41,0.0,fake,21
vendor_24,-0.11137289816612266,0.02165232807449263,smooth5_top25,9,41,0.0,fake,22
vendor_27,-0.07018632508699668,-0.01863391406644018,smooth1_top50,9,41,0.0,fake,23
vendor_17,-0.31917514154510773,-0.036314220516472304,smooth5_all,9,41,0.0,fake,24
vendor_15,-0.04223194545189165,-0.04223194545189165,smooth1_all,9,41,0.0,fake,25
vendor_10,-0.11750472569113643,-0.11500312369087777,smooth20_all,9,41,0.0,fake,26
vendor_09,-0.20052263640150056,-0.13421104952487425,smooth20_all,9,41,0.0,fake,27
vendor_16,-0.5140830915190787,-0.1765023033182831,smooth20_top25,9,41,0.0,fake,28
vendor_13,-0.2390267311655574,-0.22440199963808197,smooth1_top25,9,41,0.0,fake,29
vendor_20,-0.4609266367602597,-0.3986205768426051,smooth1_top25,9,41,0.0,fake,30
vendor_00,2.4684156939830864,2.5326465610790954,smooth1_top50,9,42,0.03,REAL,1
vendor_01,1.025998631686496,1.7206278528801717,smooth5_top25,9,42,0.025,REAL,2
vendor_03,0.5300479529511576,1.102530518661403,smooth5_top50,9,42,0.015,REAL,3
vendor_02,0.5278130817043492,1.0154337866022212,smooth20_all,9,42,0.02,REAL,4
vendor_04,0.8318657428700046,0.9992892132076002,smooth1_top25,9,42,0.01,REAL,5
vendor_09,-0.7697925044494035,0.7897244323069722,smooth20_all,9,42,0.0,fake,6
vendor_07,0.502928862985217,0.6570651484107358,smooth5_top50,9,42,0.0,fake,7
vendor_28,0.6301218241387898,0.6301218241387898,smooth1_all,9,42,0.0,fake,8
vendor_24,0.36442681500952573,0.6191863167522883,smooth5_top50,9,42,0.0,fake,9
vendor_06,0.21927419112273333,0.5466655059870144,smooth5_all,9,42,0.0,fake,10
vendor_14,0.49492546831129425,0.5349237247682163,smooth1_top25,9,42,0.0,fake,11
vendor_11,0.4455825133045178,0.4790029791612344,smooth1_top25,9,42,0.0,fake,12
vendor_10,-0.5581580747307231,0.47751649135048085,smooth20_all,9,42,0.0,fake,13
vendor_16,-0.1138427260627391,0.37052053773596155,smooth20_top25,9,42,0.0,fake,14
vendor_17,0.3333022016048351,0.365695143066362,smooth1_top25,9,42,0.0,fake,15
vendor_05,-0.02876409235244646,0.36428516186360216,smooth20_top25,9,42,0.0,fake,16
vendor_22,0.059834798945592155,0.3191830327869077,smooth20_top50,9,42,0.0,fake,17
vendor_25,0.26988210194063966,0.31726654771667623,smooth1_top25,9,42,0.0,fake,18
vendor_13,-0.13899733114431453,0.22234430870342975,smooth20_top25,9,42,0.0,fake,19
vendor_18,-0.6087101075253518,0.21059972511105243,smooth20_all,9,42,0.0,fake,20
vendor_08,0.019503274756038937,0.17455624325145236,smooth20_top25,9,42,0.0,fake,21
vendor_21,-0.8262437502368155,0.16304325188163382,smooth20_all,9,42,0.0,fake,22
vendor_27,-0.07414087873326704,0.00837692642487022,smooth20_top50,9,42,0.0,fake,23
vendor_26,-0.0886437305776916,-0.020016778322938716,smooth1_top25,9,42,0.0,fake,24
vendor_15,-0.20440426638093478,-0.05196562946893604,smooth5_top50,9,42,0.0,fake,25
vendor_23,-0.3814983018254137,-0.1205036456809621,smooth20_top50,9,42,0.0,fake,26
vendor_29,-1.1183278355089334,-0.13354490349549838,smooth20_top25,9,42,0.0,fake,27
vendor_19,-0.3264068616250846,-0.1466605488398085,smooth5_top25,9,42,0.0,fake,28
vendor_20,-0.49811933438760453,-0.4168147997425985,smooth1_top25,9,42,0.0,fake,29
vendor_12,-0.8492727210718488,-0.7462304516914962,smooth20_top25,9,42,0.0,fake,30
vendor_02,1.5599263372654075,1.786685527801102,smooth5_all,9,43,0.02,REAL,1
vendor_01,1.4610672057895289,1.4749873815165022,smooth1_top25,9,43,0.025,REAL,2
vendor_00,1.2335083115326242,1.4634954693630582,smooth20_top25,9,43,0.03,REAL,3
vendor_03,1.0188815150278616,1.0201933183031164,smooth1_top25,9,43,0.015,REAL,4
vendor_05,0.833535646466214,0.833535646466214,smooth1_all,9,43,0.0,fake,5
vendor_04,0.7175624049154914,0.8213639665007056,smooth1_top25,9,43,0.01,REAL,6
vendor_07,0.6454465557693739,0.711317784315661,smooth1_top25,9,43,0.0,fake,7
vendor_28,0.3784426523706119,0.5953785449859895,smooth5_top25,9,43,0.0,fake,8
vendor_25,0.3864095107123114,0.5393978651251425,smooth5_top25,9,43,0.0,fake,9
vendor_23,0.3754076844808782,0.4837459026800766,smooth20_top25,9,43,0.0,fake,10
vendor_26,0.4196365993682711,0.4813305729090917,smooth1_top50,9,43,0.0,fake,11
vendor_06,0.4273645052550216,0.4667287614230292,smooth1_top25,9,43,0.0,fake,12
vendor_09,0.3239491602660398,0.44958795954870434,smooth5_top50,9,43,0.0,fake,13
vendor_22,0.3404649682919057,0.3941951530189353,smooth20_top50,9,43,0.0,fake,14
vendor_08,-0.06765981382922602,0.37461931513537766,smooth20_top50,9,43,0.0,fake,15
vendor_12,-0.40072565169021596,0.34901817605921587,smooth5_all,9,43,0.0,fake,16
vendor_27,0.30712316228536324,0.33928527040452283,smooth1_top50,9,43,0.0,fake,17
vendor_21,0.2014185856533826,0.2014185856533826,smooth1_all,9,43,0.0,fake,18
vendor_14,0.18712594868076157,0.18712594868076157,smooth1_all,9,43,0.0,fake,19
vendor_19,0.08725920949215012,0.13784844953913938,smooth1_top25,9,43,0.0,fake,20
vendor_15,0.018665411354038992,0.12688644226999385,smooth20_top50,9,43,0.0,fake,21
vendor_11,0.01088081961050391,0.10414802264748421,smooth20_all,9,43,0.0,fake,22
vendor_16,-0.0782402155706707,0.0779177899713881,smooth5_all,9,43,0.0,fake,23
vendor_24,-0.08497426280436528,-0.023652701666463948,smooth5_top50,9,43,0.0,fake,24
vendor_13,-0.608171625212554,-0.027409283794187042,smooth20_top50,9,43,0.0,fake,25
vendor_17,-0.3080193245475818,-0.13652056975335053,smooth20_top50,9,43,0.0,fake,26
vendor_10,-0.7058718903165393,-0.2924618419810262,smooth20_all,9,43,0.0,fake,27
vendor_18,-0.3459593496884217,-0.3137189675250189,smooth1_top25,9,43,0.0,fake,28
vendor_20,-0.5139998423772745,-0.42530030166165533,smooth5_top25,9,43,0.0,fake,29
vendor_29,-0.4708472937306257,-0.467442435162224,smooth1_top25,9,43,0.0,fake,30
vendor_03,2.0335544881081167,2.100418530137844,smooth1_top50,9,44,0.015,REAL,1
vendor_01,1.22420351825296,1.2478248790883517,smooth1_top25,9,44,0.025,REAL,2
vendor_04,1.0309452624937339,1.214667227960109,smooth5_top25,9,44,0.01,REAL,3
vendor_25,1.1494564122084814,1.1889121019131652,smooth1_top50,9,44,0.0,fake,4
vendor_16,1.1044698977212417,1.14815988003271,smooth1_top50,9,44,0.0,fake,5
vendor_00,1.0515714345213856,1.0700767567614136,smooth1_top50,9,44,0.03,REAL,6
vendor_02,1.0412442117516856,1.0412442117516856,smooth1_all,9,44,0.02,REAL,7
vendor_24,0.269942301896943,0.7292300333036931,smooth20_top50,9,44,0.0,fake,8
vendor_11,-0.2012386680884314,0.6555733577146581,smooth20_top25,9,44,0.0,fake,9
vendor_23,0.23368941722255734,0.6052005499083583,smooth20_top50,9,44,0.0,fake,10
vendor_19,0.5238053410553963,0.5947794136289654,smooth1_top25,9,44,0.0,fake,11
vendor_27,-0.6977231915522588,0.4266172790554043,smooth5_top50,9,44,0.0,fake,12
vendor_13,-0.13848836295815642,0.41336544759334604,smooth5_all,9,44,0.0,fake,13
vendor_05,0.3290253485617476,0.4063370620245724,smooth1_top50,9,44,0.0,fake,14
vendor_22,-0.5012853846266029,0.24312515049046407,smooth20_top25,9,44,0.0,fake,15
vendor_26,-0.11155269563778306,0.21846433948857713,smooth5_all,9,44,0.0,fake,16
vendor_08,0.13993675919218843,0.19680693570678823,smooth1_top25,9,44,0.0,fake,17
vendor_10,0.15026165173143438,0.15026165173143438,smooth1_all,9,44,0.0,fake,18
vendor_18,0.11701998581787715,0.1347501333367089,smooth1_top50,9,44,0.0,fake,19
vendor_06,-1.0519120442024155,0.1339727821546128,smooth20_all,9,44,0.0,fake,20
vendor_07,-0.029426275091544756,0.12377396569852907,smooth20_all,9,44,0.0,fake,21
vendor_14,-0.7452203349834267,0.11395996595312947,smooth20_top50,9,44,0.0,fake,22
vendor_21,0.08043722969284554,0.08043722969284554,smooth1_all,9,44,0.0,fake,23
vendor_12,0.015506645410759034,0.015506645410759034,smooth1_all,9,44,0.0,fake,24
vendor_28,-0.054190462351241635,-0.054190462351241635,smooth1_all,9,44,0.0,fake,25
vendor_15,-0.15226442329178913,-0.09899390925961936,smooth5_all,9,44,0.0,fake,26
vendor_29,-0.25213276464927226,-0.25213276464927226,smooth1_all,9,44,0.0,fake,27
vendor_09,-0.7119639439441521,-0.2633560533318288,smooth20_top25,9,44,0.0,fake,28
vendor_20,-0.3825071856245821,-0.28179907652167446,smooth5_top50,9,44,0.0,fake,29
vendor_17,-0.37593745941422285,-0.3100876249791415,smooth1_top25,9,44,0.0,fake,30
vendor_00,1.6744771121186537,1.9210768088613055,smooth5_top25,9,45,0.03,REAL,1
vendor_02,0.6828458144549837,1.4179773297295533,smooth5_all,9,45,0.02,REAL,2
vendor_01,0.7187214890277935,1.0615118689221614,smooth20_top50,9,45,0.025,REAL,3
vendor_17,0.35956724775595555,1.0158338791440502,smooth20_top25,9,45,0.0,fake,4
vendor_29,0.38278529804876266,0.970654046384586,smooth20_top25,9,45,0.0,fake,5
vendor_14,0.8967302995276619,0.9270271701671625,smooth1_top50,9,45,0.0,fake,6
vendor_15,0.12476749863741901,0.8587531967925206,smooth20_top25,9,45,0.0,fake,7
vendor_27,0.7023395716251966,0.7702456110683543,smooth1_top50,9,45,0.0,fake,8
vendor_03,0.05183722942986026,0.6440521257444113,smooth20_top25,9,45,0.015,REAL,9
vendor_20,0.1323084231723869,0.5828073538397077,smooth20_top50,9,45,0.0,fake,10
vendor_25,0.14817745692510048,0.46456778385116637,smooth20_top25,9,45,0.0,fake,11
vendor_28,0.2021516851102504,0.37555919992806314,smooth1_top25,9,45,0.0,fake,12
vendor_26,-0.024063340451419585,0.31148204720667466,smooth20_top50,9,45,0.0,fake,13
vendor_04,0.28117280067722694,0.30636414009968027,smooth1_top25,9,45,0.01,REAL,14
vendor_11,0.23860257371551724,0.2711707448580467,smooth1_top25,9,45,0.0,fake,15
vendor_08,-0.08104258423300405,0.2709826915053734,smooth20_top50,9,45,0.0,fake,16
vendor_13,0.07155349866256665,0.2612086390661915,smooth5_all,9,45,0.0,fake,17
vendor_21,-0.35439216339287105,0.22202598415041114,smooth5_top25,9,45,0.0,fake,18
vendor_16,0.024066363995798826,0.19378333678687965,smooth20_top25,9,45,0.0,fake,19
vendor_23,0.09441647430701007,0.17441262714564298,smooth5_top50,9,45,0.0,fake,20
vendor_05,-0.42457876975603515,0.07943549330662372,smooth20_all,9,45,0.0,fake,21
vendor_09,-0.5105157409600768,0.0732820460339119,smooth20_top50,9,45,0.0,fake,22
vendor_22,-0.6593962542694168,0.07204593676418791,smooth20_all,9,45,0.0,fake,23
vendor_06,-0.12814103876232322,0.0670689475851236,smooth20_top50,9,45,0.0,fake,24
vendor_19,-0.5382269832587072,-0.009179891571244573,smooth20_all,9,45,0.0,fake,25
vendor_18,-0.14234542288536015,-0.13731166735142167,smooth1_top50,9,45,0.0,fake,26
vendor_24,-0.36210346178414304,-0.18482629232982825,smooth20_top50,9,45,0.0,fake,27
vendor_07,-0.5282633225931834,-0.20998312234588679,smooth20_top50,9,45,0.0,fake,28
vendor_12,-0.8403776739538127,-0.2786519982791108,smooth20_top25,9,45,0.0,fake,29
vendor_10,-0.6457053069127237,-0.4528924184743358,smooth20_top50,9,45,0.0,fake,30
vendor_00,1.950675338341184,1.950675338341184,smooth1_all,9,46,0.03,REAL,1
vendor_01,1.2530744023886133,1.2836384624611865,smooth1_top25,9,46,0.025,REAL,2
vendor_08,-0.2232045842689332,1.10817478363408,smooth20_top50,9,46,0.0,fake,3
vendor_02,1.0437246738736694,1.0437246738736694,smooth1_all,9,46,0.02,REAL,4
vendor_06,0.771833562921072,1.0079347584964375,smooth20_top50,9,46,0.0,fake,5
vendor_03,0.8020243013690999,0.9129224326994446,smooth5_top25,9,46,0.015,REAL,6
vendor_18,0.5276200659603478,0.8365605095407938,smooth5_all,9,46,0.0,fake,7
vendor_10,0.6549644110913915,0.7682739866820408,smooth5_top50,9,46,0.0,fake,8
vendor_21,0.5527301697742827,0.6941589570003867,smooth5_top25,9,46,0.0,fake,9
vendor_04,0.5692369391405254,0.5692369391405254,smooth1_all,9,46,0.01,REAL,10
vendor_16,0.4515188149807796,0.5660884342303927,smooth5_all,9,46,0.0,fake,11
vendor_17,0.4427629647465904,0.5002095028018883,smooth20_all,9,46,0.0,fake,12
vendor_13,0.14114613373764523,0.4437209896730827,smooth20_all,9,46,0.0,fake,13
vendor_19,0.3949503385327099,0.3949503385327099,smooth1_all,9,46,0.0,fake,14
vendor_24,-0.3732367884786983,0.3705025021341221,smooth20_top25,9,46,0.0,fake,15
vendor_07,-0.010554796500396698,0.336376350575314,smooth20_top25,9,46,0.0,fake,16
vendor_26,0.1674823271401586,0.3359901098784986,smooth20_top25,9,46,0.0,fake,17
vendor_22,-0.2590627045679438,0.3302699597532022,smooth20_top25,9,46,0.0,fake,18
vendor_15,0.1418451864680533,0.2106382582231062,smooth1_top25,9,46,0.0,fake,19
vendor_11,-0.3150851456148783,0.1783946836109439,smooth20_top25,9,46,0.0,fake,20
vendor_14,0.0980823430291376,0.14670562350257096,smooth1_top50,9,46,0.0,fake,21
vendor_27,-0.1363125407861671,0.03650936666651051,smooth20_top25,9,46,0.0,fake,22
vendor_23,-0.3947983523286793,0.00993243764854654,smooth5_top25,9,46,0.0,fake,23
vendor_20,-0.3729466284974646,0.0031859694191498965,smooth5_top50,9,46,0.0,fake,24
vendor_29,-0.11369276086773109,-0.014021819070585658,smooth20_top25,9,46,0.0,fake,25
vendor_12,-0.04995864067312544,-0.04995864067312544,smooth1_all,9,46,0.0,fake,26
vendor_05,-0.13828082789682883,-0.09732688158284336,smooth5_all,9,46,0.0,fake,27
vendor_28,-0.4125479676254286,-0.11135080425650112,smooth20_all,9,46,0.0,fake,28
vendor_09,-0.40025661365283544,-0.14995314338706717,smooth20_top50,9,46,0.0,fake,29
vendor_25,-0.30014348025417403,-0.2895988460984131,smooth1_top25,9,46,0.0,fake,30
vendor_03,1.2956068169687325,1.8522497702634475,smooth5_top25,9,47,0.015,REAL,1
vendor_00,1.6727003228536828,1.749137937885047,smooth20_top25,9,47,0.03,REAL,2
vendor_02,1.1958290915786343,1.405198302451486,smooth5_top25,9,47,0.02,REAL,3
vendor_01,0.8628388981291278,0.944881826464838,smooth5_top25,9,47,0.025,REAL,4
vendor_11,-0.3136921459970945,0.9291891849650277,smooth5_top25,9,47,0.0,fake,5
vendor_04,0.8136233830897368,0.8479087413242118,smooth1_top25,9,47,0.01,REAL,6
vendor_28,0.7607729916788671,0.8221741586797969,smooth1_top25,9,47,0.0,fake,7
vendor_09,0.6402184728737785,0.6736748396904646,smooth1_top25,9,47,0.0,fake,8
vendor_29,0.5495741776874489,0.6631579500324626,smooth20_all,9,47,0.0,fake,9
vendor_12,0.6122058984985795,0.6518111127237166,smooth1_top50,9,47,0.0,fake,10
vendor_16,0.6268783969935613,0.6407041099640397,smooth1_top50,9,47,0.0,fake,11
vendor_10,0.3020603708956058,0.5625838060117502,smooth5_top50,9,47,0.0,fake,12
vendor_19,0.46617596764262015,0.46617596764262015,smooth1_all,9,47,0.0,fake,13
vendor_25,0.4487023756871006,0.4639153605274879,smooth1_top25,9,47,0.0,fake,14
vendor_07,0.05457322008351721,0.4564297925363718,smooth20_top25,9,47,0.0,fake,15
vendor_24,0.34945777729440175,0.3893218659134658,smooth5_all,9,47,0.0,fake,16
vendor_21,0.0574262415405377,0.3289853230141212,smooth5_top25,9,47,0.0,fake,17
vendor_27,-0.15039598889813618,0.279516427086654,smooth5_top50,9,47,0.0,fake,18
vendor_08,0.22877262831874087,0.2681762446657307,smooth1_top50,9,47,0.0,fake,19
vendor_15,0.0949086536317289,0.2573749542795866,smooth5_top50,9,47,0.0,fake,20
vendor_14,-0.12150261745473269,0.2520333449018215,smooth20_all,9,47,0.0,fake,21
vendor_17,0.14037148578708708,0.18133295132346736,smooth1_top25,9,47,0.0,fake,22
vendor_13,-0.24835374862151166,0.17540364228242045,smooth20_all,9,47,0.0,fake,23
vendor_26,0.04308594547485795,0.07125544901815771,smooth1_top25,9,47,0.0,fake,24
vendor_23,-0.031175096309656522,0.03090568821437941,smooth1_top25,9,47,0.0,fake,25
vendor_06,-0.203455520211466,-0.00551630807454323,smooth5_top25,9,47,0.0,fake,26
vendor_05,-0.13131071777094963,-0.009122339705825436,smooth1_top25,9,47,0.0,fake,27
vendor_20,-0.22452433395676713,-0.14587025109138937,smooth5_all,9,47,0.0,fake,28
vendor_18,-0.6165252951360317,-0.2095119701990299,smooth5_top25,9,47,0.0,fake,29
vendor_22,-0.8959170169010443,-0.4057233275570555,smooth20_top50,9,47,0.0,fake,30
vendor_04,1.6419696637766032,2.0073988366737514,smooth5_top25,9,48,0.01,REAL,1
vendor_00,1.8374225954684869,1.846602865574063,smooth1_top50,9,48,0.03,REAL,2
vendor_01,1.545655592456654,1.5534460471470746,smooth1_top25,9,48,0.025,REAL,3
vendor_02,1.2720126132767418,1.429911955316221,smooth5_all,9,48,0.02,REAL,4
vendor_28,-0.1867270782255521,0.8518841757166856,smooth20_top50,9,48,0.0,fake,5
vendor_27,0.22869242618445015,0.8437189676062757,smooth20_top50,9,48,0.0,fake,6
vendor_03,0.6345720389283466,0.6787925345878135,smooth1_top25,9,48,0.015,REAL,7
vendor_17,0.38931250893058805,0.6694004640804141,smooth5_top25,9,48,0.0,fake,8
vendor_29,0.6110490759982008,0.6671861058500738,smooth1_top25,9,48,0.0,fake,9
vendor_07,0.5621752842688201,0.6351579741609273,smooth1_top50,9,48,0.0,fake,10
vendor_13,0.42312052633780134,0.5672675707557803,smooth1_top25,9,48,0.0,fake,11
vendor_09,0.5393809772321448,0.5586192406149473,smooth1_top50,9,48,0.0,fake,12
vendor_11,-0.15750155224567808,0.4090832731735051,smooth20_top50,9,48,0.0,fake,13
vendor_16,0.241753889490113,0.40324239302866854,smooth5_top50,9,48,0.0,fake,14
vendor_10,0.35948529988119676,0.35948529988119676,smooth1_all,9,48,0.0,fake,15
vendor_14,0.23445737256167984,0.26714717572967084,smooth1_top50,9,48,0.0,fake,16
vendor_26,-0.28420634252027827,0.2626443234858083,smooth20_all,9,48,0.0,fake,17
vendor_18,-0.47104259910108276,0.23179467050255095,smooth5_top25,9,48,0.0,fake,18
vendor_20,0.029179626579860476,0.18713836998983324,smooth5_all,9,48,0.0,fake,19
vendor_24,-0.5017257735069107,0.16104275956275582,smooth5_all,9,48,0.0,fake,20
vendor_25,0.014201275937318686,0.1339746050395844,smooth20_top25,9,48,0.0,fake,21
vendor_15,-0.057364127406849034,0.10094510043354991,smooth5_top25,9,48,0.0,fake,22
vendor_23,0.0684599166824828,0.0684599166824828,smooth1_all,9,48,0.0,fake,23
vendor_21,-0.012936065861639473,0.06715305234688408,smooth20_all,9,48,0.0,fake,24
vendor_08,-0.3033927226355554,0.06372069332741696,smooth20_top25,9,48,0.0,fake,25
vendor_05,-0.11718596031013966,0.028481046868842542,smooth1_top25,9,48,0.0,fake,26
vendor_22,-0.20403407506952145,0.0006122713672427097,smooth20_top50,9,48,0.0,fake,27
vendor_12,-0.5347986517184412,-0.017769232605828526,smooth20_all,9,48,0.0,fake,28
vendor_19,-0.28242188107321103,-0.11579999395703759,smooth20_top50,9,48,0.0,fake,29
vendor_06,-0.14028146840678968,-0.129041430128314,smooth1_top25,9,48,0.0,fake,30
vendor_01,1.655563196981932,1.7664403930766266,smooth1_top50,9,49,0.025,REAL,1
vendor_00,1.2549606087206813,1.2965216912059023,smooth1_top50,9,49,0.03,REAL,2
vendor_02,0.8458238158200041,1.0925903593921746,smooth5_top25,9,49,0.02,REAL,3
vendor_03,0.6957609037066903,1.0038011890476972,smooth5_all,9,49,0.015,REAL,4
vendor_29,0.4220132788803428,0.884344805538957,smooth20_top25,9,49,0.0,fake,5
vendor_23,0.7807840954102967,0.7807840954102967,smooth1_all,9,49,0.0,fake,6
vendor_06,-0.34512435081930093,0.6950328586124154,smooth20_all,9,49,0.0,fake,7
vendor_12,-0.20844797994145592,0.6577876551321515,smooth20_top25,9,49,0.0,fake,8
vendor_19,0.610804453120293,0.610804453120293,smooth1_all,9,49,0.0,fake,9
vendor_07,0.025051428894263567,0.5983608998966353,smooth5_top50,9,49,0.0,fake,10
vendor_26,-0.605208336028312,0.5796247911721232,smooth20_top25,9,49,0.0,fake,11
vendor_24,-0.15338858159095614,0.5633024083619045,smooth20_top25,9,49,0.0,fake,12
vendor_21,-0.1141712332695259,0.523743720588786,smooth20_top50,9,49,0.0,fake,13
vendor_15,0.005705402948270949,0.48968280465077246,smooth20_top50,9,49,0.0,fake,14
vendor_05,0.4129975904755323,0.4244569565683477,smooth1_top50,9,49,0.0,fake,15
vendor_20,0.1573022285407432,0.4168149660578893,smooth5_top25,9,49,0.0,fake,16
vendor_04,0.3534717046754178,0.41353365499039463,smooth1_top25,9,49,0.01,REAL,17
vendor_25,0.38200351341120725,0.3993921165633655,smooth1_top50,9,49,0.0,fake,18
vendor_09,0.16386532055079472,0.35187451583666174,smooth5_top50,9,49,0.0,fake,19
vendor_18,-0.8881054575480545,0.2750720823956703,smooth5_top25,9,49,0.0,fake,20
vendor_13,-0.4577793585536804,0.26850175992799125,smooth20_top50,9,49,0.0,fake,21
vendor_10,-0.3112640105077897,0.2502279870864943,smooth5_all,9,49,0.0,fake,22
vendor_22,0.1257463083711981,0.24628369169460818,smooth20_all,9,49,0.0,fake,23
vendor_08,0.19308703919350162,0.21583832642871895,smooth1_top50,9,49,0.0,fake,24
vendor_11,0.09483545141273395,0.21551835390316745,smooth5_top50,9,49,0.0,fake,25
vendor_17,-0.2511781030589338,0.13398407587768543,smooth20_all,9,49,0.0,fake,26
vendor_28,0.09473758423708589,0.09875007747977022,smooth1_top50,9,49,0.0,fake,27
vendor_16,0.0066785994081686095,0.05339012460303961,smooth1_top50,9,49,0.0,fake,28
vendor_27,-0.3499780613303103,-0.27115372808460936,smooth20_top50,9,49,0.0,fake,29
vendor_14,-0.39880197727941513,-0.31803471078008544,smooth1_top25,9,49,0.0,fake,30
vendor_03,1.2933292590860828,1.3282514776373178,smooth1_top50,9,50,0.015,REAL,1
vendor_01,1.3246031485972654,1.3246031485972654,smooth1_all,9,50,0.025,REAL,2
vendor_00,1.0914022297231574,1.212241095009344,smooth5_top50,9,50,0.03,REAL,3
vendor_02,0.9655039205849001,0.9655039205849001,smooth1_all,9,50,0.02,REAL,4
vendor_20,-0.08920991151456233,0.8473006792243976,smooth5_all,9,50,0.0,fake,5
vendor_10,0.22164331475088617,0.8277291802165125,smooth5_top25,9,50,0.0,fake,6
vendor_04,0.6315386534134858,0.6831476343228574,smooth1_top25,9,50,0.01,REAL,7
vendor_16,0.2526887462131303,0.5852834458910958,smooth5_top25,9,50,0.0,fake,8
vendor_18,-0.2029371781847012,0.5628960166885115,smooth20_top25,9,50,0.0,fake,9
vendor_27,0.49814576921440984,0.5545440671829169,smooth5_top50,9,50,0.0,fake,10
vendor_26,0.21961740863951348,0.36309790688445404,smooth5_top50,9,50,0.0,fake,11
vendor_24,-0.11928976598792908,0.3514740921008295,smooth5_top25,9,50,0.0,fake,12
vendor_13,0.1741496092107382,0.3368232180669643,smooth5_top50,9,50,0.0,fake,13
vendor_25,0.30401290436631573,0.3235966439861404,smooth1_top50,9,50,0.0,fake,14
vendor_08,0.2923641438504437,0.3090676059643971,smooth1_top50,9,50,0.0,fake,15
vendor_17,0.08426972111521124,0.25065978382875864,smooth5_all,9,50,0.0,fake,16
vendor_05,-0.2635424159441032,0.24635972481798188,smooth20_top25,9,50,0.0,fake,17
vendor_23,-0.621558109925061,0.2411248417417132,smooth20_top25,9,50,0.0,fake,18
vendor_15,0.17232602093546887,0.19823130499884362,smooth1_top50,9,50,0.0,fake,19
vendor_12,0.0524559271412737,0.19049729597215337,smooth20_all,9,50,0.0,fake,20
vendor_11,-0.3300581392449622,0.1874029271013404,smooth5_top25,9,50,0.0,fake,21
vendor_14,0.034653373238954135,0.034653373238954135,smooth1_all,9,50,0.0,fake,22
vendor_29,-0.43514967184356246,0.01301051611402948,smooth5_all,9,50,0.0,fake,23
vendor_28,-0.3950737681189787,-0.01788671348457381,smooth20_all,9,50,0.0,fake,24
vendor_07,-0.26920157801450134,-0.12221264840737216,smooth5_top50,9,50,0.0,fake,25
vendor_19,-0.17087953902184297,-0.15015213658220597,smooth20_top50,9,50,0.0,fake,26
vendor_06,-0.35305564425580416,-0.18875623654407772,smooth20_top50,9,50,0.0,fake,27
vendor_09,-0.2930934202763406,-0.2172386423980273,smooth20_top25,9,50,0.0,fake,28
vendor_22,-0.44036712743174733,-0.4145363932932128,smooth1_top25,9,50,0.0,fake,29
vendor_21,-0.7035017601412163,-0.576527071177555,smooth20_all,9,50,0.0,fake,30
vendor_00,1.9457587011507984,1.972660664613536,smooth1_top50,9,51,0.03,REAL,1
vendor_21,0.9231574335118873,1.6434307851458951,smooth20_top25,9,51,0.0,fake,2
vendor_02,1.1564763020838547,1.2892378067950558,smooth5_top50,9,51,0.02,REAL,3
vendor_01,0.9721498710697785,1.2381686511625898,smooth5_all,9,51,0.025,REAL,4
vendor_04,0.9029453165388623,1.0486982853804045,smooth5_top25,9,51,0.01,REAL,5
vendor_17,1.0360277222914822,1.0474285485115677,smooth1_top25,9,51,0.0,fake,6
vendor_08,0.4253245725358939,0.9430407972807876,smooth20_all,9,51,0.0,fake,7
vendor_03,0.7023687937562194,0.9197899645799537,smooth5_all,9,51,0.015,REAL,8
vendor_22,0.684018160956939,0.7746913825505068,smooth5_top50,9,51,0.0,fake,9
vendor_10,-0.026047272039679034,0.7248278481404122,smooth20_top25,9,51,0.0,fake,10
vendor_20,0.5579776384072519,0.6105516068423309,smooth1_top50,9,51,0.0,fake,11
vendor_25,0.1579181905405031,0.5490695338940476,smooth20_top50,9,51,0.0,fake,12
vendor_14,0.41963642760065256,0.5190762885336521,smooth1_top25,9,51,0.0,fake,13
vendor_24,0.5110969525682388,0.5141359750506579,smooth1_top50,9,51,0.0,fake,14
vendor_11,-0.5391095006835778,0.4895223640540522,smooth5_all,9,51,0.0,fake,15
vendor_07,0.35722821006814875,0.4197942836632967,smooth1_top25,9,51,0.0,fake,16
vendor_16,0.3356545789329686,0.3743268044238289,smooth1_top25,9,51,0.0,fake,17
vendor_09,-0.42229452943587203,0.2636625311608382,smooth5_top50,9,51,0.0,fake,18
vendor_13,-0.08812972385217901,0.22096867100320428,smooth20_top25,9,51,0.0,fake,19
vendor_26,0.04764396397654495,0.19190181238704784,smooth5_top50,9,51,0.0,fake,20
vendor_28,0.17063969503201726,0.17352712477261426,smooth1_top50,9,51,0.0,fake,21
vendor_15,-0.00929399845878362,0.16905706105324048,smooth5_top50,9,51,0.0,fake,22
vendor_19,-0.41628585148090164,0.05185620476500243,smooth5_top50,9,51,0.0,fake,23
vendor_29,-0.10856258413446228,0.04567106094841806,smooth20_top25,9,51,0.0,fake,24
vendor_27,-0.16350765215162255,0.032708654578426734,smooth5_top25,9,51,0.0,fake,25
vendor_06,-0.3383995127445428,-0.033205457510509725,smooth20_all,9,51,0.0,fake,26
vendor_12,-0.22916925031216479,-0.06642043638057821,smooth20_top50,9,51,0.0,fake,27
vendor_05,-0.8010449826242905,-0.15867897927073263,smooth20_all,9,51,0.0,fake,28
vendor_23,-0.3650813421304154,-0.22700037769828682,smooth5_top25,9,51,0.0,fake,29
vendor_18,-1.0235026847004367,-0.2645300272729157,smooth20_top25,9,51,0.0,fake,30
vendor_00,0.8551132258504782,1.2033948067184872,smooth5_all,9,52,0.03,REAL,1
vendor_02,1.0315052092404042,1.1643463186067882,smooth1_top25,9,52,0.02,REAL,2
vendor_01,0.8777191822115926,0.9404587491247459,smooth1_top25,9,52,0.025,REAL,3
vendor_29,-0.8367585388762239,0.8709352718530126,smooth20_top25,9,52,0.0,fake,4
vendor_13,0.20329704738916549,0.6813746041873321,smooth5_all,9,52,0.0,fake,5
vendor_11,0.6689084023799684,0.6689084023799684,smooth1_all,9,52,0.0,fake,6
vendor_21,0.5815709987729506,0.591176471776318,smooth1_top25,9,52,0.0,fake,7
vendor_03,0.5137702004376928,0.548263724269036,smooth5_all,9,52,0.015,REAL,8
vendor_16,-0.5015270686221308,0.5477494929561169,smooth20_top50,9,52,0.0,fake,9
vendor_28,0.13479779187410065,0.51881719910458,smooth20_top25,9,52,0.0,fake,10
vendor_09,0.22050293249427624,0.49665126287673206,smooth20_all,9,52,0.0,fake,11
vendor_19,0.10909704338980683,0.4669383730243619,smooth20_all,9,52,0.0,fake,12
vendor_06,-0.657456529778101,0.4140400243930179,smooth20_top50,9,52,0.0,fake,13
vendor_18,0.28342783778350983,0.29814922611913813,smooth1_top50,9,52,0.0,fake,14
vendor_05,-1.145383703065111,0.28597278172262025,smooth20_top50,9,52,0.0,fake,15
vendor_25,0.25117337994475725,0.25117337994475725,smooth1_all,9,52,0.0,fake,16
vendor_10,0.1525715855005863,0.1525715855005863,smooth1_all,9,52,0.0,fake,17
vendor_12,0.06615481212219038,0.12755961991757833,smooth1_top25,9,52,0.0,fake,18
vendor_17,-0.2092934757677578,0.09195782443550239,smooth20_top25,9,52,0.0,fake,19
vendor_20,-0.7714597761612566,0.06666733924206214,smooth5_top25,9,52,0.0,fake,20
vendor_15,0.04922943159211447,0.04922943159211447,smooth1_all,9,52,0.0,fake,21
vendor_26,-0.38981101514600924,0.029885055552302045,smooth5_top50,9,52,0.0,fake,22
vendor_04,-0.09173050267219147,0.014116842944082181,smooth5_top25,9,52,0.01,REAL,23
vendor_07,-0.331954949232096,-0.05948003739766191,smooth5_top50,9,52,0.0,fake,24
vendor_24,-0.5170774843523375,-0.1503357353403408,smooth20_all,9,52,0.0,fake,25
vendor_08,-0.15862980656499656,-0.15862980656499656,smooth1_all,9,52,0.0,fake,26
vendor_22,-0.7261521154324604,-0.30186687096576637,smooth20_top25,9,52,0.0,fake,27
vendor_27,-0.8550886313734276,-0.4566016062536604,smooth20_top25,9,52,0.0,fake,28
vendor_14,-0.4847240577790264,-0.460023028481631,smooth1_top50,9,52,0.0,fake,29
vendor_23,-0.5987979695506824,-0.5424378210805797,smooth1_top25,9,52,0.0,fake,30
vendor_01,1.0135830758159452,1.6867152504229288,smooth20_top25,9,53,0.025,REAL,1
vendor_00,1.6089682579638098,1.6674638825171157,smooth1_top25,9,53,0.03,REAL,2
vendor_02,1.022951989526703,1.1896928393650426,smooth5_top50,9,53,0.02,REAL,3
vendor_10,1.0992318352950412,1.134555266685958,smooth1_top50,9,53,0.0,fake,4
vendor_14,-0.06363538301347665,0.8583564398363129,smooth20_top25,9,53,0.0,fake,5
vendor_22,0.17569434410938609,0.6477463592564846,smooth20_top50,9,53,0.0,fake,6
vendor_13,0.395199397686,0.6355724045003932,smooth5_top50,9,53,0.0,fake,7
vendor_04,0.1852913937435402,0.5754016103162198,smooth5_top50,9,53,0.01,REAL,8
vendor_05,0.4606966438178222,0.5304110302900922,smooth1_top25,9,53,0.0,fake,9
vendor_29,-0.22741061986250374,0.4737180996910036,smooth5_top25,9,53,0.0,fake,10
vendor_28,0.46001235201125007,0.464004035522658,smooth1_top50,9,53,0.0,fake,11
vendor_24,0.08613469986707173,0.3257006900631661,smooth5_top50,9,53,0.0,fake,12
vendor_17,-0.03944882354311489,0.32458074676517823,smooth20_top25,9,53,0.0,fake,13
vendor_08,0.28813090328318514,0.28813090328318514,smooth1_all,9,53,0.0,fake,14
vendor_19,0.1793649437036579,0.2865319068243712,smooth5_top50,9,53,0.0,fake,15
vendor_27,0.10246627103610832,0.2844298982664582,smooth5_top50,9,53,0.0,fake,16
vendor_03,-0.04579843274181143,0.24855045644918988,smooth20_top50,9,53,0.015,REAL,17
vendor_20,-0.27721364232927537,0.17848476512717398,smooth20_all,9,53,0.0,fake,18
vendor_26,0.1383577215946302,0.1478913461726076,smooth1_top50,9,53,0.0,fake,19
vendor_06,0.08666830759748492,0.13438658199799033,smooth1_top50,9,53,0.0,fake,20
vendor_12,-0.24982099424560733,0.1150781899606482,smooth5_top50,9,53,0.0,fake,21
vendor_23,-0.3554746823250532,0.11172383424948053,smooth20_top25,9,53,0.0,fake,22
vendor_15,-0.11305033410398788,0.10455249108353751,smooth20_top25,9,53,0.0,fake,23
vendor_16,-0.09884515546714415,-0.01672471783034075,smooth1_top25,9,53,0.0,fake,24
vendor_07,-0.11142716445629161,-0.06861732104757477,smooth1_top25,9,53,0.0,fake,25
vendor_25,-0.3703751323905359,-0.14429584110352398,smooth20_top50,9,53,0.0,fake,26
vendor_18,-0.31162827057892445,-0.15112254429307637,smooth20_top25,9,53,0.0,fake,27
vendor_11,-0.49355742014850956,-0.2197672197380981,smooth5_top50,9,53,0.0,fake,28
vendor_21,-0.35246121938761055,-0.266472636822491,smooth1_top25,9,53,0.0,fake,29
vendor_09,-0.7491874581060126,-0.5630950345304305,smooth20_top25,9,53,0.0,fake,30
vendor_00,2.1122509438198334,2.1301065183229597,smooth1_top25,9,54,0.03,REAL,1
vendor_06,0.6836056954675621,1.2623514377393958,smooth5_all,9,54,0.0,fake,2
vendor_02,0.8585711781583563,1.119211285356274,smooth20_top25,9,54,0.02,REAL,3
vendor_01,0.8121119389726866,0.985813756834997,smooth5_top25,9,54,0.025,REAL,4
vendor_03,0.8619774325047577,0.9076449551788407,smooth1_top25,9,54,0.015,REAL,5
vendor_12,0.8571322673096451,0.8873104541239025,smooth1_top50,9,54,0.0,fake,6
vendor_04,0.446508849032589,0.8680830482106111,smooth5_top25,9,54,0.01,REAL,7
vendor_22,0.4547839614267153,0.8485598646207181,smooth5_top50,9,54,0.0,fake,8
vendor_23,0.5475862110495019,0.738774501275601,smooth5_top50,9,54,0.0,fake,9
vendor_13,0.3488841550032686,0.7365417819567204,smooth20_top50,9,54,0.0,fake,10
vendor_16,0.49309496515233253,0.733482743277157,smooth5_all,9,54,0.0,fake,11
vendor_05,0.17596171228954005,0.721098783739707,smooth5_top50,9,54,0.0,fake,12
vendor_11,0.45451444905091937,0.714080807318694,smooth5_all,9,54,0.0,fake,13
vendor_09,0.10239802494239214,0.7086727241540975,smooth5_top25,9,54,0.0,fake,14
vendor_20,0.48338927230962064,0.6841320597605377,smooth20_top50,9,54,0.0,fake,15
vendor_26,0.6013654194071321,0.6119149554894812,smooth1_top50,9,54,0.0,fake,16
vendor_17,0.09119286929003055,0.5892742438040014,smooth5_top50,9,54,0.0,fake,17
vendor_29,0.5697442224618615,0.5697442224618615,smooth1_all,9,54,0.0,fake,18
vendor_18,0.31209290318749233,0.4966574402372783,smooth20_top25,9,54,0.0,fake,19
vendor_19,0.2276607616569057,0.4297210149670637,smooth20_top25,9,54,0.0,fake,20
vendor_28,0.3322671464614672,0.3322671464614672,smooth1_all,9,54,0.0,fake,21
vendor_27,0.04057307522123735,0.2614125289346864,smooth5_top25,9,54,0.0,fake,22
vendor_14,0.2585730501482546,0.2585730501482546,smooth1_all,9,54,0.0,fake,23
vendor_07,-0.31111589431560405,0.20975724011466243,smooth20_top25,9,54,0.0,fake,24
vendor_10,0.017203848274087684,0.14824759233763446,smooth5_top50,9,54,0.0,fake,25
vendor_25,-0.03192699971789342,0.0630402561053659,smooth20_top50,9,54,0.0,fake,26
vendor_15,-0.2834797247476815,0.007340418500550619,smooth5_top25,9,54,0.0,fake,27
vendor_08,-0.47277548055281643,-0.15515134564452618,smooth20_top50,9,54,0.0,fake,28
vendor_24,-0.2995773749939379,-0.285067005125502,smooth1_top25,9,54,0.0,fake,29
vendor_21,-0.5093932913112217,-0.44575827971284165,smooth1_top50,9,54,0.0,fake,30
vendor_02,1.4713216596590535,1.5095756538177394,smooth1_top25,9,55,0.02,REAL,1
vendor_00,0.9803793691283116,1.3469271561796443,smooth5_top25,9,55,0.03,REAL,2
vendor_01,1.1417935119390503,1.1960907533919034,smooth1_top50,9,55,0.025,REAL,3
vendor_04,0.6839726366001221,1.0677000372667989,smooth5_top25,9,55,0.01,REAL,4
vendor_21,0.3499458275440574,1.0332120819793804,smooth20_top25,9,55,0.0,fake,5
vendor_19,-0.2638035229406572,0.6848598855236048,smooth5_top50,9,55,0.0,fake,6
vendor_05,0.25075602640353006,0.5698100744199365,smooth5_top50,9,55,0.0,fake,7
vendor_25,-0.3078130574788645,0.5519774318823079,smooth20_top50,9,55,0.0,fake,8
vendor_23,0.20492321085648704,0.5384931503365662,smooth5_all,9,55,0.0,fake,9
vendor_07,0.35529789679442425,0.5128930426093955,smooth20_all,9,55,0.0,fake,10
vendor_24,-0.1545056923725356,0.46448944244004164,smooth20_all,9,55,0.0,fake,11
vendor_16,-0.2831544520493534,0.4453278720783276,smooth5_top50,9,55,0.0,fake,12
vendor_27,0.44492756812211953,0.44492756812211953,smooth1_all,9,55,0.0,fake,13
vendor_06,-0.09062107476123431,0.43631062030594503,smooth5_top25,9,55,0.0,fake,14
vendor_03,0.3309258906234924,0.4183381319314976,smooth1_top25,9,55,0.015,REAL,15
vendor_12,0.3780428763099846,0.3780428763099846,smooth1_all,9,55,0.0,fake,16
vendor_22,0.24953626185345593,0.29583179952300054,smooth1_top50,9,55,0.0,fake,17
vendor_14,0.17871253778197752,0.25003561334377267,smooth20_top50,9,55,0.0,fake,18
vendor_28,0.2248043573352755,0.2248043573352755,smooth1_all,9,55,0.0,fake,19
vendor_08,-0.052572263476634185,0.19056422973489823,smooth20_top50,9,55,0.0,fake,20
vendor_17,-0.4208617099453461,0.07972391010376488,smooth20_top50,9,55,0.0,fake,21
vendor_20,-0.23675963963841473,-0.05182562844573179,smooth20_top50,9,55,0.0,fake,22
vendor_09,-0.6922425609225643,-0.06328856848288991,smooth20_top25,9,55,0.0,fake,23
vendor_15,-0.6484430183926165,-0.10486507685277685,smooth20_top25,9,55,0.0,fake,24
vendor_26,-0.20286834925298783,-0.12957940170624097,smooth20_all,9,55,0.0,fake,25
vendor_18,-0.20568084424187863,-0.14196449670779915,smooth1_top50,9,55,0.0,fake,26
vendor_13,-0.3199953842002281,-0.27269236787206275,smooth5_top50,9,55,0.0,fake,27
vendor_11,-0.4485985374910624,-0.30973173203897786,smooth5_top50,9,55,0.0,fake,28
vendor_29,-0.7199697261043745,-0.36340284926413957,smooth20_top50,9,55,0.0,fake,29
vendor_10,-0.5255072359361387,-0.39382457358692646,smooth5_top25,9,55,0.0,fake,30
vendor_00,1.8726394829428619,1.8726394829428619,smooth1_all,9,56,0.03,REAL,1
vendor_02,1.3216514794333147,1.3503942599960819,smooth1_top25,9,56,0.02,REAL,2
vendor_01,0.7655277682963146,1.3071026668209593,smooth5_all,9,56,0.025,REAL,3
vendor_20,0.5568051833778545,1.0719122453573442,smooth5_top50,9,56,0.0,fake,4
vendor_04,0.9415694397963746,0.9415694397963746,smooth1_all,9,56,0.01,REAL,5
vendor_28,0.1170258019569045,0.7373544527625124,smooth20_top25,9,56,0.0,fake,6
vendor_21,0.5525960743424063,0.6692155426857485,smooth1_top25,9,56,0.0,fake,7
vendor_03,0.5788407135169894,0.6647095714810954,smooth20_top25,9,56,0.015,REAL,8
vendor_09,0.14912214077969718,0.652540758714623,smooth20_all,9,56,0.0,fake,9
vendor_05,0.19473947834248423,0.5500026115046511,smooth20_top50,9,56,0.0,fake,10
vendor_24,0.450012971151756,0.450012971151756,smooth1_all,9,56,0.0,fake,11
vendor_25,0.12974761476119612,0.424953594621041,smooth20_top25,9,56,0.0,fake,12
vendor_16,0.19878904348543583,0.31939221898372655,smooth1_top25,9,56,0.0,fake,13
vendor_10,0.2391019070427136,0.29098129442961806,smooth1_top25,9,56,0.0,fake,14
vendor_13,-0.30586605414797546,0.28079513462634065,smooth20_top25,9,56,0.0,fake,15
vendor_18,-0.21705514004429588,0.25813010898545796,smooth5_top50,9,56,0.0,fake,16
vendor_23,0.18188123951239166,0.1865613375554082,smooth1_top50,9,56,0.0,fake,17
vendor_19,-0.32393305428970753,0.15452061277066115,smooth5_top25,9,56,0.0,fake,18
vendor_26,0.09163881493770275,0.09163881493770275,smooth1_all,9,56,0.0,fake,19
vendor_22,-0.08195826921230769,0.07240804529688011,smooth5_top50,9,56,0.0,fake,20
vendor_14,-0.6000809033295194,0.030995685433526952,smooth5_top50,9,56,0.0,fake,21
vendor_12,-0.6129243101621471,0.016151527713067878,smooth5_top50,9,56,0.0,fake,22
vendor_08,-0.22591830255457393,-0.14144689059951185,smooth1_top25,9,56,0.0,fake,23
vendor_11,-0.4076100266721973,-0.15619701841659345,smooth5_top25,9,56,0.0,fake,24
vendor_07,-0.3422642867707713,-0.19275923228252906,smooth1_top25,9,56,0.0,fake,25
vendor_15,-0.19748291470506923,-0.19371149413430105,smooth1_top25,9,56,0.0,fake,26
vendor_27,-0.2626075318391266,-0.20025305126723106,smooth1_top50,9,56,0.0,fake,27
vendor_17,-0.29607927561795,-0.22515238223978987,smooth1_top25,9,56,0.0,fake,28
vendor_06,-0.2903342631313632,-0.2722214028895872,smooth1_top25,9,56,0.0,fake,29
vendor_29,-0.8920026901977409,-0.3015008877437544,smooth20_top25,9,56,0.0,fake,30
vendor_00,1.4400681102043311,1.4573742901535056,smooth1_top50,9,57,0.03,REAL,1
vendor_01,1.0790855130143537,1.2595917981813085,smooth5_top25,9,57,0.025,REAL,2
vendor_13,0.36382530659770257,1.169718001263554,smooth20_top25,9,57,0.0,fake,3
vendor_09,0.14784609359621984,1.0405690220119035,smooth20_top25,9,57,0.0,fake,4
vendor_29,0.697124596502588,0.899200166449801,smooth20_top25,9,57,0.0,fake,5
vendor_17,0.8016229392694592,0.8602094400766892,smooth5_top50,9,57,0.0,fake,6
vendor_03,0.7277338317753966,0.8124384506977343,smooth1_top25,9,57,0.015,REAL,7
vendor_02,0.799529088878485,0.8001834837646256,smooth1_top50,9,57,0.02,REAL,8
vendor_22,0.13589486586575514,0.7275659919783746,smooth20_all,9,57,0.0,fake,9
vendor_14,0.5563044251008896,0.6141295013239174,smooth1_top25,9,57,0.0,fake,10
vendor_26,0.5024677031759506,0.5802143483957692,smooth1_top50,9,57,0.0,fake,11
vendor_06,0.40183925595199094,0.47261841965925594,smooth1_top25,9,57,0.0,fake,12
vendor_19,-0.04414587599086493,0.45374408205685807,smooth20_top25,9,57,0.0,fake,13
vendor_04,-0.04330594549757307,0.4095166674257079,smooth5_all,9,57,0.01,REAL,14
vendor_25,-0.09975632259650362,0.4082785054341302,smooth20_all,9,57,0.0,fake,15
vendor_28,-0.6072612260604927,0.30992534711580877,smooth20_top50,9,57,0.0,fake,16
vendor_12,-0.15771461807808781,0.30219593281255214,smooth20_top50,9,57,0.0,fake,17
vendor_08,-0.5842036545617468,0.2601707185168601,smooth20_all,9,57,0.0,fake,18
vendor_10,0.01460313436019013,0.25835577356978856,smooth20_top25,9,57,0.0,fake,19
vendor_15,-0.5559255500960709,0.16382699376547,smooth20_top25,9,57,0.0,fake,20
vendor_21,0.100287833774482,0.1186481485252284,smooth1_top25,9,57,0.0,fake,21
vendor_23,-0.22755356488917944,0.11739016304302416,smooth20_top25,9,57,0.0,fake,22
vendor_27,-0.10356797716235057,0.05004758182776469,smooth20_top25,9,57,0.0,fake,23
vendor_18,-0.10378983287286743,0.03726445083763929,smooth1_top25,9,57,0.0,fake,24
vendor_24,-0.5005179791901846,-0.0882450186880447,smooth5_top25,9,57,0.0,fake,25
vendor_16,-0.19637298475058376,-0.19637298475058376,smooth1_all,9,57,0.0,fake,26
vendor_20,-0.293523575623105,-0.19843928437895889,smooth5_top50,9,57,0.0,fake,27
vendor_07,-0.8962216049188287,-0.2670115465495075,smooth20_top25,9,57,0.0,fake,28
vendor_11,-0.5811570499759341,-0.5089245240636683,smooth1_top25,9,57,0.0,fake,29
vendor_05,-1.2759745022021416,-0.7002661589054776,smooth20_top25,9,57,0.0,fake,30
vendor_01,1.6697953245038155,2.1313513557931913,smooth5_top50,9,58,0.025,REAL,1
vendor_00,1.647489626285725,1.647489626285725,smooth1_all,9,58,0.03,REAL,2
vendor_02,1.3572217620009073,1.3572217620009073,smooth1_all,9,58,0.02,REAL,3
vendor_15,0.966735322009818,1.0048268033107777,smooth1_top25,9,58,0.0,fake,4
vendor_18,-0.10304322340890806,0.9859186220138599,smooth20_all,9,58,0.0,fake,5
vendor_25,0.8264539307904059,0.9575979955848383,smooth1_top25,9,58,0.0,fake,6
vendor_11,0.27377204839586666,0.8525915287611168,smooth20_all,9,58,0.0,fake,7
vendor_03,0.706760651183033,0.8124113769774867,smooth5_top50,9,58,0.015,REAL,8
vendor_16,0.746483528363301,0.746483528363301,smooth1_all,9,58,0.0,fake,9
vendor_29,0.08346195230305503,0.715265053012791,smooth20_all,9,58,0.0,fake,10
vendor_04,0.05266103248563454,0.7015044841911389,smooth20_top50,9,58,0.01,REAL,11
vendor_07,0.005331872799805392,0.6931239174031619,smooth5_top50,9,58,0.0,fake,12
vendor_05,-0.581384172166196,0.6101321784597113,smooth20_top50,9,58,0.0,fake,13
vendor_09,0.16416517478187118,0.6047767010206955,smooth5_top50,9,58,0.0,fake,14
vendor_21,-0.6006598668603979,0.5400737590485619,smooth20_top25,9,58,0.0,fake,15
vendor_19,0.4125625533107732,0.4125625533107732,smooth1_all,9,58,0.0,fake,16
vendor_14,0.3750951922560952,0.3778813864276009,smooth1_top50,9,58,0.0,fake,17
vendor_17,0.23908917974782898,0.3325796664284824,smooth5_top25,9,58,0.0,fake,18
vendor_08,0.23793746321309603,0.29288841608577554,smooth1_top50,9,58,0.0,fake,19
vendor_27,-0.40568192655469576,0.2311440394130455,smooth5_all,9,58,0.0,fake,20
vendor_10,0.09515947034552566,0.1930854433307508,smooth1_top50,9,58,0.0,fake,21
vendor_06,-0.24572752469041365,0.15434628051535693,smooth20_top50,9,58,0.0,fake,22
vendor_28,0.10861401799920294,0.10861401799920294,smooth1_all,9,58,0.0,fake,23
vendor_24,0.0467675717292083,0.08096202737483818,smooth1_top25,9,58,0.0,fake,24
vendor_23,-0.5644068494994187,0.06909052546408165,smooth20_top25,9,58,0.0,fake,25
vendor_26,-0.3289314377837816,0.010268813619246054,smooth5_all,9,58,0.0,fake,26
vendor_12,-0.20478077534706027,-0.18244111970580132,smooth1_top50,9,58,0.0,fake,27
vendor_13,-0.4617542419604333,-0.23640538251210477,smooth5_top50,9,58,0.0,fake,28
vendor_22,-0.24476306536864728,-0.23890210647248927,smooth1_top25,9,58,0.0,fake,29
vendor_20,-0.38803325482099393,-0.38803325482099393,smooth1_all,9,58,0.0,fake,30
vendor_01,1.5736219831497409,1.864772726073024,smooth5_top25,9,59,0.025,REAL,1
vendor_00,1.54491997708444,1.5696315571149124,smooth1_top25,9,59,0.03,REAL,2
vendor_02,1.164859318121229,1.1713313241835337,smooth1_top25,9,59,0.02,REAL,3
vendor_03,0.9319425230652416,0.9575615115314291,smooth1_top25,9,59,0.015,REAL,4
vendor_19,0.3795158939136211,0.8472618480593713,smooth20_all,9,59,0.0,fake,5
vendor_14,0.8053532321655069,0.8440983274285067,smooth1_top50,9,59,0.0,fake,6
vendor_20,0.45571105346858726,0.6763195993977735,smooth5_top25,9,59,0.0,fake,7
vendor_06,-0.361077097622717,0.6698020642931652,smooth20_top25,9,59,0.0,fake,8
vendor_21,-0.5868278157204815,0.6448126147875963,smooth20_top25,9,59,0.0,fake,9
vendor_04,0.25589130492070383,0.5503553725041707,smooth20_all,9,59,0.01,REAL,10
vendor_09,0.09594221180593002,0.3863697991986388,smooth20_all,9,59,0.0,fake,11
vendor_15,0.3343743105843756,0.3575284424238741,smooth5_top50,9,59,0.0,fake,12
vendor_05,0.22427386495562537,0.32833468239918373,smooth20_all,9,59,0.0,fake,13
vendor_29,0.20308197284593904,0.2796802077473243,smooth1_top25,9,59,0.0,fake,14
vendor_10,-0.13195658403949723,0.25974283829122446,smooth20_all,9,59,0.0,fake,15
vendor_25,0.05096634152844203,0.23598800117974655,smooth5_top25,9,59,0.0,fake,16
vendor_27,0.2073911855013791,0.22368915708163936,smooth1_top25,9,59,0.0,fake,17
vendor_28,0.18402816374099112,0.20581137074630634,smooth1_top50,9,59,0.0,fake,18
vendor_18,0.17328188422871646,0.17328188422871646,smooth1_all,9,59,0.0,fake,19
vendor_26,0.10574660034158197,0.13739064048465338,smooth1_top50,9,59,0.0,fake,20
vendor_23,0.08005042251686949,0.11036113590524424,smooth1_top50,9,59,0.0,fake,21
vendor_07,-0.016908382524052797,0.10407553447097212,smooth1_top25,9,59,0.0,fake,22
vendor_11,-0.0050590032405104235,0.10055211076665191,smooth5_top50,9,59,0.0,fake,23
vendor_12,-0.15991459817843612,0.09152675319779274,smooth5_top50,9,59,0.0,fake,24
vendor_17,-0.540519612639511,0.03343916894904786,smooth20_top25,9,59,0.0,fake,25
vendor_16,-0.6514227426731661,-0.0038257250385335907,smooth5_top50,9,59,0.0,fake,26
vendor_13,-0.7224428088558664,-0.006908060149535153,smooth20_top50,9,59,0.0,fake,27
vendor_08,-0.10695293323703939,-0.09340551484549141,smooth5_top25,9,59,0.0,fake,28
vendor_22,-0.18519454765448934,-0.18519454765448934,smooth1_all,9,59,0.0,fake,29
vendor_24,-0.5574318891274375,-0.3567723018711541,smooth5_top50,9,59,0.0,fake,30
vendor_01,1.278078766960963,1.8635001284027795,smooth5_top50,9,60,0.025,REAL,1
vendor_00,1.5779668485612828,1.598783876952034,smooth1_top50,9,60,0.03,REAL,2
vendor_02,1.253563195404677,1.5013950106271552,smooth5_all,9,60,0.02,REAL,3
vendor_23,0.2527859276953371,1.4153934722775041,smooth20_top50,9,60,0.0,fake,4
vendor_04,0.9216880128477878,0.9216880128477878,smooth1_all,9,60,0.01,REAL,5
vendor_03,0.8303541892940738,0.8847616715631074,smooth1_top50,9,60,0.015,REAL,6
vendor_18,0.05767456758217734,0.8408573103548677,smooth20_all,9,60,0.0,fake,7
vendor_22,0.8074790795030534,0.8074790795030534,smooth1_all,9,60,0.0,fake,8
vendor_11,0.12686934600628125,0.6667688205850226,smooth5_top25,9,60,0.0,fake,9
vendor_26,-0.011144875214919466,0.649387087076062,smooth5_top25,9,60,0.0,fake,10
vendor_19,-0.6658662396545655,0.5229804223786892,smooth20_top50,9,60,0.0,fake,11
vendor_24,0.433911448739822,0.433911448739822,smooth1_all,9,60,0.0,fake,12
vendor_15,-0.6126426651182711,0.3960766405285639,smooth5_top50,9,60,0.0,fake,13
vendor_09,0.22851293435583642,0.38256580765932896,smooth20_top25,9,60,0.0,fake,14
vendor_28,0.06051645524493921,0.3155350240782275,smooth5_top25,9,60,0.0,fake,15
vendor_13,0.2738637002806736,0.2888184527336883,smooth1_top25,9,60,0.0,fake,16
vendor_05,-0.04359388676434201,0.2795870177069082,smooth5_top25,9,60,0.0,fake,17
vendor_25,0.2210103312713962,0.24638412233606205,smooth5_top50,9,60,0.0,fake,18
vendor_10,-0.08147567335614003,0.24202094415624958,smooth5_top50,9,60,0.0,fake,19
vendor_07,-0.14169729261137842,0.2148373745422323,smooth20_top25,9,60,0.0,fake,20
vendor_20,0.01584573511614999,0.09256346841444145,smooth20_all,9,60,0.0,fake,21
vendor_08,-0.12650959896420608,0.03679726621655911,smooth1_top25,9,60,0.0,fake,22
vendor_21,-0.6082562903861373,0.005545768228226994,smooth20_all,9,60,0.0,fake,23
vendor_17,-0.042860190136531244,-0.008319423509906373,smooth1_top25,9,60,0.0,fake,24
vendor_12,-0.014909316322476418,-0.014909316322476418,smooth1_all,9,60,0.0,fake,25
vendor_29,-0.459308412173895,-0.025444969526798363,smooth5_top25,9,60,0.0,fake,26
vendor_27,-0.31897207276712997,-0.23089720197660712,smooth1_top25,9,60,0.0,fake,27
vendor_06,-0.5389964819859503,-0.28565679100364444,smooth5_top25,9,60,0.0,fake,28
vendor_16,-0.40856004858861344,-0.40856004858861344,smooth1_all,9,60,0.0,fake,29
vendor_14,-0.6449733627690554,-0.5240850359235061,smooth5_top50,9,60,0.0,fake,30
vendor_01,1.9092103417934576,1.9092103417934576,smooth1_all,9,61,0.025,REAL,1
vendor_00,1.573773261870791,1.573773261870791,smooth1_all,9,61,0.03,REAL,2
vendor_02,1.200428669873329,1.2322299148033184,smooth1_top25,9,61,0.02,REAL,3
vendor_09,0.23316095083017735,1.21491406809358,smooth20_all,9,61,0.0,fake,4
vendor_11,0.5207471094171554,1.019758998614234,smooth20_all,9,61,0.0,fake,5
vendor_14,-0.19855814685843085,0.9909562775960027,smooth20_all,9,61,0.0,fake,6
vendor_05,0.5172061936311925,0.8056307553815245,smooth20_top25,9,61,0.0,fake,7
vendor_03,0.4733191674858375,0.7648209348729941,smooth5_top25,9,61,0.015,REAL,8
vendor_19,0.26602550794156393,0.6572544601782134,smooth20_top25,9,61,0.0,fake,9
vendor_25,-0.13209117358136363,0.587189502764848,smooth20_top50,9,61,0.0,fake,10
vendor_17,0.5623844567747067,0.5623844567747067,smooth1_all,9,61,0.0,fake,11
vendor_04,0.513891925824171,0.514605123423783,smooth1_top50,9,61,0.01,REAL,12
vendor_23,-0.4525519471301789,0.4916830013485408,smooth20_top50,9,61,0.0,fake,13
vendor_29,0.40765536521602436,0.40765536521602436,smooth1_all,9,61,0.0,fake,14
vendor_10,0.23609853290470184,0.36586455429215164,smooth5_all,9,61,0.0,fake,15
vendor_12,0.1290402960603398,0.3176930211950651,smooth5_all,9,61,0.0,fake,16
vendor_15,0.060254126269619485,0.2995726936198801,smooth20_top25,9,61,0.0,fake,17
vendor_08,-0.3161631008377563,0.2896095087081702,smooth5_all,9,61,0.0,fake,18
vendor_13,0.18459548657184346,0.28113157982613285,smooth1_top25,9,61,0.0,fake,19
vendor_28,-0.4541104030282154,0.25259408266581374,smooth20_top25,9,61,0.0,fake,20
vendor_07,0.05196790128790229,0.2351038434527331,smooth5_top25,9,61,0.0,fake,21
vendor_27,0.1803222598569956,0.18136948379355203,smooth1_top25,9,61,0.0,fake,22
vendor_18,-0.11871446473900513,0.15454130049233414,smooth5_all,9,61,0.0,fake,23
vendor_26,0.08728500214591356,0.125523738230105,smooth1_top25,9,61,0.0,fake,24
vendor_16,0.09407490830258758,0.11540260232048581,smooth1_top25,9,61,0.0,fake,25
vendor_22,0.004535834818930877,0.10997433980561763,smooth1_top25,9,61,0.0,fake,26
vendor_20,-0.17253774780550002,0.03567981997907429,smooth5_top50,9,61,0.0,fake,27
vendor_06,-0.2051232720491682,-0.1444503657426764,smooth1_top50,9,61,0.0,fake,28
vendor_21,-0.7322459097979954,-0.2191969370619685,smooth5_top25,9,61,0.0,fake,29
vendor_24,-0.9351259539642914,-0.6469295218583924,smooth5_top25,9,61,0.0,fake,30
vendor_00,1.4996531011977985,1.5060537307489288,smooth1_top25,9,62,0.03,REAL,1
vendor_13,0.8258662030178971,1.1629618244501507,smooth5_top25,9,62,0.0,fake,2
vendor_01,0.8423542033763304,1.119296650566208,smooth5_top25,9,62,0.025,REAL,3
vendor_14,0.8256935031703939,0.9465971596435332,smooth1_top25,9,62,0.0,fake,4
vendor_03,0.6708336032962877,0.937180555938157,smooth20_top50,9,62,0.015,REAL,5
vendor_24,0.8867836434212811,0.916056190322658,smooth1_top50,9,62,0.0,fake,6
vendor_22,-0.005740610587812614,0.8476342634426446,smooth5_top50,9,62,0.0,fake,7
vendor_04,0.8104435205681437,0.8255480945411507,smooth1_top25,9,62,0.01,REAL,8
vendor_02,0.8016654084184673,0.8138833822042212,smooth1_top25,9,62,0.02,REAL,9
vendor_07,-0.5910551020393752,0.6126710851551842,smooth20_top50,9,62,0.0,fake,10
vendor_19,0.14557377786814887,0.5912301361970327,smooth5_top25,9,62,0.0,fake,11
vendor_05,-0.1210033780586519,0.56933071409862,smooth20_top25,9,62,0.0,fake,12
vendor_23,0.34854639838337736,0.5487498881334282,smooth20_top25,9,62,0.0,fake,13
vendor_26,-0.20871516780530328,0.4848241069079659,smooth20_all,9,62,0.0,fake,14
vendor_08,0.37649543336892444,0.4564634818621281,smooth20_top25,9,62,0.0,fake,15
vendor_27,-0.11668219091563894,0.4257104365601525,smooth5_top25,9,62,0.0,fake,16
vendor_21,0.03264656667923125,0.38192472126920063,smooth20_top25,9,62,0.0,fake,17
vendor_15,-0.08380829249501122,0.3795650881831688,smooth5_top25,9,62,0.0,fake,18
vendor_25,0.09675938829572324,0.3678845433356743,smooth5_top50,9,62,0.0,fake,19
vendor_09,0.3393128864660101,0.3393128864660101,smooth1_all,9,62,0.0,fake,20
vendor_18,0.11658025362793899,0.3323043282041693,smooth5_top25,9,62,0.0,fake,21
vendor_28,0.27030852710232456,0.2969104593174706,smooth1_top25,9,62,0.0,fake,22
vendor_11,-0.1392330083222885,0.2174239065049041,smooth20_all,9,62,0.0,fake,23
vendor_29,0.10463893121396446,0.12870668561315782,smooth1_top50,9,62,0.0,fake,24
vendor_12,0.12546555263643186,0.12546555263643186,smooth1_all,9,62,0.0,fake,25
vendor_06,-0.09298882084156283,0.1068486613390974,smooth20_top25,9,62,0.0,fake,26
vendor_10,-1.0230176194809957,0.04418433021502486,smooth5_all,9,62,0.0,fake,27
vendor_16,-0.6793725548546632,-0.08657023044608864,smooth5_top25,9,62,0.0,fake,28
vendor_17,-0.7694309981837804,-0.2991327215207536,smooth20_top50,9,62,0.0,fake,29
vendor_20,-0.40203149636695623,-0.31044084346420103,smooth20_all,9,62,0.0,fake,30
vendor_01,1.7936454273433695,1.7936454273433695,smooth1_all,9,63,0.025,REAL,1
vendor_00,1.5257229189368653,1.5257229189368653,smooth1_all,9,63,0.03,REAL,2
vendor_02,1.1840841624924203,1.2192446843100107,smooth1_top25,9,63,0.02,REAL,3
vendor_05,0.5904696847590614,0.9997437598232674,smooth5_all,9,63,0.0,fake,4
vendor_03,0.49808859954369367,0.9313053583186881,smooth5_top50,9,63,0.015,REAL,5
vendor_13,0.5090033343877973,0.7050909022950704,smooth5_top25,9,63,0.0,fake,6
vendor_19,0.6131322054799309,0.6131322054799309,smooth1_all,9,63,0.0,fake,7
vendor_24,-0.11842714249397256,0.6061238845723191,smooth20_all,9,63,0.0,fake,8
vendor_28,0.6009672831202344,0.6009672831202344,smooth1_all,9,63,0.0,fake,9
vendor_06,0.5700521769495526,0.5700521769495526,smooth1_all,9,63,0.0,fake,10
vendor_17,-0.12455594251686695,0.497408513927037,smooth20_top25,9,63,0.0,fake,11
vendor_14,-0.23381262532793123,0.47370858249230136,smooth5_top50,9,63,0.0,fake,12
vendor_15,0.267836241815895,0.32465395306742917,smooth1_top25,9,63,0.0,fake,13
vendor_04,-0.13147608948205208,0.3191585916158127,smooth20_all,9,63,0.01,REAL,14
vendor_12,0.27564227513023354,0.311399981847743,smooth1_top50,9,63,0.0,fake,15
vendor_10,0.02769107510854706,0.30878622705059017,smooth20_top25,9,63,0.0,fake,16
vendor_11,-0.28669094059114314,0.3038340501418361,smooth20_top50,9,63,0.0,fake,17
vendor_27,0.22487165561400022,0.22487165561400022,smooth1_all,9,63,0.0,fake,18
vendor_18,0.22170232930530126,0.22170232930530126,smooth1_all,9,63,0.0,fake,19
vendor_29,0.03645897037112348,0.05624967963951587,smooth1_top25,9,63,0.0,fake,20
vendor_23,-0.27516937108761197,-0.03182603756407822,smooth5_top25,9,63,0.0,fake,21
vendor_26,-0.3414877422391879,-0.17752537057740297,smooth20_top50,9,63,0.0,fake,22
vendor_07,-0.5803097941796114,-0.21661486181919012,smooth20_top50,9,63,0.0,fake,23
vendor_16,-0.3908544441812614,-0.22230659776767445,smooth20_top50,9,63,0.0,fake,24
vendor_25,-0.29153929231038805,-0.22376145169959608,smooth1_top25,9,63,0.0,fake,25
vendor_21,-0.329215046860888,-0.2569437705923776,smooth5_top25,9,63,0.0,fake,26
vendor_08,-0.5364063134678116,-0.30737721913748206,smooth5_top25,9,63,0.0,fake,27
vendor_22,-0.47360650378736296,-0.3492393513893051,smooth5_all,9,63,0.0,fake,28
vendor_20,-0.6314738966094823,-0.4650238289823854,smooth20_all,9,63,0.0,fake,29
vendor_09,-0.6750853837376101,-0.6268225466633601,smooth5_all,9,63,0.0,fake,30
vendor_02,1.171928530866326,1.4546829836412294,smooth20_all,9,64,0.02,REAL,1
vendor_00,1.22754875910902,1.2991086551510729,smooth5_top25,9,64,0.03,REAL,2
vendor_20,0.3604929997455978,0.94998732088284,smooth20_all,9,64,0.0,fake,3
vendor_19,0.13805350888126333,0.7568744213357917,smooth20_top50,9,64,0.0,fake,4
vendor_13,0.680392993524866,0.7250789265230875,smooth1_top25,9,64,0.0,fake,5
vendor_17,0.39153696442112407,0.6619334169686713,smooth20_all,9,64,0.0,fake,6
vendor_21,0.30551763250661423,0.6615092631910396,smooth5_top25,9,64,0.0,fake,7
vendor_25,0.5668803740672141,0.6556099654703006,smooth1_top25,9,64,0.0,fake,8
vendor_03,0.4653638095787286,0.5386466303284352,smooth20_top25,9,64,0.015,REAL,9
vendor_15,0.40955773895947056,0.4913666151672989,smooth1_top25,9,64,0.0,fake,10
vendor_05,-0.12018050688003899,0.46810540250036997,smooth20_top25,9,64,0.0,fake,11
vendor_04,-0.37836997417814516,0.46808725307852656,smooth20_top25,9,64,0.01,REAL,12
vendor_06,0.34462749954618194,0.41700171587436763,smooth1_top50,9,64,0.0,fake,13
vendor_01,0.26944130130918414,0.4088196822375599,smooth5_top25,9,64,0.025,REAL,14
vendor_27,0.3468002625226947,0.40287196502816086,smooth5_top25,9,64,0.0,fake,15
vendor_11,0.15329318345691198,0.3834442675009971,smooth5_top25,9,64,0.0,fake,16
vendor_23,-0.06964047351954541,0.35007561929326225,smooth5_top50,9,64,0.0,fake,17
vendor_18,0.30246408109087547,0.34083928533272606,smooth1_top50,9,64,0.0,fake,18
vendor_28,0.06351683095106862,0.21679847667955418,smooth5_top50,9,64,0.0,fake,19
vendor_14,-0.7050091758274052,0.16177598654396919,smooth20_top25,9,64,0.0,fake,20
vendor_10,0.013841535686758251,0.013841535686758251,smooth1_all,9,64,0.0,fake,21
vendor_08,-0.3415778239900416,-0.09732271616095232,smooth5_top50,9,64,0.0,fake,22
vendor_16,-0.2919330752571628,-0.24396341179346556,smooth1_top50,9,64,0.0,fake,23
vendor_22,-0.2641016942336251,-0.2568043557181229,smooth5_top50,9,64,0.0,fake,24
vendor_09,-0.5914117043460366,-0.30785567311074374,smooth20_all,9,64,0.0,fake,25
vendor_24,-0.3438549667532453,-0.33395978393544296,smooth1_top50,9,64,0.0,fake,26
vendor_26,-0.8402033896531428,-0.35161124240540115,smooth20_top25,9,64,0.0,fake,27
vendor_12,-0.9067884063355881,-0.4721043269694818,smooth20_top25,9,64,0.0,fake,28
vendor_07,-1.0785092580668805,-0.5987337551789219,smooth20_top25,9,64,0.0,fake,29
vendor_29,-0.64432299670399,-0.6076707774046323,smooth1_top50,9,64,0.0,fake,30
vendor_00,1.1865140782167116,1.7380061091338164,smooth20_top50,9,65,0.03,REAL,1
vendor_03,1.1716039204121174,1.314137749786127,smooth20_top25,9,65,0.015,REAL,2
vendor_04,1.25600454201793,1.276330933201773,smooth1_top50,9,65,0.01,REAL,3
vendor_01,1.1239376670128463,1.1345736394904211,smooth1_top25,9,65,0.025,REAL,4
vendor_02,0.9822659469702426,1.0306678959560507,smooth1_top25,9,65,0.02,REAL,5
vendor_18,-0.27818393526578505,0.9099157642910516,smooth20_top50,9,65,0.0,fake,6
vendor_14,0.2205131204575141,0.7259583853204498,smooth20_all,9,65,0.0,fake,7
vendor_11,0.6509573174962774,0.724508438722475,smooth1_top25,9,65,0.0,fake,8
vendor_10,0.6720781489724078,0.7020806922796695,smooth1_top25,9,65,0.0,fake,9
vendor_16,-0.04395875012246742,0.5243914129073138,smooth20_top25,9,65,0.0,fake,10
vendor_25,0.43477084928372367,0.4624252838268262,smooth1_top50,9,65,0.0,fake,11
vendor_15,0.10179640027232828,0.4503095015391006,smooth20_top25,9,65,0.0,fake,12
vendor_21,0.4034582118155229,0.4249694225608461,smooth1_top50,9,65,0.0,fake,13
vendor_06,0.3156954536603999,0.3236614957485604,smooth5_top25,9,65,0.0,fake,14
vendor_26,-0.22861834781128387,0.28042173909916956,smooth20_top25,9,65,0.0,fake,15
vendor_09,-0.0045664424959452835,0.27994871065202803,smooth20_top50,9,65,0.0,fake,16
vendor_17,-0.4247219221796241,0.21784324347646944,smooth20_top25,9,65,0.0,fake,17
vendor_05,0.09084868226130663,0.21581474421550392,smooth5_top50,9,65,0.0,fake,18
vendor_27,0.20313437956166105,0.20565112982846778,smooth1_top50,9,65,0.0,fake,19
vendor_23,-0.406250965665435,0.17808476443990062,smooth20_top50,9,65,0.0,fake,20
vendor_07,0.1335241627961309,0.16637329721155505,smooth1_top25,9,65,0.0,fake,21
vendor_29,-0.18931072346883085,0.15203053637040254,smooth20_top25,9,65,0.0,fake,22
vendor_12,-0.015487888966298486,0.06920032103484887,smooth1_top50,9,65,0.0,fake,23
vendor_08,0.06185108551984403,0.06185108551984403,smooth1_all,9,65,0.0,fake,24
vendor_19,-0.4603622587803983,-0.006491891627277728,smooth20_all,9,65,0.0,fake,25
vendor_22,-0.5112009790874331,-0.01666157911185774,smooth20_top50,9,65,0.0,fake,26
vendor_13,-0.15846128195350634,-0.07166371619070172,smooth1_top25,9,65,0.0,fake,27
vendor_24,-0.2799785557490265,-0.11647622296993808,smooth5_top25,9,65,0.0,fake,28
vendor_20,-0.515715723359003,-0.150531998030257,smooth5_all,9,65,0.0,fake,29
vendor_28,-0.45023459975339,-0.17922469777756447,smooth20_top50,9,65,0.0,fake,30
vendor_01,1.6248841606783466,1.6512853953561988,smooth1_top50,9,66,0.025,REAL,1
vendor_00,1.4965313581296191,1.4965313581296191,smooth1_all,9,66,0.03,REAL,2
vendor_20,0.7104359093248989,0.972951370502256,smooth5_all,9,66,0.0,fake,3
vendor_02,0.7999393710369657,0.8388076107264547,smooth1_top50,9,66,0.02,REAL,4
vendor_03,0.5475151092848326,0.8000507997129649,smooth5_top25,9,66,0.015,REAL,5
vendor_15,0.757388466214889,0.757388466214889,smooth1_all,9,66,0.0,fake,6
vendor_19,-0.10188784477205647,0.753953019495696,smooth20_top50,9,66,0.0,fake,7
vendor_04,0.410856952363922,0.734317910033271,smooth5_top50,9,66,0.01,REAL,8
vendor_21,-0.43384895502930726,0.70347793947616,smooth20_top25,9,66,0.0,fake,9
vendor_08,-0.6703274198821842,0.6387566120048183,smooth20_top50,9,66,0.0,fake,10
vendor_07,0.1312050524369317,0.6250855758220276,smooth20_top25,9,66,0.0,fake,11
vendor_26,0.12838760151763348,0.5972366352923817,smooth20_all,9,66,0.0,fake,12
vendor_24,0.5208210785667268,0.5749031605638751,smooth1_top50,9,66,0.0,fake,13
vendor_12,0.48571067027689524,0.5049021162547216,smooth1_top50,9,66,0.0,fake,14
vendor_11,-0.24731570760393135,0.45949428629451977,smooth20_top25,9,66,0.0,fake,15
vendor_18,-0.20240926986552188,0.4568793930418743,smooth5_top25,9,66,0.0,fake,16
vendor_10,0.2993577497896815,0.3546441317371268,smooth1_top50,9,66,0.0,fake,17
vendor_17,-0.3425116027100787,0.3326314837046302,smooth20_top25,9,66,0.0,fake,18
vendor_06,0.001314321970610402,0.30513525344975634,smooth5_top50,9,66,0.0,fake,19
vendor_29,0.22571412233072477,0.2719574416474488,smooth20_top25,9,66,0.0,fake,20
vendor_16,-0.2651311230034826,0.24933354874310645,smooth20_top25,9,66,0.0,fake,21
vendor_23,0.0997930692852363,0.13778491121135045,smooth1_top25,9,66,0.0,fake,22
vendor_28,0.08102352507762835,0.08387267238334409,smooth1_top50,9,66,0.0,fake,23
vendor_27,-0.03515081543576705,-0.021442243946422912,smooth1_top50,9,66,0.0,fake,24
vendor_09,-0.6341184400983307,-0.08649620662151207,smooth5_top25,9,66,0.0,fake,25
vendor_22,-0.25261383296386175,-0.15746782323174835,smooth1_top25,9,66,0.0,fake,26
vendor_14,-0.2783212531420775,-0.2783212531420775,smooth1_all,9,66,0.0,fake,27
vendor_13,-0.35294389598505754,-0.3505780258629636,smooth1_top25,9,66,0.0,fake,28
vendor_05,-0.524595726732701,-0.4623495425613613,smooth1_top50,9,66,0.0,fake,29
vendor_25,-0.5494866206483519,-0.4692316547491782,smooth1_top50,9,66,0.0,fake,30
vendor_00,2.225002152626635,2.225002152626635,smooth1_all,9,67,0.03,REAL,1
vendor_01,1.3458758034798628,1.3734771072063698,smooth1_top50,9,67,0.025,REAL,2
vendor_04,0.936833192071006,0.9414043693490932,smooth1_top25,9,67,0.01,REAL,3
vendor_05,-0.03751471013829787,0.8406208251462925,smooth20_top50,9,67,0.0,fake,4
vendor_11,0.7270932594806169,0.7505420429226999,smooth1_top50,9,67,0.0,fake,5
vendor_06,0.6985335255237504,0.7494076941439587,smooth1_top25,9,67,0.0,fake,6
vendor_13,0.2751011271770599,0.728200200986406,smooth5_all,9,67,0.0,fake,7
vendor_16,-0.2943973091701987,0.7021029316834442,smooth20_all,9,67,0.0,fake,8
vendor_03,0.6608097471401932,0.7017076924350487,smooth1_top50,9,67,0.015,REAL,9
vendor_21,-0.20156964377889777,0.6291985733288709,smooth20_all,9,67,0.0,fake,10
vendor_07,-0.5798181339728017,0.5969891198761762,smooth20_top25,9,67,0.0,fake,11
vendor_10,0.26274024408782104,0.5828856956191131,smooth5_top25,9,67,0.0,fake,12
vendor_09,0.46439185768485364,0.5523569287998068,smooth5_top25,9,67,0.0,fake,13
vendor_28,0.17594784866386434,0.5335966216634503,smooth20_all,9,67,0.0,fake,14
vendor_08,0.11067102517509057,0.47608851048220724,smooth20_top50,9,67,0.0,fake,15
vendor_18,-0.02104868544346179,0.4682104270215086,smooth20_top25,9,67,0.0,fake,16
vendor_17,0.24662352279176364,0.3530892378257403,smooth5_top25,9,67,0.0,fake,17
vendor_26,-0.5419041293647417,0.3314500338129848,smooth20_top25,9,67,0.0,fake,18
vendor_15,0.2925023640624327,0.2925023640624327,smooth1_all,9,67,0.0,fake,19
vendor_25,0.14767328809516245,0.2425342039828689,smooth20_top25,9,67,0.0,fake,20
vendor_19,0.028219847499368254,0.23711770894925316,smooth5_top25,9,67,0.0,fake,21
vendor_02,0.2043631857002127,0.21749426342769249,smooth1_top25,9,67,0.02,REAL,22
vendor_24,-0.18976449977403018,0.202665200097706,smooth5_all,9,67,0.0,fake,23
vendor_12,0.11685733887112733,0.1873238775573736,smooth1_top25,9,67,0.0,fake,24
vendor_27,-0.30632353969050935,0.08118947740993668,smooth5_top50,9,67,0.0,fake,25
vendor_14,-0.456598338526251,0.06609119179891919,smooth20_top50,9,67,0.0,fake,26
vendor_22,0.02956021506301325,0.05844805628029606,smooth1_top50,9,67,0.0,fake,27
vendor_29,0.04420002697152305,0.04420002697152305,smooth1_all,9,67,0.0,fake,28
vendor_20,-0.11605903375802118,-0.09696350407348997,smooth1_top25,9,67,0.0,fake,29
vendor_23,-0.45892308544971544,-0.2535098155939553,smooth5_top25,9,67,0.0,fake,30
vendor_00,1.608198653919328,1.608198653919328,smooth1_all,9,68,0.03,REAL,1
vendor_01,1.3719300152340188,1.3995688887474274,smooth1_top25,9,68,0.025,REAL,2
vendor_17,1.122288277065446,1.122288277065446,smooth1_all,9,68,0.0,fake,3
vendor_02,0.8263778340193955,0.9247110823324854,smooth5_top50,9,68,0.02,REAL,4
vendor_05,0.9102821412366887,0.9130390970841973,smooth1_top25,9,68,0.0,fake,5
vendor_20,0.48372608815283785,0.7388180475043558,smooth5_top25,9,68,0.0,fake,6
vendor_18,-0.40826262887179254,0.7261626373687297,smooth20_top50,9,68,0.0,fake,7
vendor_06,0.5001995252341621,0.6100389003166327,smooth5_top25,9,68,0.0,fake,8
vendor_07,-0.10480025086807082,0.539846393176006,smooth20_all,9,68,0.0,fake,9
vendor_22,0.3987230201721706,0.5288890753382354,smooth5_top25,9,68,0.0,fake,10
vendor_23,0.07197984430487997,0.37315431773671137,smooth20_top25,9,68,0.0,fake,11
vendor_15,0.3587286111983495,0.3587286111983495,smooth1_all,9,68,0.0,fake,12
vendor_09,-0.8104682952065014,0.34128621627987354,smooth20_all,9,68,0.0,fake,13
vendor_25,0.13553103395880634,0.31289506141067264,smooth20_all,9,68,0.0,fake,14
vendor_10,0.21411360460501996,0.2341636204335582,smooth1_top50,9,68,0.0,fake,15
vendor_14,-0.36266901580889926,0.16522007965446942,smooth20_top50,9,68,0.0,fake,16
vendor_29,-0.07195202910659775,0.15097304437365355,smooth5_all,9,68,0.0,fake,17
vendor_08,-0.19491332240086442,0.12299915964259131,smooth20_top25,9,68,0.0,fake,18
vendor_19,-0.08185160324071496,0.03726292639281288,smooth1_top25,9,68,0.0,fake,19
vendor_27,-0.5837677834400726,0.024005673566252664,smooth5_top50,9,68,0.0,fake,20
vendor_16,-0.0686654221345025,0.022655786519795787,smooth5_top25,9,68,0.0,fake,21
vendor_03,-0.3589845138034242,0.01576004517997373,smooth5_all,9,68,0.015,REAL,22
vendor_24,-0.15057995706034025,-0.0030453868390593543,smooth20_top50,9,68,0.0,fake,23
vendor_04,-0.007971137972846343,-0.004113736988295895,smooth5_top25,9,68,0.01,REAL,24
vendor_12,-0.12336013006650619,-0.009931439966990058,smooth20_top25,9,68,0.0,fake,25
vendor_11,-0.030177870268565415,-0.010534194006396653,smooth1_top50,9,68,0.0,fake,26
vendor_13,-0.6459460618728481,-0.07164034353503805,smooth20_top25,9,68,0.0,fake,27
vendor_21,-0.20121986127234787,-0.1396552458031673,smooth5_top50,9,68,0.0,fake,28
vendor_28,-0.7524870534520078,-0.4048076720758637,smooth5_top50,9,68,0.0,fake,29
vendor_26,-1.0154858080308955,-0.5224976152519353,smooth20_all,9,68,0.0,fake,30
vendor_00,1.800840698444235,1.9601521249277527,smooth5_top50,9,69,0.03,REAL,1
vendor_02,1.3175414202389732,1.4831987570933625,smooth5_top50,9,69,0.02,REAL,2
vendor_01,0.9342590639432066,1.1755098546036562,smooth5_top50,9,69,0.025,REAL,3
vendor_03,0.7349220748516043,1.166403215304069,smooth20_all,9,69,0.015,REAL,4
vendor_23,0.6202172702539952,1.0112724661064223,smooth20_top25,9,69,0.0,fake,5
vendor_18,-0.2321367124548474,0.9278091667319494,smooth20_top25,9,69,0.0,fake,6
vendor_07,0.29803744557482553,0.6023560050761635,smooth20_top25,9,69,0.0,fake,7
vendor_09,0.41306410010995614,0.46942936874482194,smooth5_top50,9,69,0.0,fake,8
vendor_13,0.25968029622848193,0.4211300356631049,smooth1_top25,9,69,0.0,fake,9
vendor_05,0.08129162800423886,0.41478809271310707,smooth5_top50,9,69,0.0,fake,10
vendor_22,0.28480476214599487,0.40719372063056375,smooth5_top50,9,69,0.0,fake,11
vendor_08,-0.15989186170961953,0.4040204699838109,smooth5_top25,9,69,0.0,fake,12
vendor_04,-0.4073720646739731,0.3823693414383923,smooth20_top50,9,69,0.01,REAL,13
vendor_12,0.09037868856467594,0.3693271017095709,smooth20_top25,9,69,0.0,fake,14
vendor_14,-0.6213008638934148,0.31266286096141205,smooth20_all,9,69,0.0,fake,15
vendor_24,0.04410816169986855,0.29158392052287296,smooth5_top25,9,69,0.0,fake,16
vendor_29,-0.036945876483824455,0.2829064302547827,smooth20_top50,9,69,0.0,fake,17
vendor_28,0.21926824415464985,0.23721288084717035,smooth1_top50,9,69,0.0,fake,18
vendor_11,0.15574157718593973,0.20006399615237733,smooth1_top25,9,69,0.0,fake,19
vendor_15,0.09908701463265585,0.14540630186748268,smooth1_top25,9,69,0.0,fake,20
vendor_27,0.018192585318519333,0.06137620868042973,smooth20_top50,9,69,0.0,fake,21
vendor_20,-0.24447035084522517,0.050845303795253385,smooth20_all,9,69,0.0,fake,22
vendor_17,-0.2107609448282581,0.022893482222362243,smooth20_all,9,69,0.0,fake,23
vendor_06,-0.6438680097099113,-0.001122419601255574,smooth20_top25,9,69,0.0,fake,24
vendor_16,-0.17573814000946933,-0.03612564652149277,smooth5_top50,9,69,0.0,fake,25
vendor_25,-0.19992489755317022,-0.09981296458443419,smooth1_top50,9,69,0.0,fake,26
vendor_19,-0.34503942452934355,-0.20251928072740039,smooth5_all,9,69,0.0,fake,27
vendor_26,-0.44013160223677683,-0.29236346662620133,smooth5_top50,9,69,0.0,fake,28
vendor_10,-1.1460728876150241,-0.3136268354868222,smooth20_top25,9,69,0.0,fake,29
vendor_21,-1.0171537160878348,-0.34485249272322777,smooth20_all,9,69,0.0,fake,30
vendor_00,1.7923534567517598,1.7923534567517598,smooth1_all,9,70,0.03,REAL,1
vendor_01,1.372579124861192,1.4386026116141357,smooth1_top25,9,70,0.025,REAL,2
vendor_03,1.0360339989928509,1.381939815178844,smooth5_top50,9,70,0.015,REAL,3
vendor_25,0.9985726812562284,1.0794542380134102,smooth1_top25,9,70,0.0,fake,4
vendor_04,0.7938797968239458,0.7938797968239458,smooth1_all,9,70,0.01,REAL,5
vendor_16,0.7199364053908793,0.7645359212117158,smooth1_top50,9,70,0.0,fake,6
vendor_02,0.7000019115579456,0.7334526888028579,smooth1_top50,9,70,0.02,REAL,7
vendor_15,0.5469626046865265,0.5822885788845857,smooth1_top50,9,70,0.0,fake,8
vendor_24,0.5677692212625488,0.5677692212625488,smooth1_all,9,70,0.0,fake,9
vendor_19,-0.06345027339666323,0.5250973178430751,smooth20_all,9,70,0.0,fake,10
vendor_08,0.06372358588775445,0.4965915965515263,smooth5_all,9,70,0.0,fake,11
vendor_28,0.054375889681819556,0.46120091575947725,smooth20_all,9,70,0.0,fake,12
vendor_26,-0.3547529963810993,0.33082776045541795,smooth5_top25,9,70,0.0,fake,13
vendor_27,-0.7788100299011032,0.2893787004268035,smooth5_top50,9,70,0.0,fake,14
vendor_05,-0.2550218242434268,0.2636332135519336,smooth5_top25,9,70,0.0,fake,15
vendor_12,0.2597208814681274,0.2597208814681274,smooth1_all,9,70,0.0,fake,16
vendor_18,0.17049247565677556,0.20697598369042877,smooth1_top25,9,70,0.0,fake,17
vendor_07,0.10169348924213735,0.18487042204549153,smooth5_top25,9,70,0.0,fake,18
vendor_29,0.12991131930391694,0.13495342647946842,smooth1_top25,9,70,0.0,fake,19
vendor_22,0.1179740687735456,0.1179740687735456,smooth1_all,9,70,0.0,fake,20
vendor_10,-0.347673164183,0.06799242363656464,smooth5_all,9,70,0.0,fake,21
vendor_17,-0.03859532617656118,0.02187018403664036,smooth1_top50,9,70,0.0,fake,22
vendor_21,-0.02826987630188931,-0.02826987630188931,smooth1_all,9,70,0.0,fake,23
vendor_11,-0.8793347076728225,-0.0544914725655968,smooth20_all,9,70,0.0,fake,24
vendor_23,-0.572452238331282,-0.06232360423138296,smooth5_top25,9,70,0.0,fake,25
vendor_20,-0.517511724511299,-0.18694795667759379,smooth20_top25,9,70,0.0,fake,26
vendor_09,-0.274513097049027,-0.23674779754416533,smooth1_top25,9,70,0.0,fake,27
vendor_13,-0.45634560530834495,-0.4549700523605339,smooth1_top25,9,70,0.0,fake,28
vendor_14,-0.5093322507431435,-0.5093322507431435,smooth1_all,9,70,0.0,fake,29
vendor_06,-0.7511279016895434,-0.5524001104584675,smooth5_top25,9,70,0.0,fake,30
vendor_01,0.9661415929636165,1.4271139469194287,smooth5_all,9,71,0.025,REAL,1
vendor_02,1.2389610518087557,1.2648144233385452,smooth1_top25,9,71,0.02,REAL,2
vendor_03,1.1747815590739135,1.1747815590739135,smooth1_all,9,71,0.015,REAL,3
vendor_28,0.5659342598244498,0.972894520584799,smooth5_top50,9,71,0.0,fake,4
vendor_00,0.9183829804039335,0.9316643901175853,smooth1_top50,9,71,0.03,REAL,5
vendor_04,0.8114009588173771,0.8360608204233972,smooth1_top50,9,71,0.01,REAL,6
vendor_07,0.5514686321081376,0.8350985157441044,smooth5_top25,9,71,0.0,fake,7
vendor_24,0.24566607261298848,0.8224781371276392,smooth20_top50,9,71,0.0,fake,8
vendor_27,0.5727811352693903,0.661705482318766,smooth1_top25,9,71,0.0,fake,9
vendor_17,0.2775281289827933,0.635807276551982,smooth5_top50,9,71,0.0,fake,10
vendor_13,0.631893555400359,0.6331638763367484,smooth1_top50,9,71,0.0,fake,11
vendor_25,0.2292051702771489,0.6288652783349483,smooth20_top50,9,71,0.0,fake,12
vendor_16,-0.4486603436738661,0.4819117053041038,smooth20_top25,9,71,0.0,fake,13
vendor_29,0.4474239976060332,0.4474239976060332,smooth1_all,9,71,0.0,fake,14
vendor_14,0.3292128621903055,0.3292128621903055,smooth1_all,9,71,0.0,fake,15
vendor_15,0.31079960761581943,0.3290786587274681,smooth1_top50,9,71,0.0,fake,16
vendor_26,0.19286821141391747,0.2650503176682607,smooth1_top25,9,71,0.0,fake,17
vendor_22,-0.04276328071370749,0.25986766073261125,smooth20_all,9,71,0.0,fake,18
vendor_11,0.18632677981421902,0.20982617321679484,smooth1_top50,9,71,0.0,fake,19
vendor_06,0.1522972457687637,0.1533322771421752,smooth20_top50,9,71,0.0,fake,20
vendor_23,0.08277986586996036,0.1293124220394811,smooth1_top50,9,71,0.0,fake,21
vendor_05,-0.37043501944725876,0.08924341245220913,smooth20_top50,9,71,0.0,fake,22
vendor_18,-0.622800783247345,0.060589449294484427,smooth20_all,9,71,0.0,fake,23
vendor_12,-0.1629612489761271,0.03485056014876729,smooth5_all,9,71,0.0,fake,24
vendor_08,-0.20612029407866736,-0.01927293838221144,smooth20_top50,9,71,0.0,fake,25
vendor_20,-0.3606785022420307,-0.020441689295966264,smooth20_all,9,71,0.0,fake,26
vendor_09,-0.1266873837212284,-0.07862535409975863,smooth1_top50,9,71,0.0,fake,27
vendor_10,-0.2971504884084816,-0.08043461064029446,smooth20_top50,9,71,0.0,fake,28
vendor_21,-0.11786681386426263,-0.11786681386426263,smooth1_all,9,71,0.0,fake,29
vendor_19,-0.854526025562176,-0.8363353547744137,smooth1_top25,9,71,0.0,fake,30
vendor_00,1.4639054443433892,1.4639054443433892,smooth1_all,9,72,0.03,REAL,1
vendor_01,1.2255197313436936,1.4240394739422249,smooth5_top50,9,72,0.025,REAL,2
vendor_02,0.8952513382815797,1.1301829530698775,smooth5_all,9,72,0.02,REAL,3
vendor_16,0.555985987311235,1.0193015539994532,smooth5_top50,9,72,0.0,fake,4
vendor_25,0.1680516576940018,0.7347788095757055,smooth20_top25,9,72,0.0,fake,5
vendor_03,0.6773138785452433,0.6845374361336295,smooth1_top50,9,72,0.015,REAL,6
vendor_14,-0.09619529257488277,0.6474189208227679,smooth20_top25,9,72,0.0,fake,7
vendor_20,0.5813087644547196,0.621482012590455,smooth1_top50,9,72,0.0,fake,8
vendor_07,0.3037812378514477,0.5792305873642835,smooth5_top50,9,72,0.0,fake,9
vendor_29,0.4001901194316739,0.5702385263424936,smooth5_all,9,72,0.0,fake,10
vendor_04,0.29710622841444,0.5328233305449916,smooth5_top50,9,72,0.01,REAL,11
vendor_19,0.15999347210596318,0.45725713633712484,smooth5_top25,9,72,0.0,fake,12
vendor_06,0.3734311013139672,0.4145848700832095,smooth1_top50,9,72,0.0,fake,13
vendor_13,0.13354432188184034,0.3919435640580121,smooth20_top50,9,72,0.0,fake,14
vendor_11,0.27691201305374535,0.32972148694587816,smooth1_top25,9,72,0.0,fake,15
vendor_17,-0.32421417616608333,0.26481921944595843,smooth20_all,9,72,0.0,fake,16
vendor_22,0.2485206047818179,0.2634457364841432,smooth5_top25,9,72,0.0,fake,17
vendor_05,-0.10596722720835763,0.26248388353396745,smooth5_top50,9,72,0.0,fake,18
vendor_23,-0.1322930516454988,0.25642170512699447,smooth5_top50,9,72,0.0,fake,19
vendor_21,-0.09735145471000033,0.20941443071110108,smooth20_top25,9,72,0.0,fake,20
vendor_24,0.09191104365291794,0.09718423259286608,smooth1_top50,9,72,0.0,fake,21
vendor_09,-0.5326796320472459,0.08440831290696293,smooth5_top25,9,72,0.0,fake,22
vendor_27,-0.25715178766794117,0.01261264817034705,smooth5_top25,9,72,0.0,fake,23
vendor_26,-0.1451068654012243,-0.030477909021536798,smooth20_top50,9,72,0.0,fake,24
vendor_08,-0.637818399306122,-0.054261764396983936,smooth20_all,9,72,0.0,fake,25
vendor_15,-0.10591010088103732,-0.06378454704549523,smooth20_top50,9,72,0.0,fake,26
vendor_28,-0.6747213261500844,-0.1118557214710688,smooth20_top50,9,72,0.0,fake,27
vendor_10,-0.2123832459317666,-0.16119598022291626,smooth1_top50,9,72,0.0,fake,28
vendor_18,-0.3878131915998031,-0.21097863047178875,smooth20_top25,9,72,0.0,fake,29
vendor_12,-0.39043496374976694,-0.39043496374976694,smooth1_all,9,72,0.0,fake,30
vendor_03,1.6684514187740747,1.6684514187740747,smooth1_all,9,73,0.015,REAL,1
vendor_01,1.4274225799643514,1.4734828480924007,smooth1_top50,9,73,0.025,REAL,2
vendor_00,1.0166464366961483,1.390517811367683,smooth5_top50,9,73,0.03,REAL,3
vendor_11,0.9719212008343059,1.0431460018387047,smooth1_top25,9,73,0.0,fake,4
vendor_27,0.41992912280391015,0.9533020219270306,smooth5_top50,9,73,0.0,fake,5
vendor_02,0.8595046263391292,0.8595046263391292,smooth1_all,9,73,0.02,REAL,6
vendor_04,0.23236466474269374,0.7909305160725882,smooth20_top25,9,73,0.01,REAL,7
vendor_28,0.6782594305809019,0.6782594305809019,smooth1_all,9,73,0.0,fake,8
vendor_10,0.001241467859503894,0.6141998854216771,smooth20_top50,9,73,0.0,fake,9
vendor_09,0.5098916416252264,0.5969886302801863,smooth5_top50,9,73,0.0,fake,10
vendor_26,0.5007578319103773,0.5007578319103773,smooth1_all,9,73,0.0,fake,11
vendor_17,0.39884586362867797,0.5007485765802041,smooth5_top25,9,73,0.0,fake,12
vendor_25,0.469350251250626,0.4721772807015845,smooth1_top25,9,73,0.0,fake,13
vendor_08,0.30538325362733654,0.469696208169845,smooth1_top25,9,73,0.0,fake,14
vendor_29,0.3838012680558805,0.41288355384745823,smooth1_top50,9,73,0.0,fake,15
vendor_13,-0.1859259239541296,0.39145903522716347,smooth20_top25,9,73,0.0,fake,16
vendor_05,0.14415463188581906,0.36739238390237167,smooth5_top50,9,73,0.0,fake,17
vendor_06,0.14333151571821925,0.3075708302153681,smooth5_all,9,73,0.0,fake,18
vendor_23,-0.4578967277962213,0.17191644916834606,smooth20_top50,9,73,0.0,fake,19
vendor_24,0.1418653582276085,0.1418653582276085,smooth1_all,9,73,0.0,fake,20
vendor_12,-0.4242288453196218,0.11966205054016855,smooth20_top50,9,73,0.0,fake,21
vendor_20,-0.5694592660525787,0.10168648610989427,smooth20_top50,9,73,0.0,fake,22
vendor_15,-0.30593960286245053,0.01850431282619299,smooth20_all,9,73,0.0,fake,23
vendor_18,-0.014369646287569256,0.011523759060563537,smooth1_top50,9,73,0.0,fake,24
vendor_07,-0.041429391977682424,-0.041429391977682424,smooth1_all,9,73,0.0,fake,25
vendor_19,-0.2582394671198247,-0.2520980548458107,smooth1_top50,9,73,0.0,fake,26
vendor_14,-0.2587886650704504,-0.2587886650704504,smooth1_all,9,73,0.0,fake,27
vendor_16,-0.31536784674790036,-0.31536784674790036,smooth1_all,9,73,0.0,fake,28
vendor_21,-0.7727798767548535,-0.5214617394549245,smooth5_top25,9,73,0.0,fake,29
vendor_22,-0.5989426419164102,-0.5864579677915875,smooth1_top50,9,73,0.0,fake,30
vendor_00,1.3807511700670354,1.5512494845259703,smooth5_all,9,74,0.03,REAL,1
vendor_01,0.9318238273445727,1.536481242254918,smooth5_top25,9,74,0.025,REAL,2
vendor_02,1.0176025679157716,1.2094042295239666,smooth5_all,9,74,0.02,REAL,3
vendor_04,0.4083643735872044,1.0947110492811984,smooth5_top50,9,74,0.01,REAL,4
vendor_09,0.5475428908766385,1.025738943144684,smooth20_top50,9,74,0.0,fake,5
vendor_11,0.8401894959794345,0.9788424904528723,smooth20_top50,9,74,0.0,fake,6
vendor_03,0.592295358283463,0.7070628117085398,smooth5_top50,9,74,0.015,REAL,7
vendor_14,-0.6010553304819684,0.5796614197291418,smooth20_top25,9,74,0.0,fake,8
vendor_12,0.21619941530266806,0.49192227255490134,smooth5_top50,9,74,0.0,fake,9
vendor_29,-0.6345740585584153,0.48235798536363217,smooth20_top25,9,74,0.0,fake,10
vendor_10,-0.14933139751294852,0.44482053424592366,smooth20_all,9,74,0.0,fake,11
vendor_07,-0.17849570729124137,0.43407030000918784,smooth5_top50,9,74,0.0,fake,12
vendor_17,0.23293596711749529,0.4212581556418512,smooth20_all,9,74,0.0,fake,13
vendor_27,0.3185061597667547,0.4135649554697672,smooth1_top25,9,74,0.0,fake,14
vendor_18,0.19145968376017727,0.32768303252683084,smooth1_top25,9,74,0.0,fake,15
vendor_24,0.24311427946677755,0.30413865392615236,smooth1_top50,9,74,0.0,fake,16
vendor_28,0.26728631724416363,0.2723430740071542,smooth1_top50,9,74,0.0,fake,17
vendor_19,0.26117588824871196,0.27116803685760965,smooth1_top50,9,74,0.0,fake,18
vendor_15,-0.05941915280335791,0.2625212851816209,smooth5_top25,9,74,0.0,fake,19
vendor_13,0.10883157261368784,0.2545801427834194,smooth1_top25,9,74,0.0,fake,20
vendor_21,-0.014836508470664969,0.15737969325845172,smooth5_all,9,74,0.0,fake,21
vendor_25,-0.2650497625906321,0.10268280316913272,smooth5_top50,9,74,0.0,fake,22
vendor_06,0.03929768694151557,0.09979427980590394,smooth1_top25,9,74,0.0,fake,23
vendor_20,-0.04014447620813429,0.07679276248131747,smooth1_top25,9,74,0.0,fake,24
vendor_26,-0.16849784655745464,-0.04723514082043142,smooth20_top25,9,74,0.0,fake,25
vendor_16,-0.20195508353449546,-0.08440381974298135,smooth1_top25,9,74,0.0,fake,26
vendor_08,-0.21798322859742625,-0.21798322859742625,smooth1_all,9,74,0.0,fake,27
vendor_23,-0.7716668961252225,-0.30832144492553276,smooth20_top50,9,74,0.0,fake,28
vendor_22,-0.46804851944202736,-0.32799644495221636,smooth5_all,9,74,0.0,fake,29
vendor_05,-0.9914236544613294,-0.5033970534778697,smooth5_top25,9,74,0.0,fake,30
vendor_02,1.0872750609578739,1.8228198139270384,smooth5_top25,9,75,0.02,REAL,1
vendor_01,1.642088906031304,1.652436002182503,smooth1_top50,9,75,0.025,REAL,2
vendor_00,1.3875869576331377,1.4270404995160062,smooth1_top50,9,75,0.03,REAL,3
vendor_03,0.7637941818551326,1.3175893190719057,smooth5_top50,9,75,0.015,REAL,4
vendor_04,0.4603457952746437,1.1139468349044876,smooth20_all,9,75,0.01,REAL,5
vendor_12,0.9463871944266791,1.0655015206157024,smooth1_top25,9,75,0.0,fake,6
vendor_27,0.7741177370289675,0.8379429574204975,smooth1_top25,9,75,0.0,fake,7
vendor_06,0.28690800669367567,0.7262667509199977,smooth5_top25,9,75,0.0,fake,8
vendor_11,-0.06942767389474445,0.6735471890286798,smooth20_all,9,75,0.0,fake,9
vendor_17,0.3432369087445739,0.6222983827321504,smooth5_top25,9,75,0.0,fake,10
vendor_09,0.5605792331825948,0.5605792331825948,smooth1_all,9,75,0.0,fake,11
vendor_21,0.38450454683964036,0.5139617861053051,smooth20_top50,9,75,0.0,fake,12
vendor_10,0.3548622731447464,0.4591548907364551,smooth1_top25,9,75,0.0,fake,13
vendor_26,0.15004770794792555,0.45717022803882346,smooth5_all,9,75,0.0,fake,14
vendor_07,0.38894702177284357,0.39886973793188374,smooth1_top50,9,75,0.0,fake,15
vendor_23,0.03029089024412697,0.39038556651930073,smooth5_top25,9,75,0.0,fake,16
vendor_15,0.319863633415784,0.34826883857841245,smooth1_top50,9,75,0.0,fake,17
vendor_05,0.07004230984322678,0.32429873402619214,smooth5_all,9,75,0.0,fake,18
vendor_13,0.16483522570582215,0.2473469572516669,smooth1_top25,9,75,0.0,fake,19
vendor_24,0.15728060259445834,0.16587526747650214,smooth1_top50,9,75,0.0,fake,20
vendor_18,0.10670182669006818,0.10670182669006818,smooth1_all,9,75,0.0,fake,21
vendor_29,-0.6465936314899744,0.05519330449377202,smooth20_top50,9,75,0.0,fake,22
vendor_22,-0.2082042316268209,0.03637095512959934,smooth5_top50,9,75,0.0,fake,23
vendor_14,-0.07730822652312865,0.0227330598865426,smooth20_all,9,75,0.0,fake,24
vendor_28,-0.3287073465240453,-0.038701188762314064,smooth5_top25,9,75,0.0,fake,25
vendor_20,-0.3261216766507103,-0.04057417968386443,smooth5_all,9,75,0.0,fake,26
vendor_19,-0.7975905814154248,-0.06830970478731727,smooth20_all,9,75,0.0,fake,27
vendor_16,-0.30331280852996667,-0.08098071632059295,smooth20_top50,9,75,0.0,fake,28
vendor_25,-0.09349997328255594,-0.09349997328255594,smooth1_all,9,75,0.0,fake,29
vendor_08,-0.24287242384367855,-0.24287242384367855,smooth1_all,9,75,0.0,fake,30
vendor_01,1.7540433710910242,1.8961173951146806,smooth1_top25,9,76,0.025,REAL,1
vendor_00,1.386017552596305,1.453033792957933,smooth1_top25,9,76,0.03,REAL,2
vendor_04,0.8236179229316024,1.4476819352927812,smooth5_top50,9,76,0.01,REAL,3
vendor_07,0.9047264477276736,1.0692291860547842,smooth5_all,9,76,0.0,fake,4
vendor_25,0.7991795921798468,0.8877062430161232,smooth5_all,9,76,0.0,fake,5
vendor_02,0.7917587095179013,0.861332702209859,smooth5_top50,9,76,0.02,REAL,6
vendor_03,0.77081866587388,0.8166734588441342,smooth1_top50,9,76,0.015,REAL,7
vendor_08,0.07417742621320973,0.7920320704559494,smooth20_top25,9,76,0.0,fake,8
vendor_10,-0.4818582189573846,0.7752770616971744,smooth20_top25,9,76,0.0,fake,9
vendor_05,0.617608274229425,0.638689149437825,smooth1_top50,9,76,0.0,fake,10
vendor_26,0.30524060589194574,0.6100624151725372,smooth20_top25,9,76,0.0,fake,11
vendor_18,-0.20357496656204505,0.571850872206081,smooth5_top25,9,76,0.0,fake,12
vendor_21,0.5429036668327029,0.5429036668327029,smooth1_all,9,76,0.0,fake,13
vendor_22,-0.45112940961779313,0.5379812596105454,smooth5_all,9,76,0.0,fake,14
vendor_27,0.4141297337077873,0.4919665691131258,smooth1_top50,9,76,0.0,fake,15
vendor_14,-0.13938060213554904,0.47512913563877246,smooth20_top50,9,76,0.0,fake,16
vendor_15,-0.46148775944428627,0.42468789436987175,smooth20_top50,9,76,0.0,fake,17
vendor_13,0.39206389985248424,0.39780349149668215,smooth1_top50,9,76,0.0,fake,18
vendor_23,0.34779586398074347,0.39685006055575756,smooth1_top25,9,76,0.0,fake,19
vendor_16,0.2629395671820634,0.2923228324157116,smooth1_top50,9,76,0.0,fake,20
vendor_17,-0.8175027286892989,0.2844885839725583,smooth20_all,9,76,0.0,fake,21
vendor_06,-0.304972496363511,0.22759451454937926,smooth20_top25,9,76,0.0,fake,22
vendor_28,-0.035911998615976375,0.22481989342379233,smooth5_top50,9,76,0.0,fake,23
vendor_11,-0.11361807878838737,0.19800516724174896,smooth5_all,9,76,0.0,fake,24
vendor_29,0.08371795127949773,0.08371795127949773,smooth1_all,9,76,0.0,fake,25
vendor_20,-0.42752719240537207,-0.04147584287748498,smooth5_top25,9,76,0.0,fake,26
vendor_12,-0.1095075018265602,-0.0775626239906516,smooth1_top25,9,76,0.0,fake,27
vendor_24,-0.17668456752131484,-0.13655766265022407,smooth1_top25,9,76,0.0,fake,28
vendor_19,-0.14132504906222496,-0.14132504906222496,smooth1_all,9,76,0.0,fake,29
vendor_09,-1.1956029645278097,-1.0503676171775567,smooth5_top25,9,76,0.0,fake,30
vendor_00,1.3792484973033987,1.4851605453347196,smooth5_top50,9,77,0.03,REAL,1
vendor_14,0.8617748954484433,1.2387206209938486,smooth20_top25,9,77,0.0,fake,2
vendor_01,1.0514416960207627,1.1958001172687012,smooth20_top25,9,77,0.025,REAL,3
vendor_04,1.1436945677211083,1.1900524155376815,smooth1_top50,9,77,0.01,REAL,4
vendor_13,0.5968864946478831,1.0753937949154224,smooth5_all,9,77,0.0,fake,5
vendor_10,-0.05678284886358837,0.9791201014812296,smooth20_top50,9,77,0.0,fake,6
vendor_03,0.7059504832021273,0.8551907646770872,smooth5_all,9,77,0.015,REAL,7
vendor_02,0.783713799013246,0.8060873331220196,smooth1_top50,9,77,0.02,REAL,8
vendor_26,0.7720123958321216,0.7854849933538235,smooth1_top25,9,77,0.0,fake,9
vendor_07,0.7811385093149286,0.7811385093149286,smooth1_all,9,77,0.0,fake,10
vendor_20,0.6510376294947571,0.6787616377734815,smooth1_top50,9,77,0.0,fake,11
vendor_23,0.5530476385816929,0.6648776326130502,smooth5_top25,9,77,0.0,fake,12
vendor_17,0.5810964484819441,0.66460418298051,smooth1_top25,9,77,0.0,fake,13
vendor_05,0.5410684010578207,0.641537973748944,smooth5_top50,9,77,0.0,fake,14
vendor_21,0.5589739280185887,0.5820525736485788,smooth1_top50,9,77,0.0,fake,15
vendor_22,0.4555373955658821,0.4989314656702537,smooth1_top25,9,77,0.0,fake,16
vendor_16,-0.016683841789677547,0.4225035524239609,smooth20_top25,9,77,0.0,fake,17
vendor_12,0.32591922908075366,0.4047778631128515,smooth5_all,9,77,0.0,fake,18
vendor_25,0.3246845333332783,0.3533052463627409,smooth1_top25,9,77,0.0,fake,19
vendor_28,0.25690165447989327,0.2961924732177369,smooth1_top25,9,77,0.0,fake,20
vendor_08,-0.05634594088604842,0.15736843108636153,smooth20_top50,9,77,0.0,fake,21
vendor_15,-0.34900305156652744,0.10162746109449411,smooth20_top25,9,77,0.0,fake,22
vendor_24,-0.1828888303526797,0.0647154940673222,smooth5_all,9,77,0.0,fake,23
vendor_18,-0.37246460389890607,0.007119167168025104,smooth5_all,9,77,0.0,fake,24
vendor_19,0.003148964771462753,0.003148964771462753,smooth1_all,9,77,0.0,fake,25
vendor_09,-0.27453882077361313,-0.11973803388179469,smooth5_top50,9,77,0.0,fake,26
vendor_27,-0.43470109912868793,-0.16142680369926377,smooth5_top50,9,77,0.0,fake,27
vendor_11,-0.2219449371218828,-0.22071152376369998,smooth1_top50,9,77,0.0,fake,28
vendor_29,-0.6902647675074459,-0.2977177399065332,smooth20_top25,9,77,0.0,fake,29
vendor_06,-0.7280394344364123,-0.5332110405621707,smooth20_top25,9,77,0.0,fake,30
vendor_01,1.3844667308820973,1.3844667308820973,smooth1_all,9,78,0.025,REAL,1
vendor_00,1.321405241847417,1.346612556341928,smooth1_top50,9,78,0.03,REAL,2
vendor_03,1.301889873032749,1.317953812067536,smooth1_top50,9,78,0.015,REAL,3
vendor_02,0.9857737358598045,1.1677527566001935,smooth5_top25,9,78,0.02,REAL,4
vendor_05,0.1813138057624107,1.1633629975319981,smooth20_all,9,78,0.0,fake,5
vendor_29,0.28281893115908896,0.6903506948920958,smooth20_top50,9,78,0.0,fake,6
vendor_07,0.6461172426814225,0.6817065772563343,smooth1_top25,9,78,0.0,fake,7
vendor_12,0.3514036707773616,0.6111745277720494,smooth20_top25,9,78,0.0,fake,8
vendor_18,0.5958722495995359,0.5958722495995359,smooth1_all,9,78,0.0,fake,9
vendor_16,-0.0918374625882183,0.5298490652028771,smooth20_all,9,78,0.0,fake,10
vendor_25,0.48090823269433425,0.48090823269433425,smooth1_all,9,78,0.0,fake,11
vendor_26,-0.08291166525386885,0.4175723886771993,smooth5_top50,9,78,0.0,fake,12
vendor_17,-0.2984670569866663,0.37799606640493344,smooth20_top25,9,78,0.0,fake,13
vendor_21,-0.19803100688703787,0.3389262514855923,smooth20_top25,9,78,0.0,fake,14
vendor_22,0.2868016877165967,0.33781887004182665,smooth1_top25,9,78,0.0,fake,15
vendor_14,0.2181642852288314,0.28954018279050964,smooth1_top25,9,78,0.0,fake,16
vendor_20,-0.3322004099394555,0.26809891684564324,smooth20_all,9,78,0.0,fake,17
vendor_10,-0.2830013045655076,0.2540882047509355,smooth20_all,9,78,0.0,fake,18
vendor_04,0.20219607764995493,0.2420046905009175,smooth1_top25,9,78,0.01,REAL,19
vendor_13,-0.05818253318054999,0.21496789057773985,smooth20_top25,9,78,0.0,fake,20
vendor_28,0.08347882971873634,0.18541423797412504,smooth1_top50,9,78,0.0,fake,21
vendor_11,0.031271142784564235,0.16951342959508495,smooth1_top25,9,78,0.0,fake,22
vendor_15,0.07190730476089889,0.1162094651506999,smooth1_top25,9,78,0.0,fake,23
vendor_06,-0.30089111210020797,0.11128316602130137,smooth20_top25,9,78,0.0,fake,24
vendor_27,-0.004351115672557577,0.030571204971634916,smooth1_top25,9,78,0.0,fake,25
vendor_24,-0.11665843972741388,-0.0024739244503388224,smooth5_all,9,78,0.0,fake,26
vendor_19,-0.3639652877468009,-0.02359445506565723,smooth5_top50,9,78,0.0,fake,27
vendor_09,-0.17623455877934627,-0.13515737071275824,smooth20_top50,9,78,0.0,fake,28
vendor_23,-0.14412854329084154,-0.14412854329084154,smooth1_all,9,78,0.0,fake,29
vendor_08,-0.7102979452287261,-0.32598831601639205,smooth20_top25,9,78,0.0,fake,30
vendor_01,1.611990809781929,1.6394114003548497,smooth1_top50,9,79,0.025,REAL,1
vendor_03,1.5536926422319774,1.5536926422319774,smooth1_all,9,79,0.015,REAL,2
vendor_02,1.1786050778367216,1.2919886476076035,smooth1_top50,9,79,0.02,REAL,3
vendor_04,1.2805995941415131,1.2805995941415131,smooth1_all,9,79,0.01,REAL,4
vendor_00,0.8573360966395175,1.0243286437214145,smooth20_all,9,79,0.03,REAL,5
vendor_06,0.7361652107721045,0.7361652107721045,smooth1_all,9,79,0.0,fake,6
vendor_21,0.28629625699567585,0.7161477634500357,smooth5_all,9,79,0.0,fake,7
vendor_17,0.6354307192223753,0.6625132338660261,smooth1_top50,9,79,0.0,fake,8
vendor_05,0.5501825132700512,0.6216333874190719,smooth1_top25,9,79,0.0,fake,9
vendor_20,0.1252545563285366,0.6166655494086168,smooth5_top25,9,79,0.0,fake,10
vendor_08,0.5535921008308938,0.5915118296604875,smooth1_top25,9,79,0.0,fake,11
vendor_24,0.029742100602583903,0.48186931258244814,smooth20_top50,9,79,0.0,fake,12
vendor_25,0.03958094528122716,0.4456415241695939,smooth5_all,9,79,0.0,fake,13
vendor_16,-0.1920571146782752,0.316480477735022,smooth20_top25,9,79,0.0,fake,14
vendor_12,0.2722411694252842,0.29684892527444673,smooth1_top25,9,79,0.0,fake,15
vendor_09,0.030846509021267773,0.24296992725161237,smooth5_top25,9,79,0.0,fake,16
vendor_27,-0.3408493319719157,0.2383787371784659,smooth5_top25,9,79,0.0,fake,17
vendor_07,0.043468506101109895,0.23194537982242566,smooth20_top25,9,79,0.0,fake,18
vendor_26,-0.12389817100894718,0.17825078903708932,smooth5_top50,9,79,0.0,fake,19
vendor_18,0.08580283066785109,0.15168313697833932,smooth1_top50,9,79,0.0,fake,20
vendor_11,-0.42394530395651514,0.10332872839578604,smooth5_top50,9,79,0.0,fake,21
vendor_14,-0.13305819273197178,0.0904030250107333,smooth20_top25,9,79,0.0,fake,22
vendor_10,-0.06653005291102412,0.013634217612089113,smooth1_top50,9,79,0.0,fake,23
vendor_15,-0.04460103883187146,-0.022592849474264525,smooth1_top50,9,79,0.0,fake,24
vendor_28,-0.044106531635428936,-0.030719218311158772,smooth1_top50,9,79,0.0,fake,25
vendor_29,-0.4516175440104262,-0.07732482128041494,smooth5_all,9,79,0.0,fake,26
vendor_13,-0.10090455042207616,-0.10090455042207616,smooth1_all,9,79,0.0,fake,27
vendor_22,-0.20965248501695033,-0.11500617392038924,smooth1_top25,9,79,0.0,fake,28
vendor_19,-0.7352858771032473,-0.16997822041532012,smooth5_top25,9,79,0.0,fake,29
vendor_23,-0.6634677070514672,-0.23585422479187862,smooth20_top25,9,79,0.0,fake,30
vendor_02,1.2924507276901798,1.3790066454329972,smooth1_top50,9,80,0.02,REAL,1
vendor_00,1.315843397457655,1.3696925130880406,smooth1_top50,9,80,0.03,REAL,2
vendor_01,1.2750374180159498,1.319492486102808,smooth1_top50,9,80,0.025,REAL,3
vendor_03,1.013527421453925,1.013527421453925,smooth1_all,9,80,0.015,REAL,4
vendor_10,-0.19984330637629136,0.7229712929305964,smooth20_top25,9,80,0.0,fake,5
vendor_21,0.6627818347353622,0.6689890387172602,smooth1_top25,9,80,0.0,fake,6
vendor_20,-0.2994393320589665,0.6440821743964263,smooth20_top50,9,80,0.0,fake,7
vendor_15,0.32614537421603484,0.6219220392854306,smooth5_all,9,80,0.0,fake,8
vendor_11,0.2418986641472212,0.5895823870701563,smooth5_top50,9,80,0.0,fake,9
vendor_14,0.5254899740946314,0.5658471924104147,smooth1_top50,9,80,0.0,fake,10
vendor_17,0.4268204858741112,0.49369588514103124,smooth1_top25,9,80,0.0,fake,11
vendor_28,0.10430781008134814,0.45150366656593965,smooth5_top25,9,80,0.0,fake,12
vendor_22,-0.0392854450714384,0.3899210737312944,smooth5_top25,9,80,0.0,fake,13
vendor_27,0.014864910833427072,0.3774683528095591,smooth20_top25,9,80,0.0,fake,14
vendor_18,-0.0002051965107521079,0.3510224597304499,smooth5_top50,9,80,0.0,fake,15
vendor_12,0.07819564752253466,0.33057861541259936,smooth5_all,9,80,0.0,fake,16
vendor_19,0.22524933438858386,0.2706760542886422,smooth5_all,9,80,0.0,fake,17
vendor_04,0.15056001184273177,0.24861909180994338,smooth5_top25,9,80,0.01,REAL,18
vendor_24,-0.30444615998155405,0.20507774953400534,smooth5_top50,9,80,0.0,fake,19
vendor_26,0.0932478161437417,0.13193515113423446,smooth1_top25,9,80,0.0,fake,20
vendor_16,-0.07679216799006343,0.10276950219433913,smooth5_top25,9,80,0.0,fake,21
vendor_06,0.09057694885165113,0.09057694885165113,smooth1_all,9,80,0.0,fake,22
vendor_05,0.0314600455489371,0.08439122277883376,smooth1_top25,9,80,0.0,fake,23
vendor_13,-0.021141312129319405,0.036598442902745165,smooth1_top25,9,80,0.0,fake,24
vendor_25,-0.24905636288477698,-0.014785697478485505,smooth5_top25,9,80,0.0,fake,25
vendor_08,-0.03186356647288257,-0.027569985167542974,smooth1_top50,9,80,0.0,fake,26
vendor_09,-0.4672637877752802,-0.11874735593240304,smooth5_top25,9,80,0.0,fake,27
vendor_23,-0.48567370531570087,-0.12328816079370872,smooth20_top25,9,80,0.0,fake,28
vendor_07,-0.1722850121302362,-0.13386402104693043,smooth20_all,9,80,0.0,fake,29
vendor_29,-0.3101700479920173,-0.145460725917988,smooth20_all,9,80,0.0,fake,30
vendor_00,1.7304638602404305,1.7831339171839355,smooth1_top50,9,81,0.03,REAL,1
vendor_02,1.0809541827669846,1.2261996511067486,smooth5_top25,9,81,0.02,REAL,2
vendor_01,0.6531339297336427,0.9641001147171029,smooth5_top25,9,81,0.025,REAL,3
vendor_22,0.1797842483572696,0.8314549130961753,smooth20_top25,9,81,0.0,fake,4
vendor_11,0.6613025101424305,0.7745218403854653,smooth1_top25,9,81,0.0,fake,5
vendor_13,0.5873086712484736,0.5873086712484736,smooth1_all,9,81,0.0,fake,6
vendor_06,0.5871649395964409,0.5871649395964409,smooth1_all,9,81,0.0,fake,7
vendor_17,0.5074022315664951,0.5865226566334133,smooth20_top25,9,81,0.0,fake,8
vendor_03,0.4338719174058487,0.537679735751869,smooth5_all,9,81,0.015,REAL,9
vendor_19,0.16659779325950386,0.4984386345764089,smooth20_top25,9,81,0.0,fake,10
vendor_20,-0.20880533489283493,0.43327724348045543,smooth20_top50,9,81,0.0,fake,11
vendor_10,0.2569088710490516,0.4098928246199029,smooth5_top25,9,81,0.0,fake,12
vendor_26,-0.01874804833750281,0.3879345439076488,smooth20_top50,9,81,0.0,fake,13
vendor_23,0.38398988181528443,0.38398988181528443,smooth1_all,9,81,0.0,fake,14
vendor_04,0.2587045337773224,0.33431752796721936,smooth1_top25,9,81,0.01,REAL,15
vendor_05,-0.0541250423912284,0.3072439982465283,smooth20_top50,9,81,0.0,fake,16
vendor_08,0.2386119775420254,0.29092274489732856,smooth20_top50,9,81,0.0,fake,17
vendor_14,0.2501168285103812,0.2501168285103812,smooth1_all,9,81,0.0,fake,18
vendor_27,0.23106531809330685,0.24590344438629413,smooth1_top25,9,81,0.0,fake,19
vendor_15,-0.019910035530826823,0.20524187897266935,smooth5_top50,9,81,0.0,fake,20
vendor_07,0.1934519083899541,0.19763976036534,smooth1_top25,9,81,0.0,fake,21
vendor_28,0.059689217813029806,0.18221968748778158,smooth1_top25,9,81,0.0,fake,22
vendor_16,0.06070056723184024,0.17333769448469433,smooth5_top50,9,81,0.0,fake,23
vendor_09,0.12850908997237093,0.13036442429993372,smooth1_top50,9,81,0.0,fake,24
vendor_12,0.09006942488169746,0.10473960782695112,smooth1_top25,9,81,0.0,fake,25
vendor_25,-0.4852343334096051,-0.024981863096320524,smooth5_top25,9,81,0.0,fake,26
vendor_29,-0.14302753064569296,-0.14302753064569296,smooth1_all,9,81,0.0,fake,27
vendor_18,-0.17642254766041637,-0.15707085283597003,smooth1_top25,9,81,0.0,fake,28
vendor_21,-0.6127250364110689,-0.18745704295849724,smooth20_top50,9,81,0.0,fake,29
vendor_24,-0.5378135231872255,-0.4546486160741713,smooth20_top50,9,81,0.0,fake,30
vendor_00,1.4222583334416936,1.7705015359197191,smooth5_top50,9,82,0.03,REAL,1
vendor_01,1.3129784574947068,1.7537555866782755,smooth5_all,9,82,0.025,REAL,2
vendor_04,1.2794476109501265,1.3664190770921298,smooth1_top25,9,82,0.01,REAL,3
vendor_02,1.124623637419622,1.3592001273392977,smooth20_all,9,82,0.02,REAL,4
vendor_19,0.710403305966793,0.8596478858188141,smooth20_top50,9,82,0.0,fake,5
vendor_05,0.3953914803111243,0.8377504859499421,smooth5_top25,9,82,0.0,fake,6
vendor_03,0.7007413497305942,0.7007413497305942,smooth1_all,9,82,0.015,REAL,7
vendor_28,0.1114388835160252,0.6716661802209134,smooth20_top25,9,82,0.0,fake,8
vendor_18,-0.6681471162837009,0.6710565748497008,smooth20_top25,9,82,0.0,fake,9
vendor_24,-0.30373850905773137,0.6610412508903533,smooth20_all,9,82,0.0,fake,10
vendor_20,-0.0932199440391939,0.6100799641900417,smooth20_all,9,82,0.0,fake,11
vendor_12,0.4942540799913698,0.5203644509643273,smooth1_top50,9,82,0.0,fake,12
vendor_15,-0.1157423211802582,0.49307989871635677,smooth20_all,9,82,0.0,fake,13
vendor_16,0.4465927974958034,0.4870347206243721,smooth5_all,9,82,0.0,fake,14
vendor_08,0.3114908008740576,0.45085150054375606,smooth20_all,9,82,0.0,fake,15
vendor_22,0.40989023587071316,0.43710729813663407,smooth1_top50,9,82,0.0,fake,16
vendor_11,0.30001614150643413,0.42746851720122137,smooth5_all,9,82,0.0,fake,17
vendor_09,0.3244667518405998,0.41503049933524117,smooth1_top50,9,82,0.0,fake,18
vendor_25,-0.010800161718882238,0.3542865848876317,smooth5_all,9,82,0.0,fake,19
vendor_06,0.2722828291211145,0.3346401432679702,smooth1_top25,9,82,0.0,fake,20
vendor_13,0.1345203230319786,0.29442769991604617,smooth5_all,9,82,0.0,fake,21
vendor_23,-0.11288733496812539,0.25687964051612566,smooth20_all,9,82,0.0,fake,22
vendor_10,-0.4251232147467365,0.250797544604116,smooth20_top25,9,82,0.0,fake,23
vendor_27,0.08244950571565227,0.1497505857634777,smooth1_top25,9,82,0.0,fake,24
vendor_29,0.004953636056078361,0.04528895289259839,smooth1_top25,9,82,0.0,fake,25
vendor_14,0.006707506235599261,0.006707506235599261,smooth1_all,9,82,0.0,fake,26
vendor_07,-0.19112614846508758,-0.16348407394892,smooth1_top25,9,82,0.0,fake,27
vendor_17,-0.6208436816907031,-0.3470897632894446,smooth5_top50,9,82,0.0,fake,28
vendor_26,-0.39340192725276235,-0.3895554501121394,smooth1_top50,9,82,0.0,fake,29
vendor_21,-0.9925032093822708,-0.4865702398852672,smooth20_top50,9,82,0.0,fake,30
vendor_01,1.355874614123731,1.4495596060786966,smooth5_top50,9,83,0.025,REAL,1
vendor_02,0.8813374637043421,1.3292502429059776,smooth5_all,9,83,0.02,REAL,2
vendor_00,1.3031808994363616,1.3176057222275832,smooth20_top50,9,83,0.03,REAL,3
vendor_11,0.9180242650168691,0.9745733532628774,smooth1_top50,9,83,0.0,fake,4
vendor_13,0.45957857270092,0.8552142523802188,smooth5_top50,9,83,0.0,fake,5
vendor_03,0.7211923740660701,0.7457867646113233,smooth1_top25,9,83,0.015,REAL,6
vendor_18,0.08801945999110364,0.6866786393695993,smooth20_all,9,83,0.0,fake,7
vendor_04,0.6173507279646996,0.6217336613246792,smooth20_top25,9,83,0.01,REAL,8
vendor_27,0.6121232296752298,0.6156463972776396,smooth1_top25,9,83,0.0,fake,9
vendor_16,-0.028726860997645678,0.5291686706209008,smooth20_all,9,83,0.0,fake,10
vendor_24,-0.49098784134270934,0.4747606064788691,smooth20_top25,9,83,0.0,fake,11
vendor_09,-0.10774890987053737,0.4246950281504305,smooth20_top25,9,83,0.0,fake,12
vendor_07,-0.0028207375641609057,0.30220932610454904,smooth5_top50,9,83,0.0,fake,13
vendor_10,-0.45950141539922157,0.27192063156219964,smooth20_all,9,83,0.0,fake,14
vendor_17,0.11513312937203009,0.2679560004212119,smooth20_top50,9,83,0.0,fake,15
vendor_20,-0.25784127409206464,0.2305192103558379,smooth20_all,9,83,0.0,fake,16
vendor_15,0.18971408025940323,0.18971408025940323,smooth1_all,9,83,0.0,fake,17
vendor_05,-0.19551054218063785,0.17884955936726452,smooth5_all,9,83,0.0,fake,18
vendor_25,0.1224111407677931,0.17145055656874258,smooth20_top25,9,83,0.0,fake,19
vendor_19,-0.135632728101345,0.15584222295611533,smooth5_all,9,83,0.0,fake,20
vendor_23,-0.626525491196982,0.14300492581669794,smooth5_top50,9,83,0.0,fake,21
vendor_14,0.07451882149037165,0.11498243189508171,smooth1_top25,9,83,0.0,fake,22
vendor_28,-0.625320817570542,0.03426243076694193,smooth5_top50,9,83,0.0,fake,23
vendor_06,-0.2860486743541962,0.03099450858178266,smooth20_all,9,83,0.0,fake,24
vendor_26,-0.25670600681420436,-0.05792814276644545,smooth20_all,9,83,0.0,fake,25
vendor_08,-0.0980080596882708,-0.05886057356155005,smooth1_top50,9,83,0.0,fake,26
vendor_21,-0.5250018539684786,-0.06720356534078671,smooth20_top50,9,83,0.0,fake,27
vendor_22,-0.1973625334826426,-0.16204799498447775,smooth1_top50,9,83,0.0,fake,28
vendor_29,-0.31489368958280184,-0.24469897283053607,smooth1_top25,9,83,0.0,fake,29
vendor_12,-0.4112738863350527,-0.37962431672724906,smooth20_all,9,83,0.0,fake,30
vendor_00,1.527563347088535,1.5828071810565059,smooth1_top25,9,84,0.03,REAL,1
vendor_01,1.5388769240487965,1.5528057463927452,smooth1_top50,9,84,0.025,REAL,2
vendor_02,1.436442004171856,1.4659284307375822,smooth1_top25,9,84,0.02,REAL,3
vendor_03,0.6521309225655572,0.96362291967703,smooth5_all,9,84,0.015,REAL,4
vendor_21,0.1722623888717194,0.8814471105272763,smooth20_all,9,84,0.0,fake,5
vendor_04,0.8547960167360071,0.8785824914683044,smooth1_top50,9,84,0.01,REAL,6
vendor_10,0.4153593335641456,0.7757408565183785,smooth20_top25,9,84,0.0,fake,7
vendor_15,0.7669436853277121,0.7669436853277121,smooth1_all,9,84,0.0,fake,8
vendor_22,0.26411682667981645,0.6233344436478438,smooth20_all,9,84,0.0,fake,9
vendor_14,-0.21601299676239272,0.6147257411862914,smooth20_all,9,84,0.0,fake,10
vendor_17,0.4476118008575272,0.5994247688644124,smooth5_top25,9,84,0.0,fake,11
vendor_23,0.22650255468574454,0.5311208964035316,smooth20_top25,9,84,0.0,fake,12
vendor_28,0.4250221719845051,0.5304483955009658,smooth1_top50,9,84,0.0,fake,13
vendor_25,0.47903356523751245,0.5273375343091187,smooth1_top50,9,84,0.0,fake,14
vendor_16,-0.5087827359153195,0.5118796626704634,smooth20_top25,9,84,0.0,fake,15
vendor_05,0.16907910081554858,0.43994433083707646,smooth20_top25,9,84,0.0,fake,16
vendor_09,-0.4055723407213977,0.4352449844709656,smooth20_top25,9,84,0.0,fake,17
vendor_06,0.27177069508585194,0.42309782570645393,smooth5_top50,9,84,0.0,fake,18
vendor_12,0.398435396588671,0.398435396588671,smooth1_all,9,84,0.0,fake,19
vendor_08,-0.02950405553339041,0.39521683096304655,smooth5_top50,9,84,0.0,fake,20
vendor_27,0.2568593563352126,0.33528284225371396,smooth1_top25,9,84,0.0,fake,21
vendor_07,0.23691788163254413,0.2540364836611477,smooth1_top25,9,84,0.0,fake,22
vendor_26,0.11586270807323565,0.2528146382442049,smooth20_top25,9,84,0.0,fake,23
vendor_24,-0.21329805128731436,0.21067220547285723,smooth5_top25,9,84,0.0,fake,24
vendor_18,-0.37855865625966467,0.16063982868582702,smooth5_all,9,84,0.0,fake,25
vendor_20,0.08045714511896662,0.11728364230103339,smooth1_top25,9,84,0.0,fake,26
vendor_11,0.007404809325418201,0.05808523911401187,smooth1_top25,9,84,0.0,fake,27
vendor_13,-0.027849011771389348,-0.011657552257094552,smooth1_top50,9,84,0.0,fake,28
vendor_29,-0.023132355337960236,-0.019380836629044395,smooth5_top50,9,84,0.0,fake,29
vendor_19,-0.49985790039426975,-0.3816508775967861,smooth20_top25,9,84,0.0,fake,30
vendor_01,1.7053488616659223,1.955941093066883,smooth5_top50,9,85,0.025,REAL,1
vendor_03,1.4190336267552197,1.4190336267552197,smooth1_all,9,85,0.015,REAL,2
vendor_00,1.2310991913128393,1.3837789725088219,smooth5_top50,9,85,0.03,REAL,3
vendor_02,1.1110395088058196,1.1640952365593462,smooth1_top25,9,85,0.02,REAL,4
vendor_04,0.5878994066697012,0.7702935397077164,smooth20_top25,9,85,0.01,REAL,5
vendor_08,0.5108272768263991,0.7038855901890942,smooth5_top25,9,85,0.0,fake,6
vendor_13,0.28446677626440353,0.6917875430138593,smooth5_top25,9,85,0.0,fake,7
vendor_26,-0.01022017052415534,0.6772844383118662,smooth5_top25,9,85,0.0,fake,8
vendor_25,0.031151277929459518,0.651791060365447,smooth5_top25,9,85,0.0,fake,9
vendor_20,0.3001019189517887,0.47465837506320135,smooth5_top50,9,85,0.0,fake,10
vendor_29,0.37774274953771547,0.45595745614473493,smooth1_top50,9,85,0.0,fake,11
vendor_07,-0.32270211318463504,0.3814166918725059,smooth20_top25,9,85,0.0,fake,12
vendor_10,0.18906937126489745,0.3630077518254877,smooth5_all,9,85,0.0,fake,13
vendor_11,0.012878020518746766,0.307543594875678,smooth20_top50,9,85,0.0,fake,14
vendor_09,-0.2646524944560104,0.2679746252538703,smooth20_all,9,85,0.0,fake,15
vendor_05,0.24187471828484272,0.24187471828484272,smooth1_all,9,85,0.0,fake,16
vendor_14,0.15915299736324545,0.19692094186814932,smooth1_top50,9,85,0.0,fake,17
vendor_21,-0.2521414677105628,0.19413162245316282,smooth5_top50,9,85,0.0,fake,18
vendor_19,-0.289983078030143,0.1066088641937958,smooth5_all,9,85,0.0,fake,19
vendor_22,0.03610622589991753,0.10498689235448141,smooth5_all,9,85,0.0,fake,20
vendor_28,-0.6100865267726855,0.09524803964934025,smooth20_all,9,85,0.0,fake,21
vendor_24,-0.24504791002773862,0.0705661151048376,smooth5_top50,9,85,0.0,fake,22
vendor_16,-0.20122578115433185,0.043189356216201825,smooth20_all,9,85,0.0,fake,23
vendor_17,-0.05930778332277808,0.02373188920108415,smooth20_top50,9,85,0.0,fake,24
vendor_18,-0.5806512283310831,0.016364696946568863,smooth20_top25,9,85,0.0,fake,25
vendor_27,-0.7059702951634553,-0.03425242880088297,smooth5_top50,9,85,0.0,fake,26
vendor_06,-0.09603791485178235,-0.09603791485178235,smooth1_all,9,85,0.0,fake,27
vendor_12,-0.1265411583794675,-0.1179237665464041,smooth1_top50,9,85,0.0,fake,28
vendor_15,-0.7056773563045929,-0.155845528776426,smooth20_top50,9,85,0.0,fake,29
vendor_23,-0.6644554740409362,-0.6181343543061147,smooth1_top25,9,85,0.0,fake,30
vendor_04,0.657231883046415,1.404767221338097,smooth20_top25,9,86,0.01,REAL,1
vendor_00,1.2709220154001541,1.3206612504399233,smooth5_top50,9,86,0.03,REAL,2
vendor_01,1.1184760211568683,1.1275160281333199,smooth1_top25,9,86,0.025,REAL,3
vendor_03,0.9616232938508386,1.1165631101455753,smooth5_top25,9,86,0.015,REAL,4
vendor_02,1.0094809531779596,1.0094809531779596,smooth1_all,9,86,0.02,REAL,5
vendor_11,0.5886254757645548,0.9360802658887363,smooth20_top25,9,86,0.0,fake,6
vendor_09,0.047319346061414844,0.7709354237187628,smooth20_top25,9,86,0.0,fake,7
vendor_26,0.7238109850967273,0.7285402452493153,smooth1_top25,9,86,0.0,fake,8
vendor_06,0.08328041842074688,0.7245090816943223,smooth5_top50,9,86,0.0,fake,9
vendor_15,0.6508432377481198,0.6508432377481198,smooth1_all,9,86,0.0,fake,10
vendor_20,0.5379576580835742,0.646482151742733,smooth5_top25,9,86,0.0,fake,11
vendor_19,0.39231529472872256,0.5353728447747771,smooth20_top50,9,86,0.0,fake,12
vendor_12,0.5230475591365239,0.5230475591365239,smooth1_all,9,86,0.0,fake,13
vendor_22,0.35857606919188945,0.35857606919188945,smooth1_all,9,86,0.0,fake,14
vendor_28,-0.36202434821800383,0.3556471495919516,smooth20_top25,9,86,0.0,fake,15
vendor_13,-0.25738496179540876,0.3014248979817283,smooth5_all,9,86,0.0,fake,16
vendor_27,-0.6186962088741386,0.27686332751227066,smooth20_all,9,86,0.0,fake,17
vendor_16,0.2502145719537006,0.2688143661615346,smooth1_top25,9,86,0.0,fake,18
vendor_14,0.05082690085947125,0.2682162001965257,smooth5_top50,9,86,0.0,fake,19
vendor_08,0.08090802920525286,0.23955224027645844,smooth5_top25,9,86,0.0,fake,20
vendor_24,0.0662059791118584,0.1775244961714272,smooth5_top50,9,86,0.0,fake,21
vendor_25,-0.8316413574866686,0.15662433410272303,smooth20_top50,9,86,0.0,fake,22
vendor_29,0.11903062187936318,0.13433025500983284,smooth1_top50,9,86,0.0,fake,23
vendor_23,0.049771992060169086,0.1144750706430073,smooth1_top50,9,86,0.0,fake,24
vendor_05,-0.8834766481974333,0.08051385490241644,smooth20_top25,9,86,0.0,fake,25
vendor_07,0.05732662694087023,0.06511574140669568,smooth5_all,9,86,0.0,fake,26
vendor_10,-0.24105335520685137,0.059124593128639845,smooth20_top50,9,86,0.0,fake,27
vendor_18,-0.7925781933773642,-0.07788087657429396,smooth20_top50,9,86,0.0,fake,28
vendor_21,-0.30967932079246985,-0.30967932079246985,smooth1_all,9,86,0.0,fake,29
vendor_17,-0.7455548074261009,-0.4658213746809242,smooth5_all,9,86,0.0,fake,30
vendor_01,1.8032686070852055,1.8779498056232877,smooth5_top50,9,87,0.025,REAL,1
vendor_00,1.5305115417674544,1.6172870761360256,smooth1_top50,9,87,0.03,REAL,2
vendor_04,1.0785669242510094,1.0840620078028889,smooth1_top25,9,87,0.01,REAL,3
vendor_02,1.010987111536554,1.0263482283627827,smooth1_top50,9,87,0.02,REAL,4
vendor_21,0.9670891385517739,0.9996231329962053,smooth1_top25,9,87,0.0,fake,5
vendor_15,-0.15008159397123996,0.7771149061119046,smooth20_top50,9,87,0.0,fake,6
vendor_17,0.052344463822345304,0.6289247523972056,smooth20_top50,9,87,0.0,fake,7
vendor_03,0.32556556147490706,0.6139611831379542,smooth5_top25,9,87,0.015,REAL,8
vendor_25,-0.10289783903752417,0.6063172095997441,smooth5_all,9,87,0.0,fake,9
vendor_29,-0.12385375114561276,0.6005193650091232,smooth5_top50,9,87,0.0,fake,10
vendor_18,0.5469606591346438,0.5469606591346438,smooth1_all,9,87,0.0,fake,11
vendor_27,0.3232117008629732,0.5359810615988043,smooth20_top25,9,87,0.0,fake,12
vendor_26,-0.22273949289004882,0.5189938569107138,smooth20_all,9,87,0.0,fake,13
vendor_19,0.26146981159846217,0.5178694051737547,smooth5_top25,9,87,0.0,fake,14
vendor_11,0.21770538815528118,0.5113094224003426,smooth20_top50,9,87,0.0,fake,15
vendor_24,0.28442295318234906,0.3777572487209376,smooth1_top25,9,87,0.0,fake,16
vendor_16,0.2006476036521465,0.24576459595658479,smooth1_top25,9,87,0.0,fake,17
vendor_05,0.22973601014084158,0.22973601014084158,smooth1_all,9,87,0.0,fake,18
vendor_20,0.20087321647294232,0.2141539011184128,smooth1_top50,9,87,0.0,fake,19
vendor_12,-0.41641142178357365,0.14049931216719797,smooth20_top50,9,87,0.0,fake,20
vendor_23,0.01657343918390033,0.11561814867737699,smooth5_top25,9,87,0.0,fake,21
vendor_09,0.003909337183261293,0.03426967492807028,smooth1_top25,9,87,0.0,fake,22
vendor_08,-0.1616427943162329,-0.10141996583124858,smooth1_top25,9,87,0.0,fake,23
vendor_10,-0.1766171150332147,-0.1766171150332147,smooth1_all,9,87,0.0,fake,24
vendor_13,-0.29646735592468326,-0.2027101748681428,smooth1_top25,9,87,0.0,fake,25
vendor_28,-0.2101594948827205,-0.20590898478773803,smooth1_top50,9,87,0.0,fake,26
vendor_06,-0.4038322412074727,-0.21926147065668938,smooth20_top50,9,87,0.0,fake,27
vendor_22,-0.3434434684311025,-0.3434434684311025,smooth1_all,9,87,0.0,fake,28
vendor_14,-0.5049146483748339,-0.404005396353607,smooth20_all,9,87,0.0,fake,29
vendor_07,-0.9179483492422134,-0.4334724569454306,smooth20_top25,9,87,0.0,fake,30
vendor_00,1.3787446856187544,1.3788257270316069,smooth1_top25,9,88,0.03,REAL,1
vendor_01,1.2095609428423437,1.2823753453027265,smooth1_top25,9,88,0.025,REAL,2
vendor_02,0.6766286906738926,1.195222911875506,smooth5_top25,9,88,0.02,REAL,3
vendor_13,0.051390292947148905,0.9333310976968,smooth5_top50,9,88,0.0,fake,4
vendor_03,0.34627731152952496,0.8326837437530683,smooth5_top25,9,88,0.015,REAL,5
vendor_18,0.41563725006379443,0.8237164644740698,smooth5_top25,9,88,0.0,fake,6
vendor_19,0.06617370233170722,0.7506539683055854,smooth20_all,9,88,0.0,fake,7
vendor_28,0.1822976248727664,0.7277334576707583,smooth5_top50,9,88,0.0,fake,8
vendor_12,0.5113193854086265,0.5943197980796229,smooth20_top50,9,88,0.0,fake,9
vendor_14,0.5578228577378985,0.5903431869762826,smooth1_top25,9,88,0.0,fake,10
vendor_21,0.40605486359652443,0.5688848195006723,smooth5_top25,9,88,0.0,fake,11
vendor_22,0.30970423887489434,0.5051080709778476,smooth5_top25,9,88,0.0,fake,12
vendor_16,0.011512004310007384,0.490694103412869,smooth20_all,9,88,0.0,fake,13
vendor_06,-0.4470648773505976,0.48980421822237874,smooth20_all,9,88,0.0,fake,14
vendor_05,0.009804556546968832,0.4354684821982978,smooth20_all,9,88,0.0,fake,15
vendor_04,0.2202202330244975,0.40712433543280613,smooth5_top50,9,88,0.01,REAL,16
vendor_29,0.22456205467286325,0.3951914265533925,smooth5_top50,9,88,0.0,fake,17
vendor_26,0.2818385639980403,0.3028697355076506,smooth1_top50,9,88,0.0,fake,18
vendor_15,-0.22111821064614956,0.2137263724331538,smooth20_top25,9,88,0.0,fake,19
vendor_09,0.11547774559325569,0.16068316951798645,smooth1_top25,9,88,0.0,fake,20
vendor_24,-0.21410535370084702,0.08978327801491952,smooth5_top25,9,88,0.0,fake,21
vendor_11,-0.579214361801106,0.08790774459836163,smooth20_all,9,88,0.0,fake,22
vendor_23,0.0235602378855746,0.05329611891385148,smooth1_top50,9,88,0.0,fake,23
vendor_25,-0.35328900621725107,-0.03570203233731918,smooth5_all,9,88,0.0,fake,24
vendor_17,-0.1887036446616485,-0.05724654166659374,smooth5_all,9,88,0.0,fake,25
vendor_07,-0.18876378545664965,-0.1654094399112609,smooth1_top25,9,88,0.0,fake,26
vendor_08,-0.35244744052478466,-0.2122425226068454,smooth20_top25,9,88,0.0,fake,27
vendor_20,-0.7200738949312112,-0.37043627468101853,smooth5_top25,9,88,0.0,fake,28
vendor_10,-0.4197425666683193,-0.3966337492557534,smooth1_top25,9,88,0.0,fake,29
vendor_27,-0.5995756641241523,-0.5404461864342865,smooth1_top50,9,88,0.0,fake,30
vendor_00,1.7535532935029738,1.7535532935029738,smooth1_all,9,89,0.03,REAL,1
vendor_01,1.4531731444380955,1.6030189610159054,smooth5_all,9,89,0.025,REAL,2
vendor_02,1.491495910570875,1.5345584736103777,smooth1_top25,9,89,0.02,REAL,3
vendor_07,1.0129693235362511,1.105183383982187,smooth5_all,9,89,0.0,fake,4
vendor_21,0.983636247726339,1.0362415960869744,smooth1_top50,9,89,0.0,fake,5
vendor_18,0.8137639297240982,0.8535099870663823,smooth1_top25,9,89,0.0,fake,6
vendor_03,0.8432967223778622,0.8432967223778622,smooth1_all,9,89,0.015,REAL,7
vendor_26,0.21778822260571895,0.7811691039349883,smooth5_top25,9,89,0.0,fake,8
vendor_09,-0.013621630334899309,0.5633138189911108,smooth20_all,9,89,0.0,fake,9
vendor_19,0.5246372083483334,0.5522779927148632,smooth1_top50,9,89,0.0,fake,10
vendor_08,0.4828903857654359,0.49237351602880886,smooth1_top50,9,89,0.0,fake,11
vendor_05,0.49033897935850346,0.49033897935850346,smooth1_all,9,89,0.0,fake,12
vendor_20,0.4561617449816868,0.47058338551109913,smooth1_top50,9,89,0.0,fake,13
vendor_14,0.3714640151933498,0.3714640151933498,smooth1_all,9,89,0.0,fake,14
vendor_12,0.32426533929839724,0.36449106869078285,smooth1_top50,9,89,0.0,fake,15
vendor_29,-0.62892361707412,0.3104427081257696,smooth20_top25,9,89,0.0,fake,16
vendor_23,-0.029347523947647263,0.25119933957302076,smooth20_top25,9,89,0.0,fake,17
vendor_04,0.20761987336285156,0.23152343873411163,smooth1_top50,9,89,0.01,REAL,18
vendor_25,0.19268589502322003,0.2312483665084134,smooth5_top50,9,89,0.0,fake,19
vendor_16,0.1271542374556744,0.23015086077486857,smooth5_top50,9,89,0.0,fake,20
vendor_10,0.22546436359945732,0.22546436359945732,smooth1_all,9,89,0.0,fake,21
vendor_06,-0.01043334965024446,0.0520634960881756,smooth1_top25,9,89,0.0,fake,22
vendor_13,0.01647895721000952,0.03657372136360231,smooth1_top50,9,89,0.0,fake,23
vendor_24,-0.5979502838778927,-0.00577403059515186,smooth20_top50,9,89,0.0,fake,24
vendor_27,-0.04059079808796136,-0.011323075362060104,smooth1_top50,9,89,0.0,fake,25
vendor_28,-0.378923968239347,-0.04936860074138053,smooth5_top25,9,89,0.0,fake,26
vendor_15,-0.27142985118678925,-0.0887372674575847,smooth20_top50,9,89,0.0,fake,27
vendor_11,-0.4076325317204998,-0.14144720666975313,smooth5_top50,9,89,0.0,fake,28
vendor_17,-0.18929582538958842,-0.15999631137527134,smooth1_top50,9,89,0.0,fake,29
vendor_22,-0.42178265041586843,-0.42178265041586843,smooth1_all,9,89,0.0,fake,30
vendor_00,1.9089747340829992,1.9089747340829992,smooth1_all,9,90,0.03,REAL,1
vendor_01,1.358068639390339,1.616774622731396,smooth5_top50,9,90,0.025,REAL,2
vendor_03,1.3506362991033525,1.3506362991033525,smooth1_all,9,90,0.015,REAL,3
vendor_20,0.8712685789648277,1.0834542044411977,smooth5_top50,9,90,0.0,fake,4
vendor_10,0.40253488329198706,0.8479338485002578,smooth5_top25,9,90,0.0,fake,5
vendor_13,0.7331182843696759,0.807325661876421,smooth1_top50,9,90,0.0,fake,6
vendor_08,0.1863351347592001,0.7839131952951568,smooth5_all,9,90,0.0,fake,7
vendor_17,-0.1439948546645366,0.7160262179943873,smooth20_top25,9,90,0.0,fake,8
vendor_04,0.4614051526367578,0.6324249246952498,smooth5_top50,9,90,0.01,REAL,9
vendor_24,0.291882072311598,0.47688893732990895,smooth5_all,9,90,0.0,fake,10
vendor_02,0.4468547675493645,0.4468547675493645,smooth1_all,9,90,0.02,REAL,11
vendor_11,0.30002556610851583,0.38709470467573914,smooth20_all,9,90,0.0,fake,12
vendor_07,0.13240052264493488,0.38043771310803287,smooth20_top50,9,90,0.0,fake,13
vendor_26,-0.10149566855999127,0.2865747158732802,smooth5_top25,9,90,0.0,fake,14
vendor_29,0.25299171848194285,0.2831845075654138,smooth1_top25,9,90,0.0,fake,15
vendor_19,0.19374281883494743,0.26901851120427084,smooth1_top25,9,90,0.0,fake,16
vendor_23,-0.12019050018397444,0.25797593713305544,smooth5_all,9,90,0.0,fake,17
vendor_15,-0.039768826521650695,0.24900541228441256,smooth20_top25,9,90,0.0,fake,18
vendor_05,-0.012814089592437978,0.1790044306075782,smooth20_all,9,90,0.0,fake,19
vendor_25,-0.31666062863609873,0.15029765211875326,smooth5_top50,9,90,0.0,fake,20
vendor_28,0.07614220433872115,0.11930098789374394,smooth1_top50,9,90,0.0,fake,21
vendor_16,-0.0811579562436902,0.0901798275740248,smooth5_top50,9,90,0.0,fake,22
vendor_06,-0.10016382874986209,0.06434598598226184,smooth20_top50,9,90,0.0,fake,23
vendor_12,-0.00734475533556939,-0.00734475533556939,smooth1_all,9,90,0.0,fake,24
vendor_14,-0.15687404344572106,-0.10757776046810212,smooth5_top50,9,90,0.0,fake,25
vendor_09,-0.11515871277915456,-0.11515871277915456,smooth1_all,9,90,0.0,fake,26
vendor_18,-0.3747861443774044,-0.1258191726426519,smooth5_all,9,90,0.0,fake,27
vendor_21,-0.26627821700587434,-0.24036543914931588,smooth1_top25,9,90,0.0,fake,28
vendor_27,-0.5323873804965242,-0.29271418523327225,smooth20_all,9,90,0.0,fake,29
vendor_22,-0.58396179009871,-0.5558080057729013,smooth1_top50,9,90,0.0,fake,30
vendor_00,1.056410569827107,1.6014807499819241,smooth20_all,9,91,0.03,REAL,1
vendor_01,1.5308965419828702,1.5308965419828702,smooth1_all,9,91,0.025,REAL,2
vendor_02,1.224992854724555,1.224992854724555,smooth1_all,9,91,0.02,REAL,3
vendor_03,0.9307941815464242,1.1928109525554018,smooth5_top50,9,91,0.015,REAL,4
vendor_23,1.1114835826520026,1.1358676116570314,smooth1_top50,9,91,0.0,fake,5
vendor_05,-0.09344939858222037,1.1296429117420421,smooth20_top25,9,91,0.0,fake,6
vendor_18,-0.026777280165602237,0.6723289309532821,smooth5_top25,9,91,0.0,fake,7
vendor_07,-0.20575053750560945,0.5682408958938262,smooth20_top25,9,91,0.0,fake,8
vendor_08,0.3988061011815546,0.5552983446551096,smooth20_top25,9,91,0.0,fake,9
vendor_26,0.007739242148073486,0.539300413538159,smooth20_top25,9,91,0.0,fake,10
vendor_04,0.43237770510088785,0.43237770510088785,smooth1_all,9,91,0.01,REAL,11
vendor_14,0.2658516959529298,0.4316970934362319,smooth5_all,9,91,0.0,fake,12
vendor_19,-0.08965009725064821,0.43019792818085967,smooth20_top50,9,91,0.0,fake,13
vendor_10,0.2407116598612901,0.36757442323762113,smooth20_top50,9,91,0.0,fake,14
vendor_22,0.33829372120471574,0.3549083648895813,smooth1_top25,9,91,0.0,fake,15
vendor_21,-0.024879734570237955,0.34915147375082395,smooth5_top50,9,91,0.0,fake,16
vendor_28,0.2987160983529435,0.3277958311248309,smooth1_top25,9,91,0.0,fake,17
vendor_25,-0.05786774201108402,0.3199097104355573,smooth20_top25,9,91,0.0,fake,18
vendor_20,0.2630298573037954,0.27216104129162383,smooth1_top25,9,91,0.0,fake,19
vendor_29,0.04521065464264729,0.22939565032270268,smooth5_all,9,91,0.0,fake,20
vendor_11,-0.17038887525340052,0.1855319908685243,smooth5_top25,9,91,0.0,fake,21
vendor_27,0.0918762397305425,0.15473257388031042,smooth1_top50,9,91,0.0,fake,22
vendor_15,0.06635111535781024,0.09890726362941875,smooth1_top50,9,91,0.0,fake,23
vendor_06,-0.1189051975272986,0.039082003723514364,smooth5_all,9,91,0.0,fake,24
vendor_16,0.0038294871788474216,0.03825829367420406,smooth5_top25,9,91,0.0,fake,25
vendor_17,-0.04200077680760244,-0.006943781608804364,smooth1_top25,9,91,0.0,fake,26
vendor_12,-0.42387147497345723,-0.053637983403950006,smooth5_top25,9,91,0.0,fake,27
vendor_24,-0.7332929053938063,-0.09701465949072624,smooth20_all,9,91,0.0,fake,28
vendor_09,-0.31888240453509425,-0.27076227400313646,smooth5_top50,9,91,0.0,fake,29
vendor_13,-0.5705708435771073,-0.5705708435771073,smooth1_all,9,91,0.0,fake,30
vendor_00,1.60813412928969,1.60813412928969,smooth1_all,9,92,0.03,REAL,1
vendor_10,0.5594019876230488,1.1459167329931277,smooth5_all,9,92,0.0,fake,2
vendor_03,0.9828149839899919,1.0196272384503564,smooth20_top25,9,92,0.015,REAL,3
vendor_21,-0.30490732174218993,1.0128182428001093,smooth20_top25,9,92,0.0,fake,4
vendor_02,0.9132721935643849,0.9380930597283511,smooth1_top25,9,92,0.02,REAL,5
vendor_01,0.6364243585530899,0.8248234239457712,smooth5_top50,9,92,0.025,REAL,6
vendor_13,0.4929369620517177,0.8238866725457356,smooth5_all,9,92,0.0,fake,7
vendor_18,0.6180834775091929,0.7627136410775899,smooth20_top50,9,92,0.0,fake,8
vendor_04,0.45154497969611834,0.6982454373486459,smooth5_top25,9,92,0.01,REAL,9
vendor_09,-0.18991420491533967,0.6898653026404095,smooth5_all,9,92,0.0,fake,10
vendor_24,0.6191778577944375,0.6191778577944375,smooth1_all,9,92,0.0,fake,11
vendor_23,0.372188414408185,0.5876468900508026,smooth5_all,9,92,0.0,fake,12
vendor_12,0.5843441946253014,0.5843441946253014,smooth1_all,9,92,0.0,fake,13
vendor_11,0.05992919918223321,0.5296930557641419,smooth5_top25,9,92,0.0,fake,14
vendor_28,-0.054690990938357005,0.45137813004561617,smooth20_all,9,92,0.0,fake,15
vendor_17,0.3957363546665531,0.4490779971660303,smooth1_top50,9,92,0.0,fake,16
vendor_08,0.13246726346681806,0.4161919569799565,smooth5_top50,9,92,0.0,fake,17
vendor_15,0.27028567332204173,0.3849861268740751,smooth1_top25,9,92,0.0,fake,18
vendor_25,0.14756219093423983,0.22965652348989565,smooth1_top25,9,92,0.0,fake,19
vendor_27,-0.684794701328809,0.22833010095807513,smooth20_top50,9,92,0.0,fake,20
vendor_05,0.22604977692907038,0.22604977692907038,smooth1_all,9,92,0.0,fake,21
vendor_26,0.2227576247381547,0.2227576247381547,smooth1_all,9,92,0.0,fake,22
vendor_20,0.1074048402394827,0.16662943148347725,smooth1_top50,9,92,0.0,fake,23
vendor_14,-0.11084661212271599,0.1487980483156382,smooth20_all,9,92,0.0,fake,24
vendor_19,-0.7078238408122337,0.08207148486970359,smooth20_top25,9,92,0.0,fake,25
vendor_07,-0.3002594953793501,0.07628816641638941,smooth20_all,9,92,0.0,fake,26
vendor_16,-0.20957219640618457,0.027667972429716903,smooth20_all,9,92,0.0,fake,27
vendor_22,0.021117713719180312,0.021117713719180312,smooth1_all,9,92,0.0,fake,28
vendor_06,-0.5482868682838147,-0.4574194289069818,smooth5_all,9,92,0.0,fake,29
vendor_29,-0.6111890819158957,-0.48706699768231365,smooth5_top25,9,92,0.0,fake,30
vendor_02,0.7949656893770357,1.464143781553567,smooth20_all,9,93,0.02,REAL,1
vendor_00,1.4318710867470665,1.4610075412517716,smooth20_top25,9,93,0.03,REAL,2
vendor_03,1.20993265902399,1.2247300562346364,smooth1_top50,9,93,0.015,REAL,3
vendor_27,0.7571741211918119,1.1933474607342704,smooth5_all,9,93,0.0,fake,4
vendor_01,0.6516432095673294,1.1238592469067465,smooth20_all,9,93,0.025,REAL,5
vendor_04,0.8934897358366841,0.9582577645629735,smooth1_top25,9,93,0.01,REAL,6
vendor_15,0.7341764172926188,0.7848074103038056,smooth20_all,9,93,0.0,fake,7
vendor_29,0.6820597564499317,0.7090470471165026,smooth1_top50,9,93,0.0,fake,8
vendor_05,0.648313928204276,0.6742045480388763,smooth1_top25,9,93,0.0,fake,9
vendor_23,0.6664722473803986,0.6664722473803986,smooth1_all,9,93,0.0,fake,10
vendor_22,-0.41426162231763103,0.5535211594921284,smooth5_all,9,93,0.0,fake,11
vendor_10,0.5372194093802891,0.5372194093802891,smooth1_all,9,93,0.0,fake,12
vendor_19,0.010003352903910644,0.5227492573576433,smooth20_top25,9,93,0.0,fake,13
vendor_09,0.4293220815520663,0.4495951314519735,smooth5_all,9,93,0.0,fake,14
vendor_26,-0.4637772163311604,0.43027297120072866,smooth20_top25,9,93,0.0,fake,15
vendor_25,0.07145375076844929,0.3209168175217499,smooth20_top50,9,93,0.0,fake,16
vendor_17,0.19364606685959118,0.3178772195955715,smooth1_top25,9,93,0.0,fake,17
vendor_14,-0.0007259413799303326,0.2891156017692477,smooth20_top50,9,93,0.0,fake,18
vendor_24,0.24291189862919435,0.259478805108125,smooth1_top25,9,93,0.0,fake,19
vendor_13,-0.39379909380572786,0.24283980033090474,smooth20_top50,9,93,0.0,fake,20
vendor_06,0.11083520790709771,0.1190577581733328,smooth1_top25,9,93,0.0,fake,21
vendor_16,0.06322017940489329,0.10869315178065916,smooth1_top25,9,93,0.0,fake,22
vendor_21,-0.4013337460263239,0.0881997048373589,smooth5_all,9,93,0.0,fake,23
vendor_12,0.0785024866167144,0.0785024866167144,smooth1_all,9,93,0.0,fake,24
vendor_11,-0.5672236268048995,0.038909647678517005,smooth20_top50,9,93,0.0,fake,25
vendor_28,-0.556234172137507,-0.020716279946316783,smooth20_all,9,93,0.0,fake,26
vendor_08,-0.0687841237202372,-0.06250945572462871,smooth1_top50,9,93,0.0,fake,27
vendor_20,-0.4202030317261514,-0.23887575259774566,smooth5_all,9,93,0.0,fake,28
vendor_18,-0.47601228066701395,-0.47601228066701395,smooth1_all,9,93,0.0,fake,29
vendor_07,-0.7000655492737914,-0.587515632972021,smooth20_top25,9,93,0.0,fake,30
vendor_02,1.2924954182172699,1.642867911198196,smooth5_all,9,94,0.02,REAL,1
vendor_00,1.5519184190261541,1.561057913816303,smooth5_all,9,94,0.03,REAL,2
vendor_04,1.352050694766646,1.4815065508635659,smooth1_top25,9,94,0.01,REAL,3
vendor_28,0.41855844589621,1.3152476619497255,smooth20_top50,9,94,0.0,fake,4
vendor_01,1.1939410669443067,1.2867962275635125,smooth1_top25,9,94,0.025,REAL,5
vendor_10,-0.04151115868012988,1.0627760011978697,smooth20_all,9,94,0.0,fake,6
vendor_18,-0.6486153718821397,0.9057393078610709,smooth20_all,9,94,0.0,fake,7
vendor_23,-1.0044148842460476,0.8644052879591619,smooth20_top50,9,94,0.0,fake,8
vendor_03,0.4265146856863604,0.8307289043585626,smooth5_all,9,94,0.015,REAL,9
vendor_12,0.20803167709134163,0.8283040374730107,smooth20_top50,9,94,0.0,fake,10
vendor_21,0.8106450870312593,0.8176029560338804,smooth1_top25,9,94,0.0,fake,11
vendor_19,0.4383977448150981,0.4383977448150981,smooth1_all,9,94,0.0,fake,12
vendor_05,0.3245324091858101,0.4346279341369819,smooth20_top50,9,94,0.0,fake,13
vendor_25,0.3398020557782182,0.3398020557782182,smooth1_all,9,94,0.0,fake,14
vendor_29,-0.14541428175337587,0.3375922019693962,smooth20_all,9,94,0.0,fake,15
vendor_26,0.28803798537185676,0.32784141016041785,smooth1_top50,9,94,0.0,fake,16
vendor_24,0.05884955239657487,0.3273788089987906,smooth5_all,9,94,0.0,fake,17
vendor_08,-0.7153776129385668,0.32402738156391553,smooth20_top50,9,94,0.0,fake,18
vendor_09,-0.5246591205051431,0.3000588618855198,smooth20_all,9,94,0.0,fake,19
vendor_20,-0.18023805862574338,0.27395988960157247,smooth5_top25,9,94,0.0,fake,20
vendor_27,0.18119491445298216,0.26125304662138077,smooth5_top50,9,94,0.0,fake,21
vendor_11,-0.2986693891075562,0.24727074696329465,smooth5_top25,9,94,0.0,fake,22
vendor_15,-0.45738995413836975,0.20115593967091353,smooth5_top50,9,94,0.0,fake,23
vendor_07,0.14804025949265187,0.1599444650987858,smooth1_top25,9,94,0.0,fake,24
vendor_06,0.03515236775461514,0.15428069727529078,smooth5_top50,9,94,0.0,fake,25
vendor_22,-0.2676232509577571,0.1328793298211793,smooth5_all,9,94,0.0,fake,26
vendor_14,0.06631759481090646,0.06631759481090646,smooth1_all,9,94,0.0,fake,27
vendor_17,-0.678660550658801,0.0033114821398266096,smooth20_top50,9,94,0.0,fake,28
vendor_16,-0.28516825554790526,-0.28516825554790526,smooth1_all,9,94,0.0,fake,29
vendor_13,-0.5188897764046495,-0.3028919045073554,smooth5_all,9,94,0.0,fake,30
vendor_00,1.4243614462947827,1.9591672458302392,smooth20_all,9,95,0.03,REAL,1
vendor_02,0.7590328238256995,1.143717611328695,smooth5_top50,9,95,0.02,REAL,2
vendor_03,1.0521659998434572,1.095881547185113,smooth1_top25,9,95,0.015,REAL,3
vendor_20,0.49082925250994147,0.995339190273446,smooth5_top25,9,95,0.0,fake,4
vendor_12,-0.19641313551380726,0.9165663181965502,smooth20_top50,9,95,0.0,fake,5
vendor_15,0.5022967408737147,0.8190374387284296,smooth5_top25,9,95,0.0,fake,6
vendor_04,0.7149597732908718,0.7430940379440744,smooth1_top50,9,95,0.01,REAL,7
vendor_29,0.18953885894059874,0.6516412807178824,smooth20_top25,9,95,0.0,fake,8
vendor_21,0.2504193734091669,0.6472805125728527,smooth20_top25,9,95,0.0,fake,9
vendor_10,-0.24853587029984006,0.5673512474795972,smooth20_top50,9,95,0.0,fake,10
vendor_01,0.3422205052322721,0.4849316976083692,smooth20_all,9,95,0.025,REAL,11
vendor_16,-0.1165177631295585,0.38410855589346155,smooth20_top25,9,95,0.0,fake,12
vendor_18,0.3007932660353154,0.3007932660353154,smooth1_all,9,95,0.0,fake,13
vendor_07,-0.46541531166041256,0.23173329005665583,smooth20_top25,9,95,0.0,fake,14
vendor_09,0.20129215895475472,0.20129215895475472,smooth1_all,9,95,0.0,fake,15
vendor_14,0.08445919301412397,0.08564616769810872,smooth1_top50,9,95,0.0,fake,16
vendor_05,-0.17460551294609586,0.06408411955026981,smooth20_all,9,95,0.0,fake,17
vendor_25,-0.14287150823309544,0.03851187715226062,smooth5_top25,9,95,0.0,fake,18
vendor_28,-0.6140569090650506,0.026138127724172726,smooth5_top25,9,95,0.0,fake,19
vendor_13,-0.34585746540915896,-0.002460070596843732,smooth5_all,9,95,0.0,fake,20
vendor_24,-0.11949261636919697,-0.0480864548823474,smooth5_top25,9,95,0.0,fake,21
vendor_06,-0.14036084834695314,-0.07212763356863396,smooth1_top25,9,95,0.0,fake,22
vendor_17,-0.17850867847928317,-0.08805496908026011,smooth1_top25,9,95,0.0,fake,23
vendor_23,-0.3542992516620683,-0.11724026965143229,smooth5_top25,9,95,0.0,fake,24
vendor_26,-0.735933822740238,-0.17103893605136725,smooth5_top25,9,95,0.0,fake,25
vendor_08,-0.39330741607070663,-0.3433955217247323,smooth20_top50,9,95,0.0,fake,26
vendor_22,-0.66410834594312,-0.3629844817529459,smooth20_top50,9,95,0.0,fake,27
vendor_11,-0.9220544440438522,-0.38138829878904473,smooth20_top25,9,95,0.0,fake,28
vendor_19,-0.8042955293806178,-0.5357234726468836,smooth20_top25,9,95,0.0,fake,29
vendor_27,-0.6933438862849375,-0.5506698902444258,smooth20_top25,9,95,0.0,fake,30
vendor_02,1.5448387580171918,1.744864660321289,smooth5_top50,9,96,0.02,REAL,1
vendor_00,1.6956375763500884,1.700913602312606,smooth5_all,9,96,0.03,REAL,2
vendor_01,1.3433216747198764,1.4175036337119937,smooth1_top25,9,96,0.025,REAL,3
vendor_04,0.8730796337076048,1.326999439220417,smooth5_top50,9,96,0.01,REAL,4
vendor_23,0.7861581695865891,0.8598364550471207,smooth1_top25,9,96,0.0,fake,5
vendor_26,-0.06853467347449183,0.8220504871332626,smooth5_top50,9,96,0.0,fake,6
vendor_08,0.2675177703209525,0.7762710511092654,smooth20_top50,9,96,0.0,fake,7
vendor_05,0.6212508828898178,0.7132227785152594,smooth5_all,9,96,0.0,fake,8
vendor_10,0.7034639163747435,0.7034639163747435,smooth1_all,9,96,0.0,fake,9
vendor_09,-0.2721701822626052,0.6170689935577989,smooth20_top25,9,96,0.0,fake,10
vendor_13,-0.5039125276673085,0.6066501994315899,smooth20_all,9,96,0.0,fake,11
vendor_06,0.3902549438647435,0.4638371372033985,smooth5_top50,9,96,0.0,fake,12
vendor_28,0.4563986922537371,0.46125275197994486,smooth1_top50,9,96,0.0,fake,13
vendor_03,0.41956445239334245,0.45758030854394993,smooth1_top25,9,96,0.015,REAL,14
vendor_20,-0.016974751434668534,0.39658306960218404,smooth20_top25,9,96,0.0,fake,15
vendor_21,0.35733853912481117,0.3890073524843503,smooth1_top25,9,96,0.0,fake,16
vendor_07,-0.10379865760001386,0.3850010910002641,smooth5_top25,9,96,0.0,fake,17
vendor_16,0.1300263389837117,0.26498446637085654,smooth5_top50,9,96,0.0,fake,18
vendor_12,-0.11820998904370782,0.23402703831955818,smooth20_top25,9,96,0.0,fake,19
vendor_25,-1.0083165316627907,0.20616365325062144,smooth20_top25,9,96,0.0,fake,20
vendor_17,0.18173048908949604,0.20329026243456688,smooth5_all,9,96,0.0,fake,21
vendor_27,-0.6355710593939119,0.16394697010222128,smooth20_top25,9,96,0.0,fake,22
vendor_15,0.1288363642975899,0.1288363642975899,smooth1_all,9,96,0.0,fake,23
vendor_19,-0.3051724131857693,0.1178779514553005,smooth20_all,9,96,0.0,fake,24
vendor_22,-0.6930981571587506,0.07698067608557009,smooth5_top25,9,96,0.0,fake,25
vendor_18,-0.15925201952938137,0.02607635597648915,smooth5_all,9,96,0.0,fake,26
vendor_14,-0.009802243546618178,-0.001378321391441098,smooth1_top50,9,96,0.0,fake,27
vendor_24,-0.31148953598956863,-0.22586728803922823,smooth20_all,9,96,0.0,fake,28
vendor_29,-0.5706556001631878,-0.24980325172853485,smooth20_top25,9,96,0.0,fake,29
vendor_11,-0.7472396734964808,-0.3091387915192913,smooth20_top50,9,96,0.0,fake,30
vendor_02,1.4113675620077695,1.502126021163387,smooth1_top25,9,97,0.02,REAL,1
vendor_00,1.07951364909793,1.435287007344013,smooth20_all,9,97,0.03,REAL,2
vendor_01,1.3479065495988218,1.3479065495988218,smooth1_all,9,97,0.025,REAL,3
vendor_07,1.0704345221967149,1.078733738717764,smooth1_top25,9,97,0.0,fake,4
vendor_11,-0.37323586296801253,0.7065713043626305,smooth5_top25,9,97,0.0,fake,5
vendor_14,0.13739948981581665,0.6875102170303959,smooth20_top50,9,97,0.0,fake,6
vendor_09,0.09810162757556189,0.6277002019675719,smooth20_all,9,97,0.0,fake,7
vendor_16,-0.2185077015643912,0.5814921718330173,smooth5_top25,9,97,0.0,fake,8
vendor_03,0.15619807605074526,0.5124892458969358,smooth20_top25,9,97,0.015,REAL,9
vendor_05,0.43547222640809835,0.5034565664172608,smooth5_top50,9,97,0.0,fake,10
vendor_18,-0.33093248987795465,0.4389636991275433,smooth20_top25,9,97,0.0,fake,11
vendor_12,0.3837548259245218,0.43363600848202283,smooth5_top50,9,97,0.0,fake,12
vendor_25,0.07241925215481136,0.43175521836411157,smooth5_top25,9,97,0.0,fake,13
vendor_27,0.3725865490305938,0.40869318855439574,smooth1_top25,9,97,0.0,fake,14
vendor_17,-0.08996767501235743,0.3788384582394907,smooth20_all,9,97,0.0,fake,15
vendor_04,0.33961006312510456,0.3627887344285895,smooth1_top50,9,97,0.01,REAL,16
vendor_13,0.198403630176008,0.3585693886310324,smooth20_all,9,97,0.0,fake,17
vendor_19,-0.025311350852092192,0.30892815660704176,smooth20_top25,9,97,0.0,fake,18
vendor_24,-0.36331300751453377,0.27764057571721656,smooth5_top50,9,97,0.0,fake,19
vendor_10,0.10145295920342808,0.24794621417202548,smooth5_all,9,97,0.0,fake,20
vendor_29,-0.0934185707103149,0.2371113769511308,smooth5_top25,9,97,0.0,fake,21
vendor_22,-0.0725961335868771,0.20958726556209767,smooth5_top25,9,97,0.0,fake,22
vendor_26,-0.11393804158050826,0.19148394430271506,smooth20_top25,9,97,0.0,fake,23
vendor_28,0.170754263133742,0.18554341567269214,smooth1_top50,9,97,0.0,fake,24
vendor_08,0.01999213334957425,0.1683813970248168,smooth20_all,9,97,0.0,fake,25
vendor_06,0.16553455740036907,0.16628789483619574,smooth1_top25,9,97,0.0,fake,26
vendor_20,0.09010339847893634,0.09010339847893634,smooth1_all,9,97,0.0,fake,27
vendor_15,0.015737448227788435,0.016402555540919538,smooth1_top50,9,97,0.0,fake,28
vendor_21,-0.12754029092955477,0.014225955465074826,smooth20_top50,9,97,0.0,fake,29
vendor_23,-0.2815613355890595,-0.18145371413437292,smooth5_top50,9,97,0.0,fake,30
vendor_00,1.7881461891741384,1.8309241623150236,smooth1_top50,9,98,0.03,REAL,1
vendor_01,1.3572499381897394,1.4362676071639886,smooth1_top25,9,98,0.025,REAL,2
vendor_02,1.3866788863072048,1.3866788863072048,smooth1_all,9,98,0.02,REAL,3
vendor_26,0.7790822344746199,1.3323248475793656,smooth5_top25,9,98,0.0,fake,4
vendor_08,0.7520121780667163,1.071868239084478,smooth5_top25,9,98,0.0,fake,5
vendor_03,1.0372173063269392,1.0372173063269392,smooth1_all,9,98,0.015,REAL,6
vendor_19,-0.14674004629998344,0.7028134808335436,smooth20_top25,9,98,0.0,fake,7
vendor_14,0.47138596696958884,0.5458959667363276,smooth5_top50,9,98,0.0,fake,8
vendor_04,0.262494671715475,0.50960361200492,smooth20_top25,9,98,0.01,REAL,9
vendor_05,0.48876599596533654,0.48876599596533654,smooth1_all,9,98,0.0,fake,10
vendor_22,0.43806971843522935,0.43806971843522935,smooth1_all,9,98,0.0,fake,11
vendor_07,0.18323101501414088,0.3999187270219024,smooth5_top50,9,98,0.0,fake,12
vendor_06,-0.8366538988768412,0.3896651526839112,smooth20_top50,9,98,0.0,fake,13
vendor_27,0.31177134654721445,0.31177134654721445,smooth1_all,9,98,0.0,fake,14
vendor_15,0.28312450057266764,0.28312450057266764,smooth1_all,9,98,0.0,fake,15
vendor_17,-0.37577946131503726,0.2064042513153993,smooth20_top25,9,98,0.0,fake,16
vendor_28,0.035399503322377616,0.19821328244353878,smooth1_top25,9,98,0.0,fake,17
vendor_23,-0.24446179159206555,0.17289955257099604,smooth20_top25,9,98,0.0,fake,18
vendor_16,-0.3444546289952508,0.14598493643095586,smooth20_top50,9,98,0.0,fake,19
vendor_09,-0.5177303909660831,0.13490191405137347,smooth20_top25,9,98,0.0,fake,20
vendor_29,-0.5722623963492246,0.11234640562958044,smooth20_top50,9,98,0.0,fake,21
vendor_18,0.0009656560267723534,0.058414384385885344,smooth1_top25,9,98,0.0,fake,22
vendor_20,-0.6702660979808012,0.02870833451418666,smooth20_all,9,98,0.0,fake,23
vendor_12,-0.24261929499237125,0.019884048518577516,smooth5_top50,9,98,0.0,fake,24
vendor_13,-0.25662947028216265,-0.08930755932024305,smooth20_top50,9,98,0.0,fake,25
vendor_10,-0.53898518163321,-0.0930957220987868,smooth20_top25,9,98,0.0,fake,26
vendor_11,-0.1679252605391356,-0.09432690666629101,smooth5_all,9,98,0.0,fake,27
vendor_25,-0.28676577352554694,-0.09585495131747604,smooth20_top50,9,98,0.0,fake,28
vendor_24,-0.6569359105513874,-0.17000656219646101,smooth20_all,9,98,0.0,fake,29
vendor_21,-0.9165897517030587,-0.25419612790835994,smooth20_top25,9,98,0.0,fake,30
vendor_00,1.773479766830799,1.9712566591971499,smooth5_top50,9,99,0.03,REAL,1
vendor_03,0.8540938538439166,1.1584979838723781,smooth5_top25,9,99,0.015,REAL,2
vendor_25,0.4924731057725001,1.0977745584945837,smooth5_top25,9,99,0.0,fake,3
vendor_01,0.3914328383019386,1.0471450352698453,smooth20_all,9,99,0.025,REAL,4
vendor_02,0.8391028925231913,1.0124638963279067,smooth5_top50,9,99,0.02,REAL,5
vendor_22,0.8593225828005032,0.8597560376684612,smooth1_top50,9,99,0.0,fake,6
vendor_17,0.8581138416498671,0.8581138416498671,smooth1_all,9,99,0.0,fake,7
vendor_13,0.8164259052297295,0.8374267923072957,smooth1_top50,9,99,0.0,fake,8
vendor_20,0.7350161982639661,0.7773110004584235,smooth1_top25,9,99,0.0,fake,9
vendor_28,0.4932846422737217,0.6337653206008758,smooth20_top50,9,99,0.0,fake,10
vendor_15,0.3120614515239014,0.5715972833003562,smooth5_top25,9,99,0.0,fake,11
vendor_09,0.534672048640778,0.534672048640778,smooth1_all,9,99,0.0,fake,12
vendor_19,0.497297071681093,0.497297071681093,smooth1_all,9,99,0.0,fake,13
vendor_21,-0.6486899390823354,0.47964783828703306,smooth20_top50,9,99,0.0,fake,14
vendor_12,-0.10135637255123287,0.3357251255730992,smooth5_top50,9,99,0.0,fake,15
vendor_07,0.1400764871145861,0.31866986923770263,smooth5_all,9,99,0.0,fake,16
vendor_16,0.2903464363626839,0.30716002569395423,smooth1_top25,9,99,0.0,fake,17
vendor_10,-0.17683853157042664,0.17082861004497388,smooth20_all,9,99,0.0,fake,18
vendor_18,-0.16808397102632763,0.15057079583254468,smooth20_all,9,99,0.0,fake,19
vendor_04,-0.29835482391853946,0.10191096170804836,smooth5_all,9,99,0.01,REAL,20
vendor_05,-0.012069179855401605,0.005371583755983928,smooth1_top25,9,99,0.0,fake,21
vendor_08,-0.06230263449979486,0.005115656574430308,smooth1_top50,9,99,0.0,fake,22
vendor_29,-0.5439766393075981,0.004915635315898915,smooth5_all,9,99,0.0,fake,23
vendor_14,-0.5593083922878223,-0.028825570503654488,smooth20_top50,9,99,0.0,fake,24
vendor_06,-0.5474292597289407,-0.09862545475573982,smooth5_top50,9,99,0.0,fake,25
vendor_23,-0.5307986505608014,-0.11566614805600835,smooth5_top25,9,99,0.0,fake,26
vendor_11,-0.1992454334420022,-0.12433867507899038,smooth1_top25,9,99,0.0,fake,27
vendor_27,-0.6455634864642023,-0.25925096956019683,smooth20_top25,9,99,0.0,fake,28
vendor_24,-0.3026127379091874,-0.29335865057062205,smooth20_all,9,99,0.0,fake,29
vendor_26,-0.6488789815430587,-0.5030919355320258,smooth5_all,9,99,0.0,fake,30
