vendor,ens_sharpe,mean_sharpe,frac_pos,max_sharpe,min_sharpe,spread,n_configs,selection_cost,seed,true_ic,kind,rank
vendor_00,1.7680240708225194,1.6251990447424176,1.0,1.9919519378738086,1.1774119872410331,0.8145399506327755,9,0.2239278670512892,0,0.05,REAL,1
vendor_01,1.7594380321581684,1.6116612902007323,1.0,1.9829733187559448,1.1910559972128922,0.7919173215430526,9,0.22353528659777644,0,0.04,REAL,2
vendor_02,1.473519037980244,1.2922478040779453,1.0,1.3303913724348455,1.2429909945143447,0.08740037792050082,9,-0.14312766554539857,0,0.03,REAL,3
vendor_03,1.2882451035751514,1.104780193737686,1.0,1.2595603622365452,0.921425735766349,0.3381346264701962,9,-0.028684741338606212,0,0.025,REAL,4
vendor_04,0.6627704320803536,0.528900299072521,1.0,0.9531443844634397,0.16820421239351002,0.7849401720699297,9,0.29037395238308616,0,0.01,REAL,5
vendor_06,0.6205588429569502,0.4957886173954603,1.0,0.7300089109803766,0.23303419016850213,0.49697472081187444,9,0.10945006802342638,0,0.0,fake,6
vendor_07,0.4396443085503871,0.35057265770409646,1.0,0.5471671195075367,0.20127766798358296,0.3458894515239538,9,0.1075228109571496,0,0.0,fake,7
vendor_10,0.2872044348009702,0.22533671027631477,1.0,0.4084790908047164,0.011463835682935882,0.3970152551217805,9,0.1212746560037462,0,0.0,fake,8
vendor_08,0.0003214921411087866,-0.0008984327050909748,0.6666666666666666,0.15050473353711247,-0.23136836632196092,0.38187309985907336,9,0.15018324139600367,0,0.0,fake,9
vendor_11,-0.21448292254248702,-0.17133525104453973,0.3333333333333333,0.03137698520139056,-0.29689323318434174,0.3282702183857323,9,0.2458599077438776,0,0.0,fake,10
vendor_05,-0.5256288308219521,-0.4093573843384308,0.2222222222222222,0.045779566414300026,-0.7983462199724984,0.8441257863867985,9,0.5714083972362521,0,0.0,fake,11
vendor_09,-0.8440983497073884,-0.672397252505477,0.0,-0.07781779154602184,-0.9522772524030878,0.8744594608570659,9,0.7662805581613665,0,0.0,fake,12
vendor_02,1.6455676859444988,1.4526254008511785,1.0,1.9298419098635624,0.9539115949484157,0.9759303149151467,9,0.28427422391906365,1,0.03,REAL,1
vendor_00,1.5617357673402152,1.4471546440299878,1.0,1.8990630094087706,0.7288167356975314,1.1702462737112391,9,0.33732724206855536,1,0.05,REAL,2
vendor_01,1.4138137745386512,1.3053480410243563,1.0,1.6655028467658137,0.6356750156801343,1.0298278310856794,9,0.2516890722271625,1,0.04,REAL,3
vendor_03,1.021890410764338,0.8798674554735142,1.0,1.2080857518715604,0.6863225261278663,0.5217632257436942,9,0.18619534110722236,1,0.025,REAL,4
vendor_10,0.43412551619141176,0.34281820026008636,1.0,0.4747064081366263,0.23776198804949356,0.23694442008713273,9,0.040580891945214526,1,0.0,fake,5
vendor_04,0.3746051672164601,0.30157405594889625,1.0,0.4976931685868251,0.1613345023735189,0.33635866621330623,9,0.12308800137036502,1,0.01,REAL,6
vendor_09,0.2835633238273875,0.2332279894941527,0.6666666666666666,0.6276431911195218,-0.16638696641427972,0.7940301575338016,9,0.3440798672921343,1,0.0,fake,7
vendor_05,0.013632232907762833,0.008473323107071083,0.4444444444444444,0.20902933233618204,-0.14030690970163037,0.34933624203781244,9,0.1953970994284192,1,0.0,fake,8
vendor_07,-0.33782792939052536,-0.26682644650054804,0.0,-0.13516693571581925,-0.42618861146132725,0.29102167574550797,9,0.2026609936747061,1,0.0,fake,9
vendor_06,-0.4657003636313917,-0.3814844483504492,0.0,-0.1912825038153859,-0.5915178764989791,0.4002353726835932,9,0.27441785981600586,1,0.0,fake,10
vendor_08,-0.5560861167587802,-0.4567623585124115,0.0,-0.07768629242804441,-0.8268261591780048,0.7491398667499605,9,0.47839982433073575,1,0.0,fake,11
vendor_11,-0.9690319169673478,-0.79534361754439,0.3333333333333333,0.0435842246480429,-1.2788464266524973,1.3224306513005402,9,1.0126161416153907,1,0.0,fake,12
vendor_00,2.6577710163362576,2.3949484507943435,1.0,2.749996984658057,1.7921305777962844,0.9578664068617728,9,0.09222596832179963,2,0.05,REAL,1
vendor_01,2.3075768804054317,2.0166565775480922,1.0,2.5753669358715734,1.5409597131341906,1.0344072227373828,9,0.26779005546614165,2,0.04,REAL,2
vendor_02,1.929734799629208,1.6463352809864753,1.0,2.0517546071404316,1.3602669883210126,0.691487618819419,9,0.12201980751122354,2,0.03,REAL,3
vendor_03,1.1212898619210068,0.9395907090091884,1.0,1.1242032619348261,0.5999401818630923,0.5242630800717338,9,0.002913400013819345,2,0.025,REAL,4
vendor_04,1.0285971383445967,0.829674454836965,1.0,1.0271675054854406,0.6317954889658863,0.3953720165195542,9,-0.0014296328591560936,2,0.01,REAL,5
vendor_08,0.5207600057946635,0.40536330981119334,1.0,0.7408321272470441,0.13054749528440587,0.6102846319626382,9,0.22007212145238053,2,0.0,fake,6
vendor_09,0.27149058123899733,0.21752564333031976,1.0,0.355966700629384,0.11251537690249748,0.24345132372688655,9,0.08447611939038668,2,0.0,fake,7
vendor_11,0.029314665915753716,0.015443904417268962,0.6666666666666666,0.47960886379799955,-0.5080200918754785,0.9876289556734781,9,0.45029419788224584,2,0.0,fake,8
vendor_06,-0.2166335131913179,-0.18177002455384972,0.3333333333333333,0.19831189165253604,-0.6926565577462876,0.8909684493988237,9,0.41494540484385395,2,0.0,fake,9
vendor_05,-0.2505807257826382,-0.2102281832294869,0.3333333333333333,0.19876356773084214,-0.46157940506034445,0.6603429727911866,9,0.4493442935134803,2,0.0,fake,10
vendor_07,-0.4194323725511733,-0.3452075395393719,0.0,-0.06374918972472239,-0.6202148182569173,0.5564656285321948,9,0.35568318282645095,2,0.0,fake,11
vendor_10,-0.46901534723778526,-0.3785909103995315,0.0,-0.18780738291349364,-0.6725543751446285,0.4847469922311348,9,0.2812079643242916,2,0.0,fake,12
vendor_01,1.997738818463213,1.796757052500563,1.0,2.143380696996443,1.327885956185148,0.8154947408112949,9,0.14564187853322985,3,0.04,REAL,1
vendor_00,1.9364908320888716,1.761432807031705,1.0,2.0678469613482053,1.36275462352685,0.7050923378213554,9,0.1313561292593337,3,0.05,REAL,2
vendor_02,1.6598125802095247,1.4332015387672712,1.0,1.648253310132651,1.282584053081504,0.36566925705114706,9,-0.011559270076873629,3,0.03,REAL,3
vendor_03,1.368544757274197,1.150526802930341,1.0,1.2799353739289303,1.0612391830552863,0.218696190873644,9,-0.0886093833452668,3,0.025,REAL,4
vendor_06,0.6055868608261312,0.4921768255847362,1.0,0.577019479398859,0.3747796577874783,0.2022398216113807,9,-0.02856738142727222,3,0.0,fake,5
vendor_11,0.42731495741372494,0.34640565779706756,0.6666666666666666,0.8034547678043291,-0.1651356296546161,0.9685903974589452,9,0.3761398103906042,3,0.0,fake,6
vendor_09,0.2229540034001414,0.16824128450056808,0.6666666666666666,0.6450005017952708,-0.27734433905411504,0.9223448408493858,9,0.4220464983951294,3,0.0,fake,7
vendor_04,-0.03874795751876414,-0.03365710251877225,0.4444444444444444,0.130144666066712,-0.23730046842619634,0.36744513449290833,9,0.16889262358547613,3,0.01,REAL,8
vendor_08,-0.11928639043180343,-0.09602293561248572,0.3333333333333333,0.2687385007583146,-0.40337929086788,0.6721177916261947,9,0.38802489119011807,3,0.0,fake,9
vendor_05,-0.28856709765268745,-0.23598395173583903,0.0,-0.02271412053411695,-0.41992036458951976,0.39720624405540284,9,0.2658529771185705,3,0.0,fake,10
vendor_07,-0.31737173637320615,-0.2529830896779868,0.0,-0.021219228297664653,-0.46747379247745174,0.4462545641797871,9,0.2961525080755415,3,0.0,fake,11
vendor_10,-0.6718188276224527,-0.535987703722562,0.0,-0.3166253501863046,-0.7399341246473495,0.4233087744610449,9,0.3551934774361481,3,0.0,fake,12
vendor_01,1.6829283105439086,1.540942451263761,1.0,1.6867732982812107,1.424864764565301,0.2619085337159097,9,0.00384498773730213,4,0.04,REAL,1
vendor_00,1.6829283105439081,1.5409424512637608,1.0,1.6867732982812107,1.424864764565301,0.2619085337159097,9,0.0038449877373025743,4,0.05,REAL,2
vendor_02,1.6800597559853139,1.5143476199420274,1.0,1.575175052016397,1.4536936949038408,0.12148135711255614,9,-0.10488470396891691,4,0.03,REAL,3
vendor_04,1.629474382360391,1.332238955732491,1.0,1.523462592020907,1.0102782544955553,0.5131843375253518,9,-0.10601179033948394,4,0.01,REAL,4
vendor_03,1.3976802071409038,1.2410943776162695,1.0,1.4116862849366119,1.074115806945427,0.3375704779911848,9,0.01400607779570806,4,0.025,REAL,5
vendor_07,0.49586212626942006,0.4053409833389312,1.0,0.7129721904194676,0.11420772488385507,0.5987644655356125,9,0.21711006415004752,4,0.0,fake,6
vendor_06,0.31024167975342426,0.2499085631923222,1.0,0.4209942983703307,0.1035751797343528,0.3174191186359779,9,0.11075261861690644,4,0.0,fake,7
vendor_09,0.19354426821794032,0.1567131635576279,0.6666666666666666,0.3292071451376093,-0.14589133624655967,0.475098481384169,9,0.13566287691966897,4,0.0,fake,8
vendor_05,0.15297102084579386,0.12054007484110629,0.5555555555555556,0.6806316484415152,-0.2807965576025858,0.9614282060441011,9,0.5276606275957214,4,0.0,fake,9
vendor_08,-0.02745971307507922,-0.01953648374932295,0.5555555555555556,0.14158953299235774,-0.18473734120006205,0.3263268741924198,9,0.16904924606743696,4,0.0,fake,10
vendor_11,-0.4707922509146511,-0.37893170886651845,0.0,-0.0013049585301564996,-0.6363618713955987,0.6350569128654422,9,0.4694872923844946,4,0.0,fake,11
vendor_10,-0.5425279338872825,-0.44558162748904073,0.0,-0.07756269782260303,-0.7180070449532566,0.6404443471306536,9,0.46496523606467943,4,0.0,fake,12
vendor_00,2.041646053997697,1.8606207772026444,1.0,2.0400449876289657,1.7066905623594455,0.3333544252695202,9,-0.001601066368731363,5,0.05,REAL,1
vendor_01,2.041646053997697,1.8606207772026444,1.0,2.040044987628966,1.7066905623594455,0.33335442526952064,9,-0.001601066368730919,5,0.04,REAL,2
vendor_02,2.0015416180598335,1.7925122996898746,1.0,2.036210731108902,1.5943521840789208,0.4418585470299812,9,0.03466911304906839,5,0.03,REAL,3
vendor_03,1.687765229812009,1.4689815752661732,1.0,1.7996251361098847,1.0626100458057508,0.7370150903041339,9,0.11185990629787579,5,0.025,REAL,4
vendor_04,1.0796365847455467,0.868161622938742,1.0,1.0878341552034512,0.7075076595568269,0.38032649564662424,9,0.00819757045790448,5,0.01,REAL,5
vendor_11,0.43824236720317417,0.3532974571738039,1.0,0.4615948791622057,0.15666372783863097,0.30493115132357473,9,0.02335251195903154,5,0.0,fake,6
vendor_09,0.06123230429396033,0.04715467500583395,0.7777777777777778,0.11967474099466631,-0.005731515502408738,0.12540625649707504,9,0.05844243670070598,5,0.0,fake,7
vendor_05,0.024573213764620423,0.013802909418209287,0.6666666666666666,0.3235975659592958,-0.5518859739324046,0.8754835398917004,9,0.2990243521946754,5,0.0,fake,8
vendor_06,-0.07209245255514017,-0.05785366634549199,0.3333333333333333,0.141094260899777,-0.2938608448038378,0.4349551057036148,9,0.2131867134549172,5,0.0,fake,9
vendor_07,-0.07958321718154428,-0.06611689908568882,0.3333333333333333,0.2020349660175169,-0.3464588648287279,0.5484938308462448,9,0.2816181831990612,5,0.0,fake,10
vendor_10,-0.1831085770505692,-0.1466883306083269,0.3333333333333333,0.10525906105987841,-0.322179200897637,0.42743826195751544,9,0.28836763811044763,5,0.0,fake,11
vendor_08,-0.5444171530709363,-0.44099791544797734,0.0,-0.1940165308316627,-0.6689897177889718,0.47497318695730906,9,0.3504006222392736,5,0.0,fake,12
vendor_00,1.6797622878939138,1.5049434451856243,1.0,1.8122627172328198,1.082561672445617,0.7297010447872028,9,0.13250042933890605,6,0.05,REAL,1
vendor_01,1.6797622878939138,1.5049434451856243,1.0,1.8122627172328198,1.082561672445617,0.7297010447872028,9,0.13250042933890605,6,0.04,REAL,2
vendor_03,1.5059880281730706,1.2866277968983735,1.0,1.6007406085504217,1.079165416015527,0.5215751925348946,9,0.09475258037735101,6,0.025,REAL,3
vendor_02,1.4764635954656917,1.2920868618975108,1.0,1.646118915004457,1.0764981353904124,0.5696207796140447,9,0.16965531953876534,6,0.03,REAL,4
vendor_04,0.9343030315543003,0.7673628768557585,1.0,1.0168916102122918,0.4417021271984141,0.5751894830138777,9,0.08258857865799152,6,0.01,REAL,5
vendor_10,0.5510441871960468,0.42640005291787486,1.0,0.5244868206300781,0.3020735890922897,0.22241323153778841,9,-0.026557366565968632,6,0.0,fake,6
vendor_06,0.1706602446648153,0.1381568423020528,0.6666666666666666,0.5490072097960799,-0.16018340672095205,0.7091906165170319,9,0.37834696513126453,6,0.0,fake,7
vendor_05,0.1421919614179016,0.10815308453666725,0.3333333333333333,0.5735317717872139,-0.12286689081187463,0.6963986625990886,9,0.43133981036931235,6,0.0,fake,8
vendor_08,0.09266260509525877,0.06649981064694044,0.3333333333333333,0.6813794861551127,-0.4581691119834376,1.1395485981385503,9,0.5887168810598539,6,0.0,fake,9
vendor_11,0.051025383023465445,0.038688671618534114,0.3333333333333333,0.28890525737008266,-0.09141646363530152,0.3803217210053842,9,0.23787987434661723,6,0.0,fake,10
vendor_07,-0.03318440211288466,-0.021592344827485285,0.6666666666666666,0.10796648243850805,-0.25805767636179666,0.3660241588003047,9,0.1411508845513927,6,0.0,fake,11
vendor_09,-0.041572639518895824,-0.030422673509600522,0.3333333333333333,0.16332025332738848,-0.16396505956579496,0.3272853128931834,9,0.2048928928462843,6,0.0,fake,12
vendor_03,1.2886629006809471,1.1298411064446345,1.0,1.3959099777143256,0.7041027867154419,0.6918071909988837,9,0.10724707703337844,7,0.025,REAL,1
vendor_00,1.1452832873098664,1.0478868916208253,1.0,1.4976827688182954,0.36872448792386253,1.128958280894433,9,0.35239948150842904,7,0.05,REAL,2
vendor_01,1.1452832873098664,1.0478868916208253,1.0,1.4976827688182954,0.36872448792386253,1.128958280894433,9,0.35239948150842904,7,0.04,REAL,3
vendor_02,1.113046177810634,0.9992581976079526,1.0,1.4124910600736715,0.49189276293891165,0.9205982971347599,9,0.29944488226303756,7,0.03,REAL,4
vendor_10,0.9248970991746206,0.7383672870708613,1.0,0.8981211423344047,0.5375200919381693,0.36060105039623536,9,-0.026775956840215942,7,0.0,fake,5
vendor_05,0.492372402918953,0.39658520802343894,1.0,0.4903221353352918,0.3371941894444971,0.1531279458907947,9,-0.002050267583661225,7,0.0,fake,6
vendor_04,0.4256752060369223,0.35003515542903696,1.0,0.5272891952468615,0.0985388645633886,0.42875033068347285,9,0.10161398920993914,7,0.01,REAL,7
vendor_08,0.30808557314402163,0.24779340042411452,0.8888888888888888,0.39182558224689956,-0.0016672011594143288,0.3934927834063139,9,0.08374000910287793,7,0.0,fake,8
vendor_06,0.23254832469548117,0.18196023643260262,0.6666666666666666,0.49626839834651,-0.2264156489056232,0.7226840472521332,9,0.2637200736510288,7,0.0,fake,9
vendor_09,0.14146901180676874,0.11038482872747855,0.6666666666666666,0.3821873589496827,-0.26267886073121455,0.6448662196808972,9,0.24071834714291396,7,0.0,fake,10
vendor_07,-0.13806410019626114,-0.11033035153751605,0.0,-0.043322382394388265,-0.19089833213896484,0.14757594974457658,9,0.09474171780187288,7,0.0,fake,11
vendor_11,-0.39502399246658454,-0.3234240772411367,0.0,-0.1208986783578744,-0.5337277671289365,0.41282908877106217,9,0.2741253141087101,7,0.0,fake,12
vendor_00,1.9905568999954728,1.8016417600681127,1.0,2.2011261304373475,1.4220930605894704,0.7790330698478771,9,0.2105692304418747,8,0.05,REAL,1
vendor_01,1.6940606809363175,1.4936546028446547,1.0,1.6133781603280737,1.3638085390702304,0.24956962125784332,9,-0.08068252060824377,8,0.04,REAL,2
vendor_02,1.5933795110158304,1.3537496360069843,1.0,1.6759016333800505,0.9069310214368124,0.7689706119432381,9,0.08252212236422007,8,0.03,REAL,3
vendor_03,1.5671433746149457,1.3349155797641634,1.0,1.703517609856002,0.9716830171288215,0.7318345927271805,9,0.1363742352410564,8,0.025,REAL,4
vendor_09,1.0242010417583145,0.8258623816452352,1.0,1.3424515878449337,0.3499977465026849,0.9924538413422488,9,0.3182505460866192,8,0.0,fake,5
vendor_04,1.0105919747701837,0.8366504335720278,1.0,1.2338726075259165,0.3569951849492164,0.8768774225767002,9,0.22328063275573284,8,0.01,REAL,6
vendor_11,0.7999587766075474,0.6369502717826625,1.0,0.9689936792277083,0.4193413954648467,0.5496522837628616,9,0.16903490262016085,8,0.0,fake,7
vendor_08,0.2051651041634247,0.16114312166649886,0.6666666666666666,0.3478555799677794,-0.10091363913882788,0.4487692191066073,9,0.14269047580435468,8,0.0,fake,8
vendor_05,0.13965014562027644,0.12097699948674936,0.6666666666666666,0.6516332258851023,-0.46962186167721315,1.1212550875623155,9,0.5119830802648259,8,0.0,fake,9
vendor_10,-0.05661693394491814,-0.03628644087744469,0.6666666666666666,0.3677658506221296,-0.6408542690714248,1.0086201196935545,9,0.4243827845670477,8,0.0,fake,10
vendor_06,-0.2603761520647378,-0.2002044131826549,0.1111111111111111,0.010739330274852488,-0.3895162600911919,0.40025559036604436,9,0.27111548233959026,8,0.0,fake,11
vendor_07,-0.7584036439362499,-0.6004887603014085,0.0,-0.46953125827500913,-0.7349464859558237,0.26541522768081455,9,0.2888723856612408,8,0.0,fake,12
vendor_02,1.6393900812487041,1.4623056169559543,1.0,1.761378286519046,1.0998059373397924,0.6615723491792536,9,0.12198820527034182,9,0.03,REAL,1
vendor_00,1.576811498119962,1.4236455687357303,1.0,1.7219283866130297,1.1513300573548042,0.5705983292582255,9,0.1451168884930678,9,0.05,REAL,2
vendor_01,1.576811498119962,1.4236455687357303,1.0,1.7219283866130297,1.1513300573548042,0.5705983292582255,9,0.1451168884930678,9,0.04,REAL,3
vendor_03,0.9814431663333414,0.862967382166739,1.0,1.3387881281257172,0.6190054397875259,0.7197826883381914,9,0.35734496179237585,9,0.025,REAL,4
vendor_04,0.4891757124954855,0.40302765772992255,1.0,0.485407370827137,0.2811515789499477,0.20425579187718929,9,-0.0037683416683485516,9,0.01,REAL,5
vendor_06,0.4668606879960417,0.379106730466414,1.0,0.5880401081670837,0.17345616376682269,0.41458394440026103,9,0.12117942017104205,9,0.0,fake,6
vendor_08,0.4251191586680293,0.3444105860905094,1.0,0.5789147778099526,0.22845465745822485,0.35046012035172774,9,0.1537956191419233,9,0.0,fake,7
vendor_11,0.1625203596682962,0.129132985496165,0.6666666666666666,0.5404323336398927,-0.27574693516094045,0.8161792688008331,9,0.37791197397159654,9,0.0,fake,8
vendor_09,0.16080915154748998,0.1362372594842477,0.3333333333333333,0.5338902192634127,-0.08648228879599408,0.6203725080594068,9,0.37308106771592275,9,0.0,fake,9
vendor_10,0.1391398703671272,0.10926519648649496,0.8888888888888888,0.2598706768057762,-0.01567360859255877,0.275544285398335,9,0.120730806438649,9,0.0,fake,10
vendor_05,0.053995543285517304,0.04387601391423076,0.6666666666666666,0.24385201871319018,-0.18507190387050138,0.42892392258369155,9,0.18985647542767287,9,0.0,fake,11
vendor_07,-0.1629733254561566,-0.14231928133301197,0.3333333333333333,0.10024601516810527,-0.39412825889272063,0.4943742740608259,9,0.2632193406242619,9,0.0,fake,12
vendor_00,2.4643398619926082,2.214199657511158,1.0,2.3856082611974307,1.9111974635603157,0.474410797637115,9,-0.07873160079517749,10,0.05,REAL,1
vendor_01,2.0377535911708216,1.7674183759320243,1.0,2.1671663933479244,1.5275566875318982,0.6396097058160262,9,0.12941280217710283,10,0.04,REAL,2
vendor_02,1.4041005441036318,1.186444873116169,1.0,1.5637077583668144,0.9251875779648315,0.6385201804019829,9,0.15960721426318258,10,0.03,REAL,3
vendor_03,1.3253656116659152,1.0969946500084125,1.0,1.7811041840444448,0.5539905909142306,1.2271135931302142,9,0.45573857237852966,10,0.025,REAL,4
vendor_04,1.10489206130228,0.903421109150063,1.0,1.1271479431305484,0.6894922248050085,0.43765571832553996,9,0.022255881828268542,10,0.01,REAL,5
vendor_06,0.6588676881703367,0.5288239049652099,1.0,1.1414772489945917,0.04677642059403073,1.094700828400561,9,0.482609560824255,10,0.0,fake,6
vendor_09,0.6479404898066269,0.5162685098302555,1.0,0.6037138748319675,0.43025379184419954,0.17346008298776794,9,-0.044226614974659406,10,0.0,fake,7
vendor_10,0.20976222479816428,0.16575395614803143,1.0,0.3819718845856607,0.03715792657999284,0.3448139580056679,9,0.17220965978749644,10,0.0,fake,8
vendor_05,0.20005709508105995,0.16557348993657087,0.6666666666666666,0.6331510340517535,-0.26348026711837097,0.8966313011701246,9,0.4330939389706936,10,0.0,fake,9
vendor_08,0.08922935616873828,0.06790097942007967,0.3333333333333333,0.6348497278261439,-0.3793920543951127,1.0142417822212566,9,0.5456203716574056,10,0.0,fake,10
vendor_07,-0.15498178688528141,-0.12793168510876254,0.2222222222222222,0.11997368915958315,-0.3378949815696696,0.45786867072925275,9,0.2749554760448646,10,0.0,fake,11
vendor_11,-0.24678268399229827,-0.19786688823670381,0.0,-0.11103503932489157,-0.35184353979810934,0.24080850047321778,9,0.13574764466740669,10,0.0,fake,12
vendor_00,1.755575771133345,1.5994181588779042,1.0,2.011401698060258,1.2001534895245896,0.8112482085356683,9,0.25582592692691275,11,0.05,REAL,1
vendor_01,1.669293014467637,1.494351244513172,1.0,1.8829927382133451,1.1480298977704888,0.7349628404428563,9,0.21369972374570811,11,0.04,REAL,2
vendor_02,1.429112230221981,1.2383243285867254,1.0,1.566820812358705,0.9342016058098914,0.6326192065488137,9,0.1377085821367241,11,0.03,REAL,3
vendor_03,0.9057267594109794,0.7779307234256847,1.0,0.9143311419843809,0.5486111835348141,0.36571995844956684,9,0.00860438257340157,11,0.025,REAL,4
vendor_08,0.8187498014324303,0.660040700150335,1.0,0.9450682696556326,0.29853921722026844,0.6465290524353642,9,0.12631846822320236,11,0.0,fake,5
vendor_04,0.5354314752950259,0.42199633184762697,1.0,0.6448467964209467,0.10749328093455261,0.5373535154863941,9,0.10941532112592078,11,0.01,REAL,6
vendor_07,0.3636140625388972,0.28851153782001926,1.0,0.43100904394132966,0.12961106818184592,0.30139797575948374,9,0.06739498140243244,11,0.0,fake,7
vendor_11,0.1931012611694993,0.1521463978251871,0.4444444444444444,0.5861693293629763,-0.16791974471661236,0.7540890740795887,9,0.39306806819347695,11,0.0,fake,8
vendor_06,-0.031706253376533794,-0.022773264037145677,0.6666666666666666,0.15555341075339318,-0.31960605342998505,0.47515946418337823,9,0.18725966412992698,11,0.0,fake,9
vendor_09,-0.1299808901055265,-0.09279800888104922,0.6666666666666666,0.3202620325384679,-0.801007085905055,1.1212691184435228,9,0.4502429226439944,11,0.0,fake,10
vendor_05,-0.31351233829079256,-0.2585959835944525,0.0,-0.06734426469930475,-0.5599051017353643,0.4925608370360596,9,0.2461680735914878,11,0.0,fake,11
vendor_10,-0.9273669331766093,-0.7307308552863888,0.0,-0.5172471702447581,-0.9269166711541118,0.4096695009093537,9,0.41011976293185126,11,0.0,fake,12
vendor_01,1.6551844913396254,1.4846642541942843,1.0,1.9087535470291808,1.0798173849664539,0.8289361620627269,9,0.25356905568955534,12,0.04,REAL,1
vendor_00,1.6329735400949748,1.4727590256348382,1.0,1.8774703247429312,1.1439781573159788,0.7334921674269523,9,0.24449678464795643,12,0.05,REAL,2
vendor_02,1.515148018162559,1.3051764863534496,1.0,1.498205813379262,1.0060344653549687,0.4921713480242933,9,-0.016942204783297,12,0.03,REAL,3
vendor_03,1.0322041696610547,0.8736030718940532,1.0,1.0066654199129268,0.7297033813489417,0.27696203856398505,9,-0.025538749748127865,12,0.025,REAL,4
vendor_08,0.5926699404230082,0.4706214358538517,1.0,0.7640143767380092,0.11180166305866966,0.6522127136793395,9,0.17134443631500096,12,0.0,fake,5
vendor_07,0.5573203872393353,0.4568259236212043,1.0,0.6814538363514661,0.25661479882295013,0.42483903752851593,9,0.12413344911213076,12,0.0,fake,6
vendor_04,0.4063563380188181,0.33134806616875345,1.0,0.6931798725744505,0.058774965964231554,0.6344049066102189,9,0.28682353455563236,12,0.01,REAL,7
vendor_10,0.34275564531857167,0.2816942433137651,0.7777777777777778,0.8456939440102665,-0.10207824559512309,0.9477721896053897,9,0.5029382986916948,12,0.0,fake,8
vendor_11,0.023347144545822103,0.02809726277492965,0.3333333333333333,0.5419882772574279,-0.3213165309553874,0.8633048082128154,9,0.5186411327116058,12,0.0,fake,9
vendor_09,-0.08718602775511594,-0.0758032725311835,0.3333333333333333,0.3004631042963028,-0.3640784279836141,0.6645415322799169,9,0.3876491320514187,12,0.0,fake,10
vendor_06,-0.4410450899813641,-0.3502242321068771,0.3333333333333333,0.3297748261638283,-0.8278724004961435,1.1576472266599718,9,0.7708199161451924,12,0.0,fake,11
vendor_05,-0.5082681881585615,-0.41342247949204586,0.0,-0.01603759376735472,-0.7956092978925348,0.7795717041251801,9,0.49223059439120675,12,0.0,fake,12
vendor_03,0.9929938633305504,0.9011294566436077,1.0,1.4186076696071481,0.49490819770688077,0.9236994719002674,9,0.42561380627659773,13,0.025,REAL,1
vendor_00,0.9883435319382342,0.9043788460911818,1.0,1.386609867511818,0.45924007069531314,0.9273697968165048,9,0.3982663355735837,13,0.05,REAL,2
vendor_01,0.9883435319382342,0.9043788460911818,1.0,1.386609867511818,0.459240070695313,0.9273697968165049,9,0.3982663355735837,13,0.04,REAL,3
vendor_02,0.9883435319382342,0.9043788460911818,1.0,1.386609867511818,0.45924007069531303,0.9273697968165049,9,0.3982663355735837,13,0.03,REAL,4
vendor_04,0.9844948272493153,0.8020420232844229,1.0,0.9030796918614952,0.6739338855971676,0.22914580626432757,9,-0.08141513538782008,13,0.01,REAL,5
vendor_08,0.6279671625315105,0.5131826294777254,1.0,0.5975846100680228,0.44239528897032687,0.1551893210976959,9,-0.030382552463487755,13,0.0,fake,6
vendor_06,0.5070162309837484,0.3966928642970778,1.0,0.8537284951638755,0.11180912621164507,0.7419193689522304,9,0.3467122641801271,13,0.0,fake,7
vendor_11,0.19956733245348804,0.1630555813642919,0.3333333333333333,0.7052811141278001,-0.1579635703757111,0.8632446845035112,9,0.5057137816743121,13,0.0,fake,8
vendor_09,0.11519534077395441,0.09356079038941179,0.8888888888888888,0.20271716134962003,-0.046979906029060235,0.24969706737868028,9,0.08752182057566563,13,0.0,fake,9
vendor_10,0.011707267628305991,0.01245652060848971,0.3333333333333333,0.4826380611672498,-0.28059843394029294,0.7632364951075428,9,0.4709307935389438,13,0.0,fake,10
vendor_05,-0.2637329081462909,-0.2174427037784955,0.0,-0.07713726785048038,-0.3136058052364978,0.23646853738601742,9,0.18659564029581055,13,0.0,fake,11
vendor_07,-0.6403033359563687,-0.5194477870135211,0.0,-0.2927963173936289,-0.7219108737105754,0.4291145563169465,9,0.3475070185627398,13,0.0,fake,12
vendor_00,1.3667637694218238,1.2503105430273604,1.0,1.7294548460371713,0.6308587284752806,1.0985961175618906,9,0.3626910766153475,14,0.05,REAL,1
vendor_01,1.3667637694218238,1.2503105430273604,1.0,1.7294548460371713,0.6308587284752805,1.0985961175618908,9,0.3626910766153475,14,0.04,REAL,2
vendor_02,1.1773806945084533,1.0414878341874656,1.0,1.3187754579389575,0.6818197965469419,0.6369556613920155,9,0.14139476343050417,14,0.03,REAL,3
vendor_03,1.0615879156450583,0.9182412996068015,1.0,1.35901290819646,0.6343906373429408,0.7246222708535192,9,0.29742499255140165,14,0.025,REAL,4
vendor_04,1.0338963801439596,0.8425483835690133,1.0,1.049001202915434,0.5405761060931425,0.5084250968222915,9,0.015104822771474513,14,0.01,REAL,5
vendor_09,0.9822802843662977,0.7822542562022957,1.0,1.0691988620378605,0.43400373250050606,0.6351951295373545,9,0.08691857767156286,14,0.0,fake,6
vendor_10,0.7341963879822297,0.6026980403983278,1.0,1.038280870144684,0.19440572851283297,0.843875141631851,9,0.3040844821624542,14,0.0,fake,7
vendor_05,0.0702519706136906,0.05706403790146627,0.6666666666666666,0.23421437561540087,-0.2000542846974237,0.4342686603128246,9,0.16396240500171028,14,0.0,fake,8
vendor_11,0.05779002693537675,0.03899317321285015,0.6666666666666666,0.3881994212861047,-0.3607360073290554,0.7489354286151602,9,0.3304093943507279,14,0.0,fake,9
vendor_07,-0.08162534914811792,-0.06434864450027365,0.3333333333333333,0.052365701733279674,-0.17861810419174712,0.2309838059250268,9,0.1339910508813976,14,0.0,fake,10
vendor_08,-0.11578889219575086,-0.09594285358543202,0.4444444444444444,0.23876041227318662,-0.5282411356558703,0.7670015479290568,9,0.3545493044689375,14,0.0,fake,11
vendor_06,-0.28174897195482723,-0.2317603670749176,0.3333333333333333,0.2973018756769025,-0.6634177693974349,0.9607196450743374,9,0.5790508476317298,14,0.0,fake,12
vendor_00,1.609914984497053,1.4313201582152422,1.0,1.617013612196377,1.1349331185067222,0.4820804936896548,9,0.007098627699323901,15,0.05,REAL,1
vendor_01,1.609914984497053,1.4313201582152422,1.0,1.617013612196377,1.1349331185067222,0.4820804936896548,9,0.007098627699323901,15,0.04,REAL,2
vendor_04,1.396062859898389,1.1418803894514238,1.0,1.516595877216917,0.6430869349988199,0.8735089422180972,9,0.12053301731852795,15,0.01,REAL,3
vendor_02,1.2270694017994055,1.0724642191919012,1.0,1.278572206401894,0.7052930387397176,0.5732791676621765,9,0.05150280460248857,15,0.03,REAL,4
vendor_03,1.091370851354041,0.9313373533645889,1.0,1.0912393025362894,0.6767550886368406,0.4144842138994488,9,-0.00013154881775157,15,0.025,REAL,5
vendor_06,0.7764860635683852,0.6209350978074851,1.0,0.87830560212559,0.3094419859112617,0.5688636162143282,9,0.10181953855720471,15,0.0,fake,6
vendor_09,0.6979217088815182,0.5629616663014232,1.0,0.6974430745635009,0.44464339976221795,0.2527996748012829,9,-0.0004786343180173125,15,0.0,fake,7
vendor_05,0.20927054773407988,0.16743940586462774,1.0,0.40986542415845006,0.012387324229018186,0.3974780999294319,9,0.20059487642437018,15,0.0,fake,8
vendor_11,0.1106184599361593,0.08483046256833505,0.6666666666666666,0.26989917307828526,-0.08331713599821042,0.3532163090764957,9,0.15928071314212594,15,0.0,fake,9
vendor_10,-0.45997266613284,-0.3563014961749092,0.0,-0.07640306969853122,-0.630325650340867,0.5539225806423358,9,0.38356959643430877,15,0.0,fake,10
vendor_07,-0.5978125402869008,-0.47807397276689456,0.0,-0.25563324913093644,-0.6312896989812378,0.37565644985030133,9,0.34217929115596435,15,0.0,fake,11
vendor_08,-0.6164170503648566,-0.5029584905071407,0.0,-0.318574463045535,-0.7412923386493018,0.4227178756037668,9,0.2978425873193216,15,0.0,fake,12
vendor_03,1.2520275165181247,1.122416429894645,1.0,1.282438484891401,0.8116674697521635,0.47077101513923747,9,0.03041096837327628,16,0.025,REAL,1
vendor_00,1.1989029228155386,1.0949129270181688,1.0,1.3459870789601696,0.7401546416634417,0.6058324372967279,9,0.147084156144631,16,0.05,REAL,2
vendor_01,1.1989029228155386,1.0949129270181688,1.0,1.3459870789601691,0.7401546416634422,0.6058324372967269,9,0.14708415614463055,16,0.04,REAL,3
vendor_02,1.1989029228155386,1.0949129270181688,1.0,1.3459870789601696,0.7401546416634419,0.6058324372967276,9,0.147084156144631,16,0.03,REAL,4
vendor_08,0.24122824579671515,0.21088420309781786,1.0,0.5028838978519892,0.019080787842747686,0.4838031100092415,9,0.261655652055274,16,0.0,fake,5
vendor_06,0.09578322619933684,0.07756342073304023,0.8888888888888888,0.18845555822570684,-0.025302446824424042,0.21375800505013087,9,0.09267233202637,16,0.0,fake,6
vendor_10,0.060474115551281835,0.052756906269169346,0.6666666666666666,0.26712927552388255,-0.1808616196433746,0.44799089516725715,9,0.2066551599726007,16,0.0,fake,7
vendor_04,0.05561106940464021,0.04509275817225369,0.3333333333333333,0.4196179127155189,-0.2507507218919026,0.6703686346074216,9,0.3640068433108787,16,0.01,REAL,8
vendor_05,-0.1704547046246978,-0.1410919588221483,0.3333333333333333,0.21604095463615927,-0.4772764856657446,0.6933174403019039,9,0.38649565926085705,16,0.0,fake,9
vendor_11,-0.26464054497402395,-0.21109243921511342,0.0,-0.04591517339379457,-0.481859611737489,0.4359444383436944,9,0.21872537158022937,16,0.0,fake,10
vendor_07,-0.572288931054399,-0.46573801817141486,0.0,-0.2958594477926601,-0.6037614807939351,0.307902033001275,9,0.27642948326173894,16,0.0,fake,11
vendor_09,-0.7403374477630154,-0.5731466292721938,0.0,-0.2078985238377293,-0.9255345502839162,0.7176360264461868,9,0.532438923925286,16,0.0,fake,12
vendor_00,1.5822066330711133,1.4506963614443877,1.0,1.6095659042357717,1.2283728306380064,0.38119307359776533,9,0.027359271164658416,17,0.05,REAL,1
vendor_01,1.5822066330711133,1.4506963614443877,1.0,1.6095659042357717,1.2283728306380064,0.38119307359776533,9,0.027359271164658416,17,0.04,REAL,2
vendor_02,1.5822066330711133,1.4506963614443877,1.0,1.6095659042357717,1.2283728306380064,0.38119307359776533,9,0.027359271164658416,17,0.03,REAL,3
vendor_03,1.2736980620797915,1.1370967908021825,1.0,1.3369500981640474,0.9883040255632265,0.3486460726008209,9,0.06325203608425589,17,0.025,REAL,4
vendor_04,0.4263136927506149,0.3516240486182215,1.0,0.5583609143510202,0.16049388782419277,0.3978670265268274,9,0.13204722160040527,17,0.01,REAL,5
vendor_08,0.11278589083885597,0.09399581081678648,0.3333333333333333,0.5057723444873914,-0.1731615587318113,0.6789339032192027,9,0.3929864536485354,17,0.0,fake,6
vendor_09,0.04554173515854364,0.03676608174261147,0.6666666666666666,0.18147517380421813,-0.14362926588004618,0.3251044396842643,9,0.13593343864567448,17,0.0,fake,7
vendor_07,-0.0007228550198100421,0.001543435411011031,0.3333333333333333,0.3797235237679403,-0.25183179119673804,0.6315553149646783,9,0.38044637878775034,17,0.0,fake,8
vendor_10,-0.11897004516351024,-0.0971119871741735,0.2222222222222222,0.02310576990721418,-0.22868516880358758,0.25179093871080177,9,0.14207581507072442,17,0.0,fake,9
vendor_06,-0.1430921968875018,-0.10325495780381348,0.3333333333333333,0.3859941107441399,-0.44661210483871844,0.8326062155828584,9,0.5290863076316417,17,0.0,fake,10
vendor_05,-0.298215123936408,-0.2340784191878132,0.1111111111111111,0.00044742581603069727,-0.4109538332731252,0.41140125908915587,9,0.29866254975243867,17,0.0,fake,11
vendor_11,-0.5773857823432055,-0.4664920948829909,0.0,-0.3692794419324271,-0.5566322258288762,0.18735278389644905,9,0.20810634041077836,17,0.0,fake,12
vendor_03,1.3731524242469955,1.2339424464866817,1.0,1.4864330317883427,1.114761869689673,0.3716711620986697,9,0.11328060754134728,18,0.025,REAL,1
vendor_00,1.288426299913342,1.1823785839388665,1.0,1.4109547632422428,0.7588037176541426,0.6521510455881002,9,0.12252846332890077,18,0.05,REAL,2
vendor_01,1.2884262999133416,1.1823785839388665,1.0,1.4109547632422428,0.7588037176541426,0.6521510455881002,9,0.12252846332890122,18,0.04,REAL,3
vendor_02,1.2768919188709669,1.1738705177188653,1.0,1.3891242513939956,0.7619411126945425,0.6271831386994532,9,0.11223233252302878,18,0.03,REAL,4
vendor_04,0.45770014641238665,0.37658666637140736,1.0,0.4886617847120834,0.30322191979225266,0.18543986491983072,9,0.030961638299696725,18,0.01,REAL,5
vendor_07,0.22452622763809033,0.1815478526418698,1.0,0.2930791292080018,0.07187448193022265,0.2212046472777791,9,0.06855290156991145,18,0.0,fake,6
vendor_05,0.08380003516454042,0.06376844027550259,0.6666666666666666,0.23149291929552743,-0.04329896807144172,0.27479188736696913,9,0.14769288413098702,18,0.0,fake,7
vendor_11,-0.13923381840248183,-0.10723449951249657,0.3333333333333333,0.1494766653839588,-0.2973392471441956,0.44681591252815434,9,0.2887104837864406,18,0.0,fake,8
vendor_06,-0.16242574467952103,-0.12394483268540976,0.3333333333333333,0.3595567958018565,-0.6906734122637823,1.050230208065639,9,0.5219825404813776,18,0.0,fake,9
vendor_09,-0.2474246317353128,-0.19838173299644654,0.3333333333333333,0.2617701836959451,-0.6838123094363238,0.9455824931322689,9,0.5091948154312579,18,0.0,fake,10
vendor_10,-0.2561064634576192,-0.2144526833631584,0.3333333333333333,0.1557564414793401,-0.5237365119802572,0.6794929534595973,9,0.4118629049369593,18,0.0,fake,11
vendor_08,-0.796847498112308,-0.6330354096068505,0.0,-0.5297833591570312,-0.7045129727014113,0.1747296135443801,9,0.2670641389552768,18,0.0,fake,12
vendor_00,2.612452417689031,2.338014570872927,1.0,2.683810889845773,2.0347025564021806,0.6491083334435923,9,0.07135847215674174,19,0.05,REAL,1
vendor_02,2.341712181034728,1.9633070947553364,1.0,2.3531890547186913,1.32973167409918,1.0234573806195113,9,0.01147687368396344,19,0.03,REAL,2
vendor_01,2.0360832362851453,1.777375645863829,1.0,2.0797945455993583,1.3619447542389806,0.7178497913603776,9,0.043711309314212965,19,0.04,REAL,3
vendor_03,1.5232534588318505,1.2534838091200993,1.0,1.4724309758223908,1.050646211288567,0.42178476453382374,9,-0.050822483009459685,19,0.025,REAL,4
vendor_04,0.6273103849229369,0.5056172290790604,1.0,0.7655824469523841,0.14936621517228504,0.616216231780099,9,0.1382720620294472,19,0.01,REAL,5
vendor_07,0.5357886989910601,0.4363932222287222,0.6666666666666666,1.0301030569898193,-0.14337511008304457,1.1734781670728638,9,0.4943143579987592,19,0.0,fake,6
vendor_06,0.5083149362155565,0.4098279174885806,1.0,0.6321284063565753,0.20594117736341208,0.4261872289931632,9,0.12381347014101884,19,0.0,fake,7
vendor_08,0.3592268023448432,0.28557336804446,0.6666666666666666,0.8294062531468566,-0.10275512932632125,0.9321613824731778,9,0.47017945080201334,19,0.0,fake,8
vendor_10,0.31924852542472293,0.25921601309129605,1.0,0.4129364150626161,0.09967986023188867,0.3132565548307274,9,0.09368788963789315,19,0.0,fake,9
vendor_11,0.0707483793069481,0.0540025166751591,0.8888888888888888,0.14123113224878633,-0.05837253857482584,0.1996036708236122,9,0.07048275294183823,19,0.0,fake,10
vendor_09,-0.054125733140153114,-0.046935574693587015,0.3333333333333333,0.36220346684391524,-0.41720961333480294,0.7794130801787182,9,0.41632919998406837,19,0.0,fake,11
vendor_05,-0.3427108055678439,-0.2696946430071548,0.0,-0.18697682598594748,-0.3525180129187334,0.16554118693278594,9,0.15573397958189641,19,0.0,fake,12
vendor_00,1.6234069218738296,1.4913593801130511,1.0,1.850932839206033,1.0031605588276489,0.847772280378384,9,0.2275259173322033,20,0.05,REAL,1
vendor_01,1.4942503895706298,1.363211539308318,1.0,1.6532197431257116,0.9252481395175888,0.7279716036081229,9,0.1589693535550818,20,0.04,REAL,2
vendor_02,1.3434577970349892,1.175922973728526,1.0,1.331614326781108,0.9217251667964028,0.4098891599847052,9,-0.011843470253881216,20,0.03,REAL,3
vendor_03,1.0680682793583465,0.9104066246548488,1.0,1.3993377637434674,0.525652392800606,0.8736853709428614,9,0.33126948438512094,20,0.025,REAL,4
vendor_04,0.5428731290069824,0.43889612342977347,1.0,0.5588393773511423,0.30752771486637637,0.25131166248476594,9,0.01596624834415994,20,0.01,REAL,5
vendor_06,0.49689612475913664,0.3965115551475263,1.0,0.4559285049922765,0.3550957409340648,0.10083276405821168,9,-0.04096761976686014,20,0.0,fake,6
vendor_10,0.37987236875048264,0.2994583077954115,1.0,0.4677654101864861,0.1906111590071839,0.2771542511793022,9,0.08789304143600346,20,0.0,fake,7
vendor_09,0.3758568106394877,0.3048176459714745,1.0,0.6153048332434028,0.03451310937744506,0.5807917238659577,9,0.23944802260391507,20,0.0,fake,8
vendor_05,0.3630076459639692,0.29372381766764655,1.0,0.4279616567746044,0.1290879972260465,0.29887365954855794,9,0.06495401081063518,20,0.0,fake,9
vendor_07,0.31182201036639784,0.25347206086024593,0.6666666666666666,0.620757003364198,-0.2841856365020577,0.9049426398662557,9,0.3089349929978002,20,0.0,fake,10
vendor_11,0.23134302783589517,0.17752365781401316,1.0,0.2187942031970155,0.10950252137630516,0.10929168182071035,9,-0.012548824638879658,20,0.0,fake,11
vendor_08,-0.9181349902840935,-0.7298332958489618,0.0,-0.5752519168830901,-0.8316961588164855,0.25644424193339543,9,0.34288307340100344,20,0.0,fake,12
vendor_00,1.374464935092549,1.2493167726499457,1.0,1.685534638631846,0.5939422991956869,1.091592339436159,9,0.31106970353929686,21,0.05,REAL,1
vendor_01,1.374464935092549,1.2493167726499457,1.0,1.685534638631846,0.5939422991956869,1.091592339436159,9,0.31106970353929686,21,0.04,REAL,2
vendor_03,1.2993693789377496,1.133030102155689,1.0,1.604772720554166,0.5129676892310715,1.0918050313230945,9,0.30540334161641636,21,0.025,REAL,3
vendor_02,1.2448769783902411,1.1024191508033632,1.0,1.535135374103868,0.6157457956464463,0.9193895784574218,9,0.2902583957136269,21,0.03,REAL,4
vendor_04,0.6547971438555521,0.5470105734163888,1.0,0.9724276398849218,0.28786239540952346,0.6845652444753982,9,0.31763049602936966,21,0.01,REAL,5
vendor_10,0.6067039399769493,0.4736739464927216,1.0,0.5828031319642427,0.2829981491388034,0.2998049828254393,9,-0.023900808012706554,21,0.0,fake,6
vendor_11,0.2832058263098894,0.22376513555091876,0.8888888888888888,0.36305456183644597,-0.019139410932466686,0.38219397276891265,9,0.07984873552655658,21,0.0,fake,7
vendor_05,0.2323135125279649,0.1891601046878598,0.8888888888888888,0.47281373675001853,-0.00047893736420615907,0.4732926741142247,9,0.24050022422205364,21,0.0,fake,8
vendor_07,0.027698173997770102,0.022587005491328527,0.6666666666666666,0.14141103626346455,-0.1280380190046121,0.2694490552680766,9,0.11371286226569444,21,0.0,fake,9
vendor_09,-0.060496634616852014,-0.04956962865982135,0.6666666666666666,0.1253340464323108,-0.38472564280179283,0.5100596892341036,9,0.1858306810491628,21,0.0,fake,10
vendor_06,-0.3216683498205986,-0.2643871023870845,0.3333333333333333,0.155697599702945,-0.5555999524694634,0.7112975521724083,9,0.4773659495235436,21,0.0,fake,11
vendor_08,-0.4504917556921463,-0.35859260483172206,0.2222222222222222,0.06485387996918811,-0.8589534272101904,0.9238073071793785,9,0.5153456356613344,21,0.0,fake,12
vendor_00,1.938508653423004,1.7417843544604612,1.0,2.225349969827448,1.232518764331273,0.9928312054961752,9,0.2868413164044441,22,0.05,REAL,1
vendor_01,1.463312282337021,1.2857240936803793,1.0,1.604492433985473,0.9916495378734774,0.6128428961119955,9,0.14118015164845188,22,0.04,REAL,2
vendor_02,1.257770939299051,1.081260752943956,1.0,1.3700322787287285,0.9092002781233712,0.46083200060535723,9,0.11226133942967742,22,0.03,REAL,3
vendor_03,1.1429681579791127,0.933021209540128,1.0,1.3172850214468954,0.4824810507292269,0.8348039707176684,9,0.17431686346778275,22,0.025,REAL,4
vendor_10,0.47183659423484703,0.3803516741849913,1.0,0.7555065861920699,0.09986097861823719,0.6556456075738327,9,0.28366999195722287,22,0.0,fake,5
vendor_09,0.3266770596523473,0.2648993165989355,1.0,0.3793457487033098,0.1783035526909213,0.20104219601238849,9,0.0526686890509625,22,0.0,fake,6
vendor_04,0.31899243944205424,0.25757948218337856,1.0,0.420929955370466,0.08029221044485631,0.3406377449256097,9,0.10193751592841177,22,0.01,REAL,7
vendor_05,0.02712360138545608,0.017953494831043786,0.3333333333333333,0.39314834223683365,-0.26765421764222297,0.6608025598790566,9,0.3660247408513776,22,0.0,fake,8
vendor_06,-0.06930020132740528,-0.05697674730170373,0.3333333333333333,0.2026321867876126,-0.1917002756050271,0.3943324623926397,9,0.27193238811501785,22,0.0,fake,9
vendor_07,-0.29483869448285227,-0.23166390763771133,0.0,-0.02908322028452867,-0.46851305370080376,0.43942983341627506,9,0.26575547419832357,22,0.0,fake,10
vendor_08,-0.32012076242112947,-0.24868243138178275,0.3333333333333333,0.1810278343398722,-0.6316515038201603,0.8126793381600326,9,0.5011485967610017,22,0.0,fake,11
vendor_11,-0.46706952611023084,-0.38682819533110635,0.0,-0.13428116583176286,-0.743077781633605,0.6087966158018422,9,0.332788360278468,22,0.0,fake,12
vendor_02,1.6941127053868084,1.5166348825530735,1.0,1.7734339180160246,1.1360633848938773,0.6373705331221473,9,0.07932121262921621,23,0.03,REAL,1
vendor_00,1.6238279928471093,1.488047838169148,1.0,1.819304488639158,1.0624067176682572,0.7568977709709008,9,0.19547649579204873,23,0.05,REAL,2
vendor_01,1.623827992847109,1.488047838169148,1.0,1.819304488639158,1.0624067176682572,0.7568977709709008,9,0.19547649579204895,23,0.04,REAL,3
vendor_03,1.1439844324352373,0.9918001387010479,1.0,1.1611862363590646,0.8406195878922114,0.32056664846685323,9,0.017201803923827308,23,0.025,REAL,4
vendor_10,0.8738490453075467,0.6886781002710665,1.0,1.1034100457259943,0.3882680418516997,0.7151420038742946,9,0.22956100041844762,23,0.0,fake,5
vendor_06,0.41007057454945334,0.3207649883949486,0.6666666666666666,0.66192309286867,-0.14543657939939336,0.8073596722680634,9,0.2518525183192167,23,0.0,fake,6
vendor_04,0.3659712341946309,0.2798102065056778,0.7777777777777778,0.692387661143611,-0.08673775130499141,0.7791254124486025,9,0.32641642694898015,23,0.01,REAL,7
vendor_09,0.35281807674865284,0.2832993844331278,1.0,0.39117206586930564,0.12425985182815426,0.2669122140411514,9,0.0383539891206528,23,0.0,fake,8
vendor_08,0.3491414587875447,0.27791129192339015,1.0,0.3914180897477702,0.090787437838644,0.3006306519091262,9,0.04227663096022549,23,0.0,fake,9
vendor_07,0.12091159176171193,0.09365865202254223,0.6666666666666666,0.29184410735923366,-0.12777843687010954,0.4196225442293432,9,0.17093251559752173,23,0.0,fake,10
vendor_05,-0.1665208714020676,-0.1246470359838589,0.3333333333333333,0.3410339242220473,-0.5576229311368538,0.8986568553589012,9,0.5075547956241149,23,0.0,fake,11
vendor_11,-0.4440333959722673,-0.35562338355571615,0.0,-0.09000778932051447,-0.5865191273445236,0.49651133802400915,9,0.35402560665175287,23,0.0,fake,12
vendor_00,1.4089909805635092,1.2731341683053328,1.0,1.5736121988956104,0.8183240145568965,0.7552881843387139,9,0.1646212183321012,24,0.05,REAL,1
vendor_01,1.4089909805635092,1.2731341683053328,1.0,1.5736121988956104,0.8183240145568965,0.7552881843387139,9,0.1646212183321012,24,0.04,REAL,2
vendor_03,1.3822320999812627,1.1862799499143024,1.0,1.400810644006601,0.9272935918601223,0.47351705214647877,9,0.018578544025338317,24,0.025,REAL,3
vendor_02,1.1066758227542206,0.960924729632329,1.0,1.186854017710801,0.7798993088580859,0.406954708852715,9,0.0801781949565803,24,0.03,REAL,4
vendor_04,0.7856937060819891,0.6451790220608868,1.0,0.7506335738925239,0.5579984461832035,0.19263512770932045,9,-0.03506013218946513,24,0.01,REAL,5
vendor_06,0.18967932260086456,0.15008665306393054,0.6666666666666666,0.6288860514584801,-0.6170792346750174,1.2459652861334973,9,0.4392067288576155,24,0.0,fake,6
vendor_07,0.17746354598138792,0.14993557338553284,0.6666666666666666,0.7653819327049668,-0.8787073422379593,1.6440892749429261,9,0.5879183867235789,24,0.0,fake,7
vendor_05,0.0818425146703044,0.06660456072638568,0.6666666666666666,0.3066501747645358,-0.25945717217935027,0.5661073469438861,9,0.22480766009423142,24,0.0,fake,8
vendor_08,-0.03255369751628806,-0.020870384525356913,0.3333333333333333,0.5058443060482158,-0.33810200843974914,0.843946314487965,9,0.538398003564504,24,0.0,fake,9
vendor_11,-0.09363392840433499,-0.06931199910149914,0.3333333333333333,0.512069171496156,-0.46616844318445066,0.9782376146806067,9,0.6057030999004911,24,0.0,fake,10
vendor_09,-0.1538499620958352,-0.12216450627425798,0.3333333333333333,0.15464630203588986,-0.40091643155308554,0.5555627335889755,9,0.30849626413172504,24,0.0,fake,11
vendor_10,-0.5992778582434313,-0.48359321722125626,0.0,-0.18672715653273497,-0.7949297664438435,0.6082026099111085,9,0.4125507017106963,24,0.0,fake,12
vendor_00,1.8232541982785544,1.6653408018954678,1.0,1.9562456731425926,1.3616577397386775,0.594587933403915,9,0.13299147486403817,25,0.05,REAL,1
vendor_01,1.823254198278554,1.6653408018954678,1.0,1.9562456731425926,1.3616577397386775,0.594587933403915,9,0.13299147486403862,25,0.04,REAL,2
vendor_02,1.673931739379059,1.4761979688148015,1.0,1.683805175761236,1.0697248213256052,0.6140803544356308,9,0.009873436382177081,25,0.03,REAL,3
vendor_03,1.0409104363463788,0.8944377512777031,1.0,1.2309785763741357,0.6607511685287607,0.570227407845375,9,0.19006814002775685,25,0.025,REAL,4
vendor_04,0.7699625598350303,0.6081352919413702,0.6666666666666666,1.1897149952915318,-0.37409810217228645,1.5638130974638182,9,0.41975243545650154,25,0.01,REAL,5
vendor_05,0.5955549147236706,0.47713661670146706,1.0,0.6839669152396024,0.3731844336143761,0.3107824816252263,9,0.08841200051593179,25,0.0,fake,6
vendor_11,0.127524055744613,0.10112292375230791,0.8888888888888888,0.2746308381864306,-0.003798628791711309,0.2784294669781419,9,0.14710678244181757,25,0.0,fake,7
vendor_08,0.06672376300894793,0.05058620132151813,0.6666666666666666,0.20359079921254336,-0.18261791076841877,0.38620870998096213,9,0.13686703620359542,25,0.0,fake,8
vendor_07,0.014842156727374513,0.012875139031481088,0.5555555555555556,0.4347369070992532,-0.40945047935755235,0.8441873864568056,9,0.41989475037187873,25,0.0,fake,9
vendor_10,-0.11517883211707569,-0.08190947423638771,0.5555555555555556,0.34530610129995426,-0.6174618166643387,0.962767917964293,9,0.46048493341702995,25,0.0,fake,10
vendor_09,-0.14589179863942714,-0.11685973005337005,0.0,-0.007229968547147058,-0.22290161316394588,0.21567164461679883,9,0.1386618300922801,25,0.0,fake,11
vendor_06,-0.5283370712755997,-0.4243704387328047,0.0,-0.1757476217932845,-0.7401076874842792,0.5643600656909947,9,0.3525894494823152,25,0.0,fake,12
vendor_00,2.151341538235715,1.928792565270439,1.0,2.3353839755116304,1.2876842657468288,1.0476997097648015,9,0.1840424372759153,26,0.05,REAL,1
vendor_01,1.8571917156926414,1.6242370675840396,1.0,1.8678543145132005,1.3504665694485287,0.5173877450646718,9,0.010662598820559088,26,0.04,REAL,2
vendor_02,1.402388709093827,1.1772343766521653,1.0,1.2495597518807657,1.0632799214698845,0.18627983041088125,9,-0.15282895721306122,26,0.03,REAL,3
vendor_03,1.332262113138882,1.109433307002287,1.0,1.440179068031562,0.8235357000933823,0.6166433679381798,9,0.10791695489267994,26,0.025,REAL,4
vendor_10,0.7361765628217302,0.5918408933844986,1.0,0.7559513676470354,0.47381114592727563,0.2821402217197598,9,0.019774804825305248,26,0.0,fake,5
vendor_06,0.3712713115434354,0.2985468984082193,1.0,0.4728262518135462,0.1786625607866053,0.2941636910269409,9,0.1015549402701108,26,0.0,fake,6
vendor_04,0.30729815506540137,0.2475874276933951,0.6666666666666666,0.7920976483611298,-0.07182901370268638,0.8639266620638162,9,0.48479949329572847,26,0.01,REAL,7
vendor_09,0.14853086118391692,0.1201687544474572,1.0,0.20904387518395837,0.017349049045051572,0.1916948261389068,9,0.06051301400004144,26,0.0,fake,8
vendor_11,-0.08087804744024549,-0.06083344361736726,0.4444444444444444,0.08356016320469267,-0.2646181645895745,0.34817832779426716,9,0.16443821064493816,26,0.0,fake,9
vendor_07,-0.11792760362372036,-0.09328568004065435,0.1111111111111111,0.005981079648451144,-0.22692847325590026,0.23290955290435142,9,0.1239086832721715,26,0.0,fake,10
vendor_05,-0.24767515173928156,-0.20046917326635824,0.3333333333333333,0.2593484743266068,-0.4446334758978179,0.7039819502244247,9,0.5070236260658884,26,0.0,fake,11
vendor_08,-0.9052144355995309,-0.7107060628315827,0.0,-0.49367049881613934,-0.9603530933148402,0.46668259449870086,9,0.4115439367833915,26,0.0,fake,12
vendor_01,2.121803842325891,1.8880600133830785,1.0,2.152945197516349,1.4789012651321256,0.6740439323842233,9,0.031141355190457798,27,0.04,REAL,1
vendor_00,2.0961054352993895,1.9065784934404577,1.0,2.176824933256457,1.3923357840839743,0.7844891491724826,9,0.08071949795706734,27,0.05,REAL,2
vendor_03,1.4657604994479148,1.2225333631224853,1.0,1.7216046137407806,0.7678607959775374,0.9537438177632431,9,0.2558441142928658,27,0.025,REAL,3
vendor_02,1.031785895856512,0.8857819950118603,1.0,1.0068708852640542,0.7695099674424243,0.23736091782162994,9,-0.02491501059245782,27,0.03,REAL,4
vendor_04,0.8960769849190944,0.7208959549268834,1.0,0.899205433635364,0.6111536346301707,0.2880517990051933,9,0.003128448716269605,27,0.01,REAL,5
vendor_07,0.5506248528398435,0.4313891221067508,1.0,0.945115418972727,0.052008710111980244,0.8931067088607467,9,0.39449056613288347,27,0.0,fake,6
vendor_11,0.3913605409599837,0.31370055710855477,1.0,0.5165674653109843,0.20391645116828908,0.31265101414269525,9,0.12520692435100061,27,0.0,fake,7
vendor_09,0.013070000438820029,0.0037987769485550386,0.3333333333333333,0.45578752354426777,-0.343001544399386,0.7987890679436538,9,0.44271752310544776,27,0.0,fake,8
vendor_06,-0.004784810128312276,-0.006045363934214886,0.3333333333333333,0.20669962011271806,-0.1746641697865531,0.38136378989927117,9,0.21148443024103034,27,0.0,fake,9
vendor_10,-0.14327408676609718,-0.10920106793153167,0.3333333333333333,0.3582020034115879,-0.4697722207171074,0.8279742241286954,9,0.5014760901776851,27,0.0,fake,10
vendor_05,-0.3682611232394827,-0.29979470538603914,0.2222222222222222,0.11381000933723918,-0.8840672824012598,0.9978772917384989,9,0.48207113257672185,27,0.0,fake,11
vendor_08,-0.5153775741803465,-0.4134893552598714,0.0,-0.25518499992788013,-0.6612668682754623,0.4060818683475822,9,0.26019257425246634,27,0.0,fake,12
vendor_00,1.076691677501212,0.9826775950405057,1.0,1.5173556300384745,0.4127113702357684,1.104644259802706,9,0.4406639525372624,28,0.05,REAL,1
vendor_01,1.076691677501212,0.9826775950405057,1.0,1.5173556300384745,0.4127113702357682,1.1046442598027064,9,0.4406639525372624,28,0.04,REAL,2
vendor_03,0.8512183077830936,0.7433867730498067,1.0,1.2004566001042978,0.2262610129259185,0.9741955871783793,9,0.3492382923212042,28,0.025,REAL,3
vendor_02,0.8140322224101406,0.7291744312463835,1.0,1.287213530285042,0.13392819377500764,1.1532853365100344,9,0.4731813078749014,28,0.03,REAL,4
vendor_04,0.6498009352663214,0.5323725541705567,1.0,0.713391215652982,0.22353422902549905,0.489856986627483,9,0.06359028038666059,28,0.01,REAL,5
vendor_11,0.5436395553873459,0.4351289987736485,1.0,1.1621745906593577,0.04078689715677642,1.1213876935025813,9,0.6185350352720118,28,0.0,fake,6
vendor_07,0.30808471110533586,0.24878567845661415,1.0,0.34008444494660495,0.11416484333003615,0.2259196016165688,9,0.031999733841269085,28,0.0,fake,7
vendor_10,0.23220495099156588,0.18856758702687224,1.0,0.3021510456111541,0.028900676137548285,0.2732503694736058,9,0.0699460946195882,28,0.0,fake,8
vendor_08,-0.028882341125359864,-0.02320110145675779,0.3333333333333333,0.2620339443895716,-0.21327843012295425,0.47531237451252584,9,0.2909162855149315,28,0.0,fake,9
vendor_06,-0.40292518958118423,-0.3227407627252925,0.0,-0.22723980389630813,-0.44454256516133744,0.21730276126502931,9,0.1756853856848761,28,0.0,fake,10
vendor_05,-0.4453041291022655,-0.35848462602452735,0.0,-0.22167087582391173,-0.517292109037191,0.29562123321327927,9,0.2236332532783538,28,0.0,fake,11
vendor_09,-0.6910144116119744,-0.56436801375175,0.0,-0.10605856020548601,-0.9670595572209638,0.8610009970154778,9,0.5849558514064884,28,0.0,fake,12
vendor_00,1.818803010794044,1.654930846459746,1.0,1.8764388364079079,1.3089121942712585,0.5675266421366494,9,0.05763582561386382,29,0.05,REAL,1
vendor_01,1.8048313596987062,1.636923808631185,1.0,1.9331985343536102,1.2831740249569756,0.6500245093966346,9,0.128367174654904,29,0.04,REAL,2
vendor_02,1.5367515484596428,1.3376712765447356,1.0,1.5507071022302357,1.0702504660522154,0.48045663617802026,9,0.013955553770592877,29,0.03,REAL,3
vendor_03,1.522935114330931,1.3018279842228682,1.0,1.4472789922653155,1.104384808530409,0.34289418373490643,9,-0.07565612206561556,29,0.025,REAL,4
vendor_04,0.4842650511420138,0.3966170111038332,0.8888888888888888,0.9056679662861575,-0.000363587044144658,0.9060315533303022,9,0.42140291514414374,29,0.01,REAL,5
vendor_09,0.43702213145348356,0.34402839213503483,1.0,0.5096164031509555,0.11915154816213602,0.39046485498881944,9,0.0725942716974719,29,0.0,fake,6
vendor_05,0.09464841811808616,0.07677149635994368,0.8888888888888888,0.15279122734145772,-0.03066922375902327,0.18346045110048098,9,0.05814280922337156,29,0.0,fake,7
vendor_11,0.024074750642148632,0.018413125711770853,0.6666666666666666,0.1971310548082521,-0.17417374853056394,0.37130480333881605,9,0.17305630416610346,29,0.0,fake,8
vendor_08,-0.0281169850243673,-0.014562771770605117,0.6666666666666666,0.23224353046936277,-0.3720813686739934,0.6043248991433562,9,0.26036051549373007,29,0.0,fake,9
vendor_06,-0.1658675727249475,-0.1435727116586873,0.3333333333333333,0.37066746826332087,-0.67749069270589,1.0481581609692108,9,0.5365350409882683,29,0.0,fake,10
vendor_10,-0.26758222793076414,-0.22306374877982213,0.3333333333333333,0.24203569374761955,-0.4752585072536471,0.7172942010012666,9,0.5096179216783837,29,0.0,fake,11
vendor_07,-0.589164176410065,-0.46931729166432035,0.0,-0.4083402355616437,-0.5219737215367063,0.11363348597506256,9,0.1808239408484213,29,0.0,fake,12
vendor_00,2.233284978985743,2.0566429489480407,1.0,2.2843310749800443,1.822619218608063,0.4617118563719813,9,0.05104609599430132,30,0.05,REAL,1
vendor_01,2.2118661057978564,1.9762809938766037,1.0,2.162185156710369,1.753374890204992,0.4088102665053772,9,-0.049680949087487214,30,0.04,REAL,2
vendor_02,1.599369944605809,1.3791766565156338,1.0,1.4470002609873582,1.2579361101304185,0.18906415085693973,9,-0.1523696836184507,30,0.03,REAL,3
vendor_03,1.1146992868489711,0.946172368519077,1.0,1.1690136181615332,0.5941198243529058,0.5748937938086274,9,0.054314331312562025,30,0.025,REAL,4
vendor_04,0.824496579062783,0.6616262160432202,1.0,1.27541450928233,0.14586456242266552,1.1295499468596644,9,0.45091793021954696,30,0.01,REAL,5
vendor_08,0.3548517625157427,0.28271025143168216,1.0,0.5875631903591887,0.059492040799884925,0.5280711495593038,9,0.232711427843446,30,0.0,fake,6
vendor_10,0.3439663723818937,0.2734584001528058,0.5555555555555556,0.903179229842823,-0.06117752658252268,0.9643567564253457,9,0.5592128574609292,30,0.0,fake,7
vendor_11,0.2702890519405683,0.21789938008678286,0.7777777777777778,0.444096401895046,-0.06673403858894096,0.510830440483987,9,0.17380734995447772,30,0.0,fake,8
vendor_05,0.19432105075049086,0.15885285529797533,0.8888888888888888,0.35188355400159066,-0.004381773761649151,0.3562653277632398,9,0.1575625032510998,30,0.0,fake,9
vendor_06,-0.10442602429927626,-0.08045865853374062,0.3333333333333333,0.2181645351774565,-0.3818079734774296,0.5999725086548862,9,0.32259055947673276,30,0.0,fake,10
vendor_07,-0.17830003487059887,-0.13312235310546497,0.3333333333333333,0.10534118288518461,-0.5171128490388885,0.6224540319240731,9,0.2836412177557835,30,0.0,fake,11
vendor_09,-0.38296874508215856,-0.3098338696495015,0.0,-0.15926000563826556,-0.45681927747254797,0.29755927183428243,9,0.223708739443893,30,0.0,fake,12
vendor_00,1.3343280103526427,1.2218671447307132,1.0,1.4994014768132609,0.8997708750470951,0.5996306017661658,9,0.16507346646061816,31,0.05,REAL,1
vendor_01,1.3343280103526427,1.2218671447307132,1.0,1.4994014768132609,0.8997708750470951,0.5996306017661658,9,0.16507346646061816,31,0.04,REAL,2
vendor_02,1.2837989020906915,1.1652088746704754,1.0,1.3916542926867346,0.9584671984086748,0.4331870942780598,9,0.1078553905960431,31,0.03,REAL,3
vendor_03,0.9205947611628952,0.8079552925946216,1.0,0.986571225074527,0.6007444657453559,0.3858267593291711,9,0.06597646391163181,31,0.025,REAL,4
vendor_11,0.6422694638525084,0.5066803297715533,1.0,0.7031098330127136,0.35832419797924603,0.34478563503346754,9,0.06084036916020519,31,0.0,fake,5
vendor_05,0.6403661336039939,0.5188073761542019,1.0,0.723189233835461,0.4048050218456435,0.3183842119898175,9,0.0828231002314671,31,0.0,fake,6
vendor_07,0.3568367507973278,0.2865890688090241,1.0,0.7270528462428055,0.02120851149239011,0.7058443347504154,9,0.37021609544547773,31,0.0,fake,7
vendor_08,0.33942235750152916,0.2601109715073202,0.6666666666666666,0.6796407357103461,-0.3820863151370276,1.0617270508473737,9,0.34021837820881695,31,0.0,fake,8
vendor_10,0.22661470772184106,0.17258414371952718,0.6666666666666666,0.33069064151018424,-0.07630874551470616,0.4069993870248904,9,0.10407593378834318,31,0.0,fake,9
vendor_04,0.16476876711900826,0.13592458425322868,0.6666666666666666,0.4306847413954364,-0.1586507639283477,0.5893355053237841,9,0.2659159742764281,31,0.01,REAL,10
vendor_09,-0.09771095086480099,-0.07880827846285715,0.3333333333333333,0.07319071116233729,-0.24216608513759572,0.315356796299933,9,0.17090166202713827,31,0.0,fake,11
vendor_06,-0.43177431700004054,-0.34809631386566675,0.0,-0.07136322015282506,-0.6281719927874894,0.5568087726346643,9,0.3604110968472155,31,0.0,fake,12
vendor_00,1.6708931042940518,1.5006379793444131,1.0,1.6871887931073304,1.3545673752538727,0.33262141785345767,9,0.016295688813278586,32,0.05,REAL,1
vendor_01,1.6708931042940518,1.5006379793444131,1.0,1.6871887931073304,1.3545673752538727,0.33262141785345767,9,0.016295688813278586,32,0.04,REAL,2
vendor_02,1.3895024700794127,1.2122354307087762,1.0,1.5951260660433004,0.9942931057776541,0.6008329602656464,9,0.20562359596388768,32,0.03,REAL,3
vendor_03,1.2683848156353075,1.0722379735631593,1.0,1.267796431694292,0.8488830677227116,0.4189133639715804,9,-0.0005883839410154579,32,0.025,REAL,4
vendor_04,0.7315494848633664,0.5982978246893396,1.0,1.0578824293107494,0.29943243917258094,0.7584499901381685,9,0.32633294444738303,32,0.01,REAL,5
vendor_09,0.4090649670286971,0.3313548783360673,0.6666666666666666,0.716908439110625,-0.0563906525150627,0.7732990916256877,9,0.30784347208192786,32,0.0,fake,6
vendor_07,0.196146282723855,0.16560698883838007,0.6666666666666666,0.760471161728735,-0.5703550613844506,1.3308262231131855,9,0.5643248790048799,32,0.0,fake,7
vendor_08,0.0413518502062205,0.031971884719056556,0.3333333333333333,0.40139523572092944,-0.18517209485018732,0.5865673305711168,9,0.36004338551470894,32,0.0,fake,8
vendor_05,-0.09782724797539116,-0.08415572621579091,0.3333333333333333,0.2606637580264459,-0.3993139846841198,0.6599777427105658,9,0.3584910060018371,32,0.0,fake,9
vendor_10,-0.19428511561856976,-0.15105321834538746,0.5555555555555556,0.21074243373431872,-0.6952208945136025,0.9059633282479211,9,0.4050275493528885,32,0.0,fake,10
vendor_06,-0.36048049446134517,-0.28972037129330785,0.2222222222222222,0.0873053037813084,-0.6018085540840415,0.68911385786535,9,0.4477857982426536,32,0.0,fake,11
vendor_11,-0.8004020605046682,-0.641454281830855,0.0,-0.28478081440710096,-0.9083133232268394,0.6235325088197385,9,0.5156212460975673,32,0.0,fake,12
vendor_04,1.1515659611645632,0.9607629741092781,1.0,1.4482456387423972,0.5783091412389625,0.8699364975034347,9,0.296679677577834,33,0.01,REAL,1
vendor_01,0.9622310845893707,0.8741892129348204,1.0,1.1920948364805968,0.645728030399641,0.5463668060809558,9,0.2298637518912261,33,0.04,REAL,2
vendor_02,0.9622310845893707,0.8741892129348205,1.0,1.1920948364805966,0.645728030399641,0.5463668060809556,9,0.22986375189122588,33,0.03,REAL,3
vendor_00,0.9622310845893705,0.8741892129348204,1.0,1.1920948364805968,0.645728030399641,0.5463668060809558,9,0.22986375189122632,33,0.05,REAL,4
vendor_03,0.9348037485401951,0.8472709352971085,1.0,1.1430516342740957,0.6305292809154615,0.5125223533586343,9,0.20824788573390063,33,0.025,REAL,5
vendor_09,-0.02742665302643259,-0.02484779409991335,0.4444444444444444,0.18765537274470087,-0.18511917826158975,0.37277455100629064,9,0.21508202577113347,33,0.0,fake,6
vendor_08,-0.1016866013689769,-0.0762508814771842,0.4444444444444444,0.29865481586014075,-0.5031263566060347,0.8017811724661754,9,0.40034141722911765,33,0.0,fake,7
vendor_07,-0.10283298719119859,-0.07970485288292868,0.3333333333333333,0.1714950242311868,-0.3255871030249015,0.4970821272560883,9,0.2743280114223854,33,0.0,fake,8
vendor_06,-0.15584471781522277,-0.1294887503532656,0.3333333333333333,0.19343287219904984,-0.45420320718682405,0.6476360793858739,9,0.3492775900142726,33,0.0,fake,9
vendor_10,-0.22683866017177584,-0.18433641132633805,0.3333333333333333,0.22165421941612554,-0.46233516963573745,0.683989389051863,9,0.4484928795879014,33,0.0,fake,10
vendor_05,-0.41961544477215557,-0.3346370264503167,0.0,-0.01658624554961836,-0.5638040017798578,0.5472177562302394,9,0.4030291992225372,33,0.0,fake,11
vendor_11,-0.49154951906933364,-0.3972532434058152,0.0,-0.3326940057157976,-0.5086679963794465,0.17597399066364888,9,0.15885551335353604,33,0.0,fake,12
vendor_01,2.122124159357029,1.901630440667823,1.0,2.177128022169617,1.6479854466242956,0.5291425755453214,9,0.05500386281258818,34,0.04,REAL,1
vendor_00,2.1214534927431132,1.934827213987665,1.0,2.249756628231804,1.499644815434554,0.7501118127972499,9,0.12830313548869077,34,0.05,REAL,2
vendor_02,1.5728279448457994,1.3425475793421386,1.0,1.4514283062402416,1.2569741574389188,0.19445414880132272,9,-0.1213996386055578,34,0.03,REAL,3
vendor_03,1.2841501610878936,1.0768609643050007,1.0,1.3633596141561823,0.8412216091419331,0.5221380050142492,9,0.07920945306828875,34,0.025,REAL,4
vendor_04,1.1265650565410874,0.8983971312258089,1.0,1.5565404546110693,0.30836484977513,1.2481756048359394,9,0.42997539806998186,34,0.01,REAL,5
vendor_06,0.7245458523676174,0.5770943041238052,1.0,0.8723503995823944,0.20456718921239198,0.6677832103700023,9,0.14780454721477698,34,0.0,fake,6
vendor_07,0.4503254935676091,0.35977279829361547,1.0,0.5302180156054278,0.09168957286475622,0.4385284427406716,9,0.07989252203781871,34,0.0,fake,7
vendor_10,-0.3084119918843326,-0.23305699383423117,0.3333333333333333,0.3191260298208036,-0.5478573976864118,0.8669834275072155,9,0.6275380217051363,34,0.0,fake,8
vendor_08,-0.3220570397000096,-0.2624327492462404,0.3333333333333333,0.0817090764029749,-0.7227377767699152,0.8044468531728901,9,0.4037661161029845,34,0.0,fake,9
vendor_11,-0.36731461651322783,-0.31003986603875255,0.3333333333333333,0.5793916638338167,-1.0062017199325932,1.58559338376641,9,0.9467062803470445,34,0.0,fake,10
vendor_09,-0.4409024945980951,-0.35758034164575303,0.0,-0.1599144219735857,-0.5457262731236499,0.3858118511500641,9,0.2809880726245094,34,0.0,fake,11
vendor_05,-0.5871078090122107,-0.4779146430190883,0.0,-0.16115036519791784,-0.8548412839058163,0.6936909187078985,9,0.4259574438142929,34,0.0,fake,12
vendor_00,1.2191668732409022,1.1020129872774307,1.0,1.2687198717646537,0.8910806071567194,0.3776392646079343,9,0.0495529985237515,35,0.05,REAL,1
vendor_01,1.2191668732409022,1.1020129872774307,1.0,1.2687198717646537,0.8910806071567194,0.3776392646079343,9,0.0495529985237515,35,0.04,REAL,2
vendor_03,1.2191668732409022,1.1020129872774307,1.0,1.2687198717646537,0.8910806071567194,0.3776392646079343,9,0.0495529985237515,35,0.025,REAL,3
vendor_02,1.219166873240902,1.1020129872774307,1.0,1.2687198717646537,0.8910806071567194,0.3776392646079343,9,0.04955299852375172,35,0.03,REAL,4
vendor_04,0.8191269279194495,0.6749633822874874,1.0,1.043996287718744,0.23707588718533792,0.8069204005334062,9,0.22486935979929457,35,0.01,REAL,5
vendor_05,0.594620391445467,0.4739771081817413,1.0,0.6324840266968582,0.2687107948461862,0.363773231850672,9,0.03786363525139125,35,0.0,fake,6
vendor_10,0.27000812434741606,0.22241433396341367,0.6666666666666666,0.5190943122126948,-0.22516468673882414,0.7442589989515189,9,0.2490861878652787,35,0.0,fake,7
vendor_07,0.15398468894866882,0.12870884067076918,0.6666666666666666,0.3928032633141858,-0.23126258251354162,0.6240658458277274,9,0.23881857436551698,35,0.0,fake,8
vendor_11,-0.14950652959148886,-0.12324496142744877,0.4444444444444444,0.20383018520373972,-0.5628531192389936,0.7666833044427334,9,0.35333671479522855,35,0.0,fake,9
vendor_06,-0.21551631541078262,-0.17956111176869893,0.3333333333333333,0.3498282368551317,-0.6542632980803058,1.0040915349354376,9,0.5653445522659143,35,0.0,fake,10
vendor_09,-0.42739542844732215,-0.3438859071121816,0.0,-0.04360506972262686,-0.5362393483055993,0.49263427858297243,9,0.3837903587246953,35,0.0,fake,11
vendor_08,-1.1420945949564825,-0.8881771996975876,0.0,-0.6455566990836749,-1.0459820159687305,0.40042531688505567,9,0.4965378958728076,35,0.0,fake,12
vendor_00,1.0991338939675785,1.013019767647454,1.0,1.3697919298828223,0.634492535816963,0.7352993940658593,9,0.27065803591524373,36,0.05,REAL,1
vendor_02,1.0991338939675785,1.013019767647454,1.0,1.3697919298828223,0.634492535816963,0.7352993940658593,9,0.27065803591524373,36,0.03,REAL,2
vendor_01,1.0991338939675783,1.013019767647454,1.0,1.3697919298828223,0.634492535816963,0.7352993940658593,9,0.27065803591524396,36,0.04,REAL,3
vendor_03,0.9013581132760242,0.8221438365404086,1.0,1.0803869463998996,0.5666655817808761,0.5137213646190235,9,0.1790288331238754,36,0.025,REAL,4
vendor_04,0.6835817153186783,0.5484686172570894,1.0,0.7250495000534992,0.2708267971785969,0.4542227028749023,9,0.041467784734820934,36,0.01,REAL,5
vendor_07,0.5423214903801944,0.4385647501680228,0.7777777777777778,0.8672365553285918,-0.0458411059126776,0.9130776612412694,9,0.3249150649483974,36,0.0,fake,6
vendor_06,0.438290294412287,0.3530666447596802,1.0,0.5191844499362315,0.20970674910787665,0.3094777008283548,9,0.08089415552394447,36,0.0,fake,7
vendor_05,0.016593485260866514,0.006346017273497496,0.6666666666666666,0.2860186284563765,-0.3586283528521656,0.644646981308542,9,0.26942514319551,36,0.0,fake,8
vendor_10,0.00506389425778832,0.0034502180744401673,0.6666666666666666,0.1237569366834254,-0.1789709994445363,0.30272793612796167,9,0.11869304242563708,36,0.0,fake,9
vendor_08,-0.026326644861841046,-0.020212331746044136,0.3333333333333333,0.2732205625783862,-0.19907320583678606,0.47229376841517223,9,0.2995472074402272,36,0.0,fake,10
vendor_09,-0.39605952737536654,-0.3183559552434429,0.3333333333333333,0.2889844648902899,-0.8098790736212441,1.098863538511534,9,0.6850439922656564,36,0.0,fake,11
vendor_11,-1.2430422075586,-1.00282159806066,0.0,-0.8258536103072133,-1.1418070717753803,0.31595346146816705,9,0.4171885972513868,36,0.0,fake,12
vendor_00,1.2799838858369073,1.1769683242647369,1.0,1.457056676619161,0.8963945799354356,0.5606620966837255,9,0.1770727907822538,37,0.05,REAL,1
vendor_01,1.2799838858369073,1.1769683242647369,1.0,1.457056676619161,0.8963945799354356,0.5606620966837255,9,0.1770727907822538,37,0.04,REAL,2
vendor_02,1.2115854437191347,1.0990103011302983,1.0,1.2767067929953957,0.9114485090906013,0.3652582839047944,9,0.06512134927626101,37,0.03,REAL,3
vendor_03,1.0653426980325427,0.9452283957139281,1.0,1.0077315105341198,0.8559653695213083,0.1517661410128115,9,-0.05761118749842287,37,0.025,REAL,4
vendor_04,0.7102599216786274,0.5718639523847199,1.0,1.006445513098501,0.30973547809109253,0.6967100350074085,9,0.29618559141987366,37,0.01,REAL,5
vendor_05,0.21636738812903084,0.16936928943165874,0.6666666666666666,0.4967860233129527,-0.20570318768901022,0.7024892110019629,9,0.28041863518392185,37,0.0,fake,6
vendor_10,0.14662585214779897,0.11982893538542808,0.6666666666666666,0.398486070102637,-0.220246714363994,0.618732784466631,9,0.25186021795483804,37,0.0,fake,7
vendor_08,-0.03947536876684089,-0.03325411351220865,0.3333333333333333,0.09580915145223975,-0.16267436809870217,0.25848351955094195,9,0.13528452021908066,37,0.0,fake,8
vendor_07,-0.13945566165669324,-0.11005405087416345,0.3333333333333333,0.11337276060443495,-0.27116262581071054,0.3845353864151455,9,0.25282842226112817,37,0.0,fake,9
vendor_09,-0.17242726020616325,-0.13085860579029365,0.3333333333333333,0.12697563259576355,-0.44677571530496896,0.5737513479007326,9,0.2994028928019268,37,0.0,fake,10
vendor_11,-0.3199331155679985,-0.25477553685009213,0.3333333333333333,0.29890549832057284,-0.705855901727838,1.0047614000484109,9,0.6188386138885713,37,0.0,fake,11
vendor_06,-0.43460703309901494,-0.34848074971819165,0.0,-0.18137870578802182,-0.5318105359221789,0.350431830134157,9,0.2532283273109931,37,0.0,fake,12
vendor_00,2.072291825252659,1.87692164208502,1.0,2.079701873318019,1.6584032849569372,0.4212985883610816,9,0.007410048065359831,38,0.05,REAL,1
vendor_01,2.0274582394109637,1.8340965001349023,1.0,2.065029186651106,1.6028229028105456,0.4622062838405605,9,0.03757094724014243,38,0.04,REAL,2
vendor_02,1.550100065911565,1.3532665757738895,1.0,1.620290335511331,1.1104421803994668,0.5098481551118641,9,0.07019026959976604,38,0.03,REAL,3
vendor_03,1.313861625807233,1.1253909487579483,1.0,1.5083999796708993,0.8285530750669128,0.6798469046039866,9,0.19453835386366625,38,0.025,REAL,4
vendor_04,1.0708846270410914,0.869138857360989,1.0,1.3387904707257288,0.38114892125479405,0.9576415494709347,9,0.2679058436846373,38,0.01,REAL,5
vendor_10,0.7381006831782972,0.5895308995575024,1.0,0.7376240276945404,0.5038064920390599,0.23381753565548047,9,-0.0004766554837568604,38,0.0,fake,6
vendor_06,0.33814870321525925,0.27181354926838136,0.6666666666666666,0.6045810996224353,-0.04792926708326021,0.6525103667056955,9,0.2664323964071761,38,0.0,fake,7
vendor_09,0.2808615081281589,0.22278552968023022,1.0,0.3675439230875678,0.020588735876867537,0.34695518721070023,9,0.08668241495940887,38,0.0,fake,8
vendor_07,0.034052659916720504,0.031228762218820427,0.4444444444444444,0.350180136382124,-0.24363973445397208,0.593819870836096,9,0.31612747646540346,38,0.0,fake,9
vendor_11,-0.01897339074161475,-0.01646179968953866,0.3333333333333333,0.23123492481303434,-0.17202241090433212,0.40325733571736644,9,0.25020831555464906,38,0.0,fake,10
vendor_05,-0.10558902340058107,-0.08295645195124488,0.1111111111111111,0.05578697257361243,-0.24684410295273918,0.3026310755263516,9,0.1613759959741935,38,0.0,fake,11
vendor_08,-0.8112903387770604,-0.6413458709078169,0.0,-0.10634918828733776,-1.2270886782187986,1.1207394899314609,9,0.7049411504897226,38,0.0,fake,12
vendor_00,2.1169384955733106,1.9271604211150262,1.0,2.1187839842660403,1.7834046754549482,0.3353793088110921,9,0.0018454886927297132,39,0.05,REAL,1
vendor_01,2.1169384955733106,1.9271604211150257,1.0,2.11878398426604,1.7834046754549484,0.33537930881109146,9,0.001845488692729269,39,0.04,REAL,2
vendor_02,1.807704394509858,1.5926203157607848,1.0,1.6870887875860254,1.459196748421087,0.2278920391649384,9,-0.12061560692383266,39,0.03,REAL,3
vendor_03,1.6072250404903181,1.3749741628008048,1.0,1.555733221180971,1.1280246057444019,0.427708615436569,9,-0.05149181930934721,39,0.025,REAL,4
vendor_04,0.501636493304129,0.39695029924499514,0.6666666666666666,0.8470160444498107,-0.16896606026699623,1.015982104716807,9,0.34537955114568175,39,0.01,REAL,5
vendor_05,0.1861077753417598,0.16090138173134808,0.6666666666666666,0.45683275301770576,-0.3661062505098692,0.822939003527575,9,0.27072497767594594,39,0.0,fake,6
vendor_09,0.03295548035383317,0.027329943797346223,0.6666666666666666,0.12220807447994964,-0.11249952003242626,0.23470759451237588,9,0.08925259412611647,39,0.0,fake,7
vendor_08,-0.0013535705739783086,0.0020007670712553186,0.3333333333333333,0.4282916971211006,-0.28154658109596054,0.7098382782170611,9,0.42964526769507894,39,0.0,fake,8
vendor_11,-0.1432895719224842,-0.11346448835438531,0.6666666666666666,0.25316341177999085,-0.6735658298359655,0.9267292416159563,9,0.39645298370247506,39,0.0,fake,9
vendor_07,-0.22176941971362632,-0.18250211528650775,0.2222222222222222,0.07262275825567156,-0.5153397256296854,0.587962483885357,9,0.2943921779692979,39,0.0,fake,10
vendor_10,-0.31588504345516816,-0.24721655038730017,0.0,-0.14999900997881932,-0.39219441927659227,0.24219540929777295,9,0.16588603347634884,39,0.0,fake,11
vendor_06,-0.7287279091418623,-0.5964452177601215,0.0,-0.09265666804693137,-0.8937664020476633,0.8011097340007319,9,0.6360712410949309,39,0.0,fake,12
vendor_00,2.436607276600061,2.1167474411596836,1.0,2.3649369377929057,1.789394939912426,0.5755419978804797,9,-0.07167033880715534,40,0.05,REAL,1
vendor_01,1.9053932850723712,1.6241192456966913,1.0,1.867502939246491,1.3802074265301105,0.4872955127163805,9,-0.037890345825880134,40,0.04,REAL,2
vendor_02,1.5244384034070246,1.2645830875285051,1.0,1.5777368357704686,0.8201335521008695,0.7576032836695992,9,0.053298432363444004,40,0.03,REAL,3
vendor_03,1.3506222569787545,1.0943828530303799,1.0,1.3629324501816764,0.8503061356786987,0.5126263145029777,9,0.012310193202921926,40,0.025,REAL,4
vendor_04,0.4390909082341921,0.3607538288239598,1.0,0.5701671891443812,0.1816350122113368,0.3885321769330444,9,0.13107628091018914,40,0.01,REAL,5
vendor_09,0.18510120894681778,0.14437819570953828,0.7777777777777778,0.3271946677413644,-0.10467793054415427,0.43187259828551866,9,0.14209345879454663,40,0.0,fake,6
vendor_11,0.15865738520198602,0.12047313917713999,0.6666666666666666,0.36266059483146235,-0.2066386885988184,0.5692992834302808,9,0.20400320962947632,40,0.0,fake,7
vendor_10,0.11450272448289728,0.07681725213796203,0.6666666666666666,0.4931450114482729,-0.4056856802037725,0.8988306916520454,9,0.3786422869653756,40,0.0,fake,8
vendor_08,0.024487158972881895,0.02368508188939332,0.5555555555555556,0.19906986134997545,-0.1507061816497808,0.3497760429997563,9,0.17458270237709356,40,0.0,fake,9
vendor_05,-0.2101559048229651,-0.16601694203029455,0.0,-0.060260602743413993,-0.30511373293308913,0.24485313018967514,9,0.1498953020795511,40,0.0,fake,10
vendor_07,-0.26898582857686076,-0.20926770136141945,0.3333333333333333,0.18236151204306417,-0.5741610311174279,0.7565225431604921,9,0.45134734061992493,40,0.0,fake,11
vendor_06,-0.31611964383060825,-0.25333789120294115,0.2222222222222222,0.03556358786968673,-0.44651307835773973,0.48207666622742645,9,0.351683231700295,40,0.0,fake,12
vendor_02,1.4451089462082096,1.2899653451820723,1.0,1.7429756043298312,0.9442255825227841,0.7987500218070471,9,0.2978666581216216,41,0.03,REAL,1
vendor_00,1.4004713690006065,1.247988351296464,1.0,1.6243213874711164,0.9257905279130485,0.6985308595580679,9,0.2238500184705099,41,0.05,REAL,2
vendor_01,1.4004713690006065,1.247988351296464,1.0,1.6243213874711164,0.9257905279130485,0.6985308595580679,9,0.2238500184705099,41,0.04,REAL,3
vendor_03,0.9685411555580853,0.8465156509431799,1.0,1.179042007093162,0.528972178423649,0.650069828669513,9,0.2105008515350767,41,0.025,REAL,4
vendor_06,0.9429533767290407,0.7542736868304859,1.0,0.9768079542366419,0.48475265642058724,0.49205529781605467,9,0.033854577507601236,41,0.0,fake,5
vendor_04,0.8220155707001475,0.6676109439435933,1.0,0.9556500139181767,0.4068709183938181,0.5487790955243586,9,0.1336344432180292,41,0.01,REAL,6
vendor_11,0.40854630038910883,0.32392819289235053,0.6666666666666666,0.5325768173818854,-0.08909431588557484,0.6216711332674603,9,0.12403051699277662,41,0.0,fake,7
vendor_07,0.056908741499305554,0.03828106316943101,0.3333333333333333,0.5306391863293177,-0.32721082384987926,0.857850010179197,9,0.47373044483001214,41,0.0,fake,8
vendor_05,-0.1070431282626356,-0.09948782472925319,0.6666666666666666,0.21141826833327876,-0.6699986438556924,0.8814169121889712,9,0.3184613965959143,41,0.0,fake,9
vendor_10,-0.22127804222618488,-0.1688350125191825,0.0,-0.03697193511692042,-0.34500602768628474,0.3080340925693643,9,0.18430610710926446,41,0.0,fake,10
vendor_09,-0.3379989101325691,-0.27148969471027434,0.0,-0.0768461618032415,-0.461709163207154,0.3848630014039125,9,0.2611527483293276,41,0.0,fake,11
vendor_08,-0.42935128151365426,-0.3458968129579497,0.2222222222222222,0.05048308796862363,-0.8313437093995525,0.8818267973681762,9,0.47983436948227787,41,0.0,fake,12
vendor_00,2.393499357165529,2.163680229973286,1.0,2.671035578078687,1.6580158366615552,1.0130197414171318,9,0.277536220913158,42,0.05,REAL,1
vendor_01,2.142493004209589,1.8676697182834348,1.0,2.14465059007995,1.7144640299376883,0.43018656014226186,9,0.0021575858703610784,42,0.04,REAL,2
vendor_02,1.4547626932118356,1.2425709352073544,1.0,1.6029740721610606,1.0042430271118996,0.598731045049161,9,0.14821137894922498,42,0.03,REAL,3
vendor_03,1.4114949447609462,1.184847227397075,1.0,1.549785859929135,0.9527299324767239,0.5970559274524111,9,0.1382909151681888,42,0.025,REAL,4
vendor_04,0.8635109249766354,0.6779801395169786,1.0,0.7776828043170473,0.6134668392402538,0.16421596507679348,9,-0.08582812065958811,42,0.01,REAL,5
vendor_07,0.6323128053695509,0.5099203925180547,1.0,0.7001568625763924,0.3643726835312303,0.3357841790451621,9,0.0678440572068415,42,0.0,fake,6
vendor_11,0.3423370757124256,0.2834050986978147,1.0,0.4927978362315953,0.1457426208623951,0.3470552153692002,9,0.15046076051916968,42,0.0,fake,7
vendor_06,0.24876050299578875,0.20742087308817622,0.7777777777777778,0.5201031612408115,-0.00503027480667066,0.5251334360474821,9,0.2713426582450227,42,0.0,fake,8
vendor_05,0.1706870665950597,0.13807056273013202,0.6666666666666666,0.4139554510090457,-0.08875148389915992,0.5027069349082056,9,0.243268384413986,42,0.0,fake,9
vendor_08,0.032882103755793056,0.026127065960639944,0.4444444444444444,0.17281893394658143,-0.06090414372069922,0.23372307766728065,9,0.13993683019078837,42,0.0,fake,10
vendor_10,-0.002511503920858267,-0.00972931489416673,0.6666666666666666,0.5012947658868493,-0.6169058944039795,1.1182006602908288,9,0.5038062698077076,42,0.0,fake,11
vendor_09,-0.05992280220233884,-0.05517448280147858,0.3333333333333333,0.8449812323653592,-0.7727287155313876,1.6177099478967467,9,0.904904034567698,42,0.0,fake,12
vendor_00,2.2856230701028797,2.089472879485563,1.0,2.2333296257161246,1.8458422222934514,0.3874874034226732,9,-0.052293444386755095,43,0.05,REAL,1
vendor_02,2.130636276321989,1.8265848915448173,1.0,2.0417124194091643,1.644885666633036,0.3968267527761282,9,-0.08892385691282456,43,0.03,REAL,2
vendor_01,2.075981549832155,1.851249721569823,1.0,1.9320411646290767,1.7410176129881307,0.19102355164094598,9,-0.14394038520307828,43,0.04,REAL,3
vendor_03,1.283553110563205,1.0735451679398773,1.0,1.2089745738824615,0.9086467267302898,0.30032784715217176,9,-0.07457853668074343,43,0.025,REAL,4
vendor_04,0.8551009739757998,0.6858936386172226,1.0,0.8162730265167711,0.5760844452028056,0.2401885813139656,9,-0.03882794745902862,43,0.01,REAL,5
vendor_05,0.7338447765792299,0.6083039404287219,1.0,0.8206547369867743,0.4530062215056463,0.367648515481128,9,0.0868099604075444,43,0.0,fake,6
vendor_06,0.5859327645286211,0.47200732644718063,1.0,0.5067993473795303,0.4521097792539181,0.054689568125612154,9,-0.07913341714909083,43,0.0,fake,7
vendor_07,0.42990644843437836,0.3512755886463947,1.0,0.7405204262122312,0.10704786953850139,0.6334725566737298,9,0.3106139777778529,43,0.0,fake,8
vendor_09,0.3577653129095165,0.28234367665764704,1.0,0.37381231015674377,0.17147914068713183,0.20233316946961194,9,0.016046997247227246,43,0.0,fake,9
vendor_08,0.22564086063820826,0.17689488334238904,0.6666666666666666,0.3826883134894767,-0.10127581188315443,0.4839641253726311,9,0.15704745285126842,43,0.0,fake,10
vendor_11,-0.16250234993306198,-0.12355376527501843,0.3333333333333333,0.07042298524883342,-0.3947667435373416,0.46518972878617504,9,0.2329253351818954,43,0.0,fake,11
vendor_10,-0.6130663390835892,-0.501874846629338,0.0,-0.36063272033189486,-0.6998518771537844,0.3392191568218895,9,0.25243361875169434,43,0.0,fake,12
vendor_03,1.6984524068364242,1.4373347579512665,1.0,2.0801602504393233,0.8615447094347813,1.2186155410045418,9,0.3817078436028991,44,0.025,REAL,1
vendor_00,1.6614333434155142,1.505922020040103,1.0,1.9293023310762367,0.7865068716232164,1.1427954594530203,9,0.26786898766072254,44,0.05,REAL,2
vendor_01,1.4005877638668445,1.2405125615436268,1.0,1.8408045881711532,0.41623648373042593,1.4245681044407272,9,0.44021682430430875,44,0.04,REAL,3
vendor_02,1.2578616912580016,1.0614998637319355,1.0,1.5225481091793496,0.5413559349485314,0.9811921742308182,9,0.26468641792134795,44,0.03,REAL,4
vendor_04,0.9103253972455335,0.7344842462619331,1.0,0.9998403394343641,0.3593084982183379,0.6405318412160262,9,0.0895149421888306,44,0.01,REAL,5
vendor_05,0.16251312542046512,0.13427108622434042,0.6666666666666666,0.41968601634684927,-0.28623392492472416,0.7059199412715734,9,0.2571728909263842,44,0.0,fake,6
vendor_11,0.13492011548252258,0.10327297763055189,0.3333333333333333,0.5819330204612463,-0.19485110323694738,0.7767841236981936,9,0.4470129049787237,44,0.0,fake,7
vendor_07,0.014235966702206788,0.014558080909275085,0.5555555555555556,0.1565839072578746,-0.07664069059607846,0.23322459785395305,9,0.14234794055566782,44,0.0,fake,8
vendor_10,-0.1467095619210167,-0.11476011562708623,0.3333333333333333,0.1770320515568403,-0.35248388578125045,0.5295159373380908,9,0.323741613477857,44,0.0,fake,9
vendor_08,-0.21516298887422283,-0.17162388863702252,0.3333333333333333,0.17890053551021726,-0.6321442315292132,0.8110447670394304,9,0.3940635243844401,44,0.0,fake,10
vendor_06,-0.5698926222113658,-0.4772229473647426,0.3333333333333333,0.1673253196946354,-1.0678043987084396,1.235129718403075,9,0.7372179419060012,44,0.0,fake,11
vendor_09,-0.6843366158287154,-0.5544105818678834,0.0,-0.36716813654026914,-0.7320813186940398,0.36491318215377067,9,0.31716847928844627,44,0.0,fake,12
vendor_00,2.4185086389535764,2.143264269555109,1.0,2.497861693695109,1.481303016849056,1.0165586768460528,9,0.07935305474153242,45,0.05,REAL,1
vendor_02,1.8300246733492926,1.5259239047515716,1.0,1.9135964424154035,1.189032531145433,0.7245639112699704,9,0.08357176906611086,45,0.03,REAL,2
vendor_01,1.6671907329775941,1.4328982825384071,1.0,1.772447717202646,1.1900854219900248,0.5823622952126213,9,0.10525698422505192,45,0.04,REAL,3
vendor_03,1.0045274478332136,0.8323189401384256,1.0,1.2463305150763084,0.26387457292740835,0.9824559421489001,9,0.24180306724309486,45,0.025,REAL,4
vendor_04,0.17970192102728072,0.14541953587911038,0.8888888888888888,0.24684786849398888,-0.019382964575957836,0.2662308330699467,9,0.06714594746670816,45,0.01,REAL,5
vendor_08,0.12155034130791173,0.1006587650244905,0.6666666666666666,0.24840017403648554,-0.13232134508001983,0.38072151911650537,9,0.1268498327285738,45,0.0,fake,6
vendor_11,-0.09523829420845623,-0.07198168021610858,0.3333333333333333,0.31130234373395677,-0.3329881150253414,0.6442904587592981,9,0.406540637942413,45,0.0,fake,7
vendor_06,-0.14814815887020233,-0.11435747680926218,0.3333333333333333,0.15359807146820686,-0.3844991035346318,0.5380971750028387,9,0.3017462303384092,45,0.0,fake,8
vendor_05,-0.41980292486862403,-0.3331826958142783,0.3333333333333333,0.15132346131685412,-0.6796699304722396,0.8309933917890937,9,0.5711263861854782,45,0.0,fake,9
vendor_07,-0.47548890347363565,-0.39093626345126503,0.0,-0.2600777796752566,-0.5436687216760058,0.2835909420007492,9,0.21541112379837907,45,0.0,fake,10
vendor_09,-0.4993528788047362,-0.39695779019099714,0.0,-0.013881378182038667,-0.6762861805754079,0.6624048023933692,9,0.48547150062269756,45,0.0,fake,11
vendor_10,-0.6648596541516363,-0.5368929789827153,0.0,-0.44463284799789826,-0.6860663975269421,0.24143354952904383,9,0.22022680615373802,45,0.0,fake,12
vendor_01,1.6205002176590264,1.471251237889014,1.0,1.7216023426830056,1.341976886807143,0.3796254558758625,9,0.1011021250239792,46,0.04,REAL,1
vendor_00,1.620500217659026,1.471251237889014,1.0,1.7216023426830056,1.3419768868071429,0.3796254558758627,9,0.10110212502397964,46,0.05,REAL,2
vendor_02,1.3313255470091094,1.1712426915154441,1.0,1.2817331474833795,1.0485695559238921,0.2331635915594874,9,-0.04959239952572991,46,0.03,REAL,3
vendor_03,1.1138645222780903,0.9580087639254504,1.0,1.1881139753371885,0.7723739021011549,0.4157400732360337,9,0.07424945305909825,46,0.025,REAL,4
vendor_06,0.9768604118120738,0.7850509547950354,1.0,1.0924042309195103,0.40545820631918283,0.6869460246003275,9,0.1155438191074365,46,0.0,fake,5
vendor_10,0.6472849689530289,0.5166303231056104,1.0,0.7695291231336229,0.1716422291709504,0.5978868939626725,9,0.12224415418059398,46,0.0,fake,6
vendor_04,0.431478760092239,0.35283399191431974,1.0,0.48734361518949604,0.09046372596749036,0.3968798892220057,9,0.05586485509725703,46,0.01,REAL,7
vendor_08,0.3252170412690398,0.244454219590864,0.6666666666666666,0.9619390965896977,-0.26911781839972043,1.2310569149894182,9,0.6367220553206578,46,0.0,fake,8
vendor_07,0.26035003504987175,0.21332703430973834,1.0,0.36466157000311866,0.03519690424130145,0.3294646657618172,9,0.10431153495324691,46,0.0,fake,9
vendor_05,-0.07479921586134466,-0.06081941646728225,0.2222222222222222,0.02454688476414304,-0.13556459985042021,0.16011148461456326,9,0.09934610062548771,46,0.0,fake,10
vendor_11,-0.11107539521065328,-0.09738684143029083,0.3333333333333333,0.13155645867922716,-0.37601117979485144,0.5075676384740786,9,0.24263185388988046,46,0.0,fake,11
vendor_09,-0.3557966458838778,-0.29107691913469225,0.0,-0.18785005435636334,-0.42253587015492017,0.23468581579855682,9,0.16794659152751448,46,0.0,fake,12
vendor_03,1.8969927567707032,1.6028570173728274,1.0,1.970325735537247,1.1231722442937049,0.8471534912435421,9,0.07333297876654377,47,0.025,REAL,1
vendor_00,1.7049757629429305,1.5340227521313154,1.0,2.0349402296606183,0.9929241195220144,1.0420161101386038,9,0.32996446671768775,47,0.05,REAL,2
vendor_01,1.6049558960228312,1.4378972251352604,1.0,1.8816601567418878,0.8869162947685498,0.994743861973338,9,0.2767042607190566,47,0.04,REAL,3
vendor_02,1.5136400565695594,1.3053302699852798,1.0,1.5873069884836413,0.8480006558963089,0.7393063325873324,9,0.07366693191408191,47,0.03,REAL,4
vendor_04,0.742031196504061,0.6022545557998495,1.0,0.7523081183403518,0.43229545711352857,0.32001266122682326,9,0.010276921836290809,47,0.01,REAL,5
vendor_11,0.5011957102599824,0.3934717067398197,0.6666666666666666,0.8691824860292238,-0.38627075138181494,1.2554532374110388,9,0.3679867757692413,47,0.0,fake,6
vendor_10,0.33563938473807053,0.2692580028222129,1.0,0.5198968728345349,0.01833805768735307,0.5015588151471818,9,0.18425748809646436,47,0.0,fake,7
vendor_07,0.19513634582487555,0.1561974145322832,0.6666666666666666,0.45459447218827503,-0.08433491643951753,0.5389293886277926,9,0.2594581263633995,47,0.0,fake,8
vendor_08,0.1942165598004892,0.1539216872515331,1.0,0.2887958186543506,0.028280230195717612,0.260515588458633,9,0.0945792588538614,47,0.0,fake,9
vendor_09,-0.01680377733917851,-0.012140190321804158,0.6666666666666666,0.6996501042165052,-1.022331619421029,1.7219817236375343,9,0.7164538815556837,47,0.0,fake,10
vendor_05,-0.08741922181447347,-0.0725679970375899,0.1111111111111111,0.015015486076223428,-0.1610054494284529,0.17602093550467635,9,0.10243470789069689,47,0.0,fake,11
vendor_06,-0.17631236873139552,-0.14303173704061084,0.3333333333333333,0.016616902034910005,-0.2517129240935449,0.2683298261284549,9,0.19292927076630553,47,0.0,fake,12
vendor_00,2.574188925646231,2.281635891065942,1.0,2.8619205071868525,1.6644784293533907,1.1974420778334618,9,0.2877315815406214,48,0.05,REAL,1
vendor_01,2.240562753814455,1.912413624842954,1.0,2.071251149008412,1.7460498149192125,0.3252013340891995,9,-0.16931160480604301,48,0.04,REAL,2
vendor_04,1.932440001166251,1.5897451345025428,1.0,1.9342303462668338,1.3515037350125276,0.5827266112543061,9,0.0017903451005827353,48,0.01,REAL,3
vendor_02,1.804539856383758,1.5218180246437651,1.0,1.8249197804781128,1.2717915246920453,0.5531282557860675,9,0.02037992409435474,48,0.03,REAL,4
vendor_03,0.8987513381728597,0.7363353268769424,1.0,1.079915254022258,0.4336796819823288,0.6462355720399293,9,0.1811639158493984,48,0.025,REAL,5
vendor_07,0.3828818723630337,0.31366621655924354,0.6666666666666666,0.6571562388437834,-0.1579779110945967,0.8151341499383801,9,0.27427436648074965,48,0.0,fake,6
vendor_09,0.27458445795904074,0.22943786753328707,0.6666666666666666,0.5833113997801262,-0.1886804132945235,0.7719918130746497,9,0.3087269418210855,48,0.0,fake,7
vendor_11,0.21196224459376414,0.16830883615083492,0.6666666666666666,0.3729557446437258,-0.1887227429500014,0.5616784875937272,9,0.16099350004996163,48,0.0,fake,8
vendor_05,-0.2498202648164171,-0.20760092252826207,0.1111111111111111,0.01872223953820431,-0.32238248298743943,0.3411047225256437,9,0.2685425043546214,48,0.0,fake,9
vendor_08,-0.32722947147632653,-0.2672315903356442,0.1111111111111111,0.014104837857755754,-0.38632958219413666,0.4004344200518924,9,0.34133430933408226,48,0.0,fake,10
vendor_10,-0.328829004412743,-0.25358532707921033,0.3333333333333333,0.3095188966942776,-0.6975691793826738,1.0070880760769514,9,0.6383479011070206,48,0.0,fake,11
vendor_06,-0.3915591946614991,-0.3159374083017885,0.0,-0.1303295201140653,-0.6088232549414193,0.478493734827354,9,0.2612296745474338,48,0.0,fake,12
vendor_00,1.8519397627672454,1.7083439238026026,1.0,2.116577792005209,1.2001365957876649,0.916441196217544,9,0.26463802923796353,49,0.05,REAL,1
vendor_01,1.8397278703882702,1.6670523807559392,1.0,1.937090764177781,1.133385251650695,0.803705512527086,9,0.0973628937895108,49,0.04,REAL,2
vendor_02,1.5810325407503445,1.3574956413384522,1.0,1.7087524444596125,1.0759291670990696,0.6328232773605429,9,0.127719903709268,49,0.03,REAL,3
vendor_03,1.2237798295278766,1.0516947202378155,1.0,1.4974084831788401,0.6177524581583459,0.8796560250204942,9,0.27362865365096356,49,0.025,REAL,4
vendor_07,0.48448470635506263,0.3826829988383544,1.0,0.5987535446918283,0.014619925027300406,0.5841336196645279,9,0.11426883833676565,49,0.0,fake,5
vendor_09,0.25118955990125447,0.19783952117352122,1.0,0.3392865380206645,0.09181384640323975,0.24747269161742474,9,0.08809697811941003,49,0.0,fake,6
vendor_06,0.13171169955242853,0.10168528756514213,0.4444444444444444,0.6649813180123625,-0.3473249143662652,1.0123062323786276,9,0.5332696184599339,49,0.0,fake,7
vendor_05,0.09070776506544533,0.07710732562895976,0.4444444444444444,0.3877416266237345,-0.1559898974388777,0.5437315240626122,9,0.2970338615582892,49,0.0,fake,8
vendor_11,0.04466251512721618,0.03369677773411966,0.5555555555555556,0.17273656654051764,-0.09710136081598629,0.2698379273565039,9,0.12807405141330147,49,0.0,fake,9
vendor_04,-0.13087315056632984,-0.10234983923918296,0.3333333333333333,0.40171269231439843,-0.3886456227079186,0.790358315022317,9,0.5325858428807283,49,0.01,REAL,10
vendor_10,-0.14100036595518814,-0.11647448581974956,0.3333333333333333,0.23620679682654627,-0.29927725788383275,0.535484054710379,9,0.3772071627817344,49,0.0,fake,11
vendor_08,-0.18199904237432557,-0.13990829502622804,0.3333333333333333,0.20665217638567285,-0.34578778169106716,0.5524399580767401,9,0.3886512187599984,49,0.0,fake,12
vendor_03,1.4417408067995807,1.2337675603501004,1.0,1.6708199873635847,0.9155183774279217,0.755301609935663,9,0.229079180564004,50,0.025,REAL,1
vendor_01,1.3181881641697988,1.1841072638959442,1.0,1.6522016473186518,0.9033839845002984,0.7488176628183534,9,0.33401348314885304,50,0.04,REAL,2
vendor_00,1.3181881641697983,1.1841072638959442,1.0,1.6522016473186518,0.9033839845002984,0.7488176628183534,9,0.3340134831488535,50,0.05,REAL,3
vendor_02,1.1111674844013446,0.9786636445398043,1.0,1.3697916346224586,0.6084174478159473,0.7613741868065113,9,0.25862415022111396,50,0.03,REAL,4
vendor_04,1.0065250542584,0.8118416214190316,1.0,0.976643920284149,0.6006720141277019,0.37597190615644716,9,-0.029881133974251073,50,0.01,REAL,5
vendor_10,0.5450439787063445,0.4332173924553209,1.0,0.8370461103044098,0.17888323110263638,0.6581628792017734,9,0.2920021315980653,50,0.0,fake,6
vendor_11,-0.017867864708449813,-0.01826721229610446,0.6666666666666666,0.19468144749993904,-0.3707158143045594,0.5653972618044985,9,0.21254931220838885,50,0.0,fake,7
vendor_05,-0.1544923083486023,-0.12459150768211145,0.3333333333333333,0.3193256074968757,-0.36287562384970284,0.6822012313465786,9,0.47381791584547805,50,0.0,fake,8
vendor_08,-0.1635950841439071,-0.12865941445401763,0.3333333333333333,0.29424520863048786,-0.4592758011601904,0.7535210097906783,9,0.457840292774395,50,0.0,fake,9
vendor_07,-0.2351949594781631,-0.19041177832074252,0.0,-0.09237152233743359,-0.26414895827595414,0.17177743593852055,9,0.1428234371407295,50,0.0,fake,10
vendor_09,-0.371599955424495,-0.29669969768949833,0.0,-0.2332070760743046,-0.35517893004542334,0.12197185397111873,9,0.13839287935019037,50,0.0,fake,11
vendor_06,-0.390502561541177,-0.31786896398993764,0.0,-0.11373311197537674,-0.5070179347391212,0.39328482276374443,9,0.2767694495658003,50,0.0,fake,12
vendor_00,2.360953749524277,2.0916495897057743,1.0,2.4890218462980407,1.485794473858093,1.0032273724399476,9,0.12806809677376352,51,0.05,REAL,1
vendor_01,1.908530673707419,1.6599102072115592,1.0,1.8801879343849763,1.2952244345161579,0.5849634998688185,9,-0.02834273932244269,51,0.04,REAL,2
vendor_02,1.6526899953018748,1.3956902238779043,1.0,1.7591626089420718,0.8625069634903222,0.8966556454517496,9,0.106472613640197,51,0.03,REAL,3
vendor_03,1.471379091369487,1.227516892964967,1.0,1.5665872040006725,0.7674847408909661,0.7991024631097065,9,0.09520811263118545,51,0.025,REAL,4
vendor_04,0.9992880535244022,0.8024098399835164,1.0,1.0328741524561988,0.47153856072318784,0.561335591733011,9,0.03358609893179665,51,0.01,REAL,5
vendor_08,0.6847804817786685,0.5487471029562315,1.0,0.9149850501181217,0.3258229549186435,0.5891620951994783,9,0.23020456833945324,51,0.0,fake,6
vendor_10,0.3393780534218872,0.2647471982157115,0.6666666666666666,0.6134941161475886,-0.07693411598268263,0.6904282321302713,9,0.27411606272570144,51,0.0,fake,7
vendor_07,0.07746483646072728,0.06882882997076155,0.4444444444444444,0.37664004038880927,-0.18124290079741517,0.5578829411862245,9,0.299175203928082,51,0.0,fake,8
vendor_09,0.02343793758341511,0.016199640914182457,0.6666666666666666,0.2627686621203031,-0.4160038736132147,0.6787725357335178,9,0.23933072453688797,51,0.0,fake,9
vendor_11,-0.006512994016108869,-0.005656317910945904,0.5555555555555556,0.5562725432730723,-0.5254500888545177,1.08172263212759,9,0.5627855372891811,51,0.0,fake,10
vendor_06,-0.24263556386979138,-0.19834797215598052,0.0,-0.057225652554938916,-0.3273691379193963,0.2701434853644574,9,0.18540991131485246,51,0.0,fake,11
vendor_05,-0.6393619675915364,-0.5191560075767427,0.0,-0.16181153280289887,-0.7826333936233395,0.6208218608204407,9,0.47755043478863757,51,0.0,fake,12
vendor_00,1.590094620003128,1.4634290016771123,1.0,1.7458180019850777,0.996471865767352,0.7493461362177257,9,0.15572338198194968,52,0.05,REAL,1
vendor_01,1.544026986426731,1.4108940584940952,1.0,1.670608238752749,0.9653671845086461,0.7052410542441029,9,0.1265812523260179,52,0.04,REAL,2
vendor_02,1.318172364626675,1.1647536951629367,1.0,1.3495535920489068,0.8766845905813754,0.4728690014675314,9,0.03138122742223182,52,0.03,REAL,3
vendor_03,1.1138704744425305,0.9547622512630594,1.0,1.1866034637663452,0.7094621755890905,0.47714128817725465,9,0.07273298932381467,52,0.025,REAL,4
vendor_11,0.7514076618500434,0.60187100888015,1.0,0.6595206022929236,0.510358883810396,0.14916171848252768,9,-0.09188705955711973,52,0.0,fake,5
vendor_04,0.34679795521561874,0.2708025203947373,1.0,0.4530540032524978,0.007387758323430996,0.4456662449290668,9,0.10625604803687905,52,0.01,REAL,6
vendor_09,0.30085051988811945,0.23973396933398025,1.0,0.40802127994418197,0.10206314234384184,0.30595813760034013,9,0.10717076005606252,52,0.0,fake,7
vendor_10,-0.17449145391727727,-0.1336731952021647,0.3333333333333333,0.09918979892009618,-0.28977236566769465,0.3889621645877908,9,0.27368125283737343,52,0.0,fake,8
vendor_07,-0.24135755630088582,-0.18802430363757489,0.0,-0.0162408622486375,-0.402452222153458,0.3862113599048205,9,0.22511669405224832,52,0.0,fake,9
vendor_06,-0.24863289528350246,-0.20613663299485113,0.3333333333333333,0.39631985135734576,-0.6731456415977567,1.0694654929551024,9,0.6449527466408482,52,0.0,fake,10
vendor_08,-0.6124573037138863,-0.47824222451998744,0.0,-0.21538222379428826,-0.6482106176834439,0.4328283938891556,9,0.397075079919598,52,0.0,fake,11
vendor_05,-0.8490631130300761,-0.6956380389161757,0.3333333333333333,0.21160395034064,-1.20871403859653,1.42031798893717,9,1.060667063370716,52,0.0,fake,12
vendor_00,1.8544196970974622,1.6833892820401075,1.0,1.9912345752765146,1.5168220532929482,0.4744125219835664,9,0.13681487817905236,53,0.05,REAL,1
vendor_01,1.6894425766220347,1.5099471777547278,1.0,1.6615956970463859,1.2736219000834397,0.3879737969629462,9,-0.027846879575648797,53,0.04,REAL,2
vendor_02,1.5333223064681962,1.3192195769027293,1.0,1.5034604100379694,1.1636188715954099,0.3398415384425595,9,-0.029861896430226853,53,0.03,REAL,3
vendor_10,1.0621736285442462,0.8570243164198702,1.0,1.156067532263418,0.5796847629669484,0.5763827692964696,9,0.09389390371917172,53,0.0,fake,4
vendor_03,0.9563920828063757,0.8049385384152838,1.0,1.0063554000114503,0.6867464278237886,0.3196089721876617,9,0.04996331720507463,53,0.025,REAL,5
vendor_04,0.6366385705665709,0.520241325267524,1.0,0.7445510230704567,0.3715368348838769,0.37301418818657983,9,0.10791245250388581,53,0.01,REAL,6
vendor_05,0.2900852873560722,0.2357788809797345,0.6666666666666666,0.5086248168641299,-0.20117460632477865,0.7097994231889085,9,0.21853952950805766,53,0.0,fake,7
vendor_08,-0.1023463258096801,-0.07848167111732389,0.4444444444444444,0.245133394577383,-0.4913779966205771,0.73651139119796,9,0.3474797203870631,53,0.0,fake,8
vendor_06,-0.16515603251429914,-0.13028803368271175,0.1111111111111111,0.04805303859769398,-0.26467826500463815,0.31273130360233214,9,0.2132090711119931,53,0.0,fake,9
vendor_07,-0.2894565770000301,-0.22915195798571203,0.0,-0.03991953733368613,-0.45016468093600326,0.4102451436023171,9,0.24953703966634394,53,0.0,fake,10
vendor_11,-0.3659982790540258,-0.2978133533614963,0.0,-0.13890617815981443,-0.461601096838274,0.32269491867845956,9,0.2270921008942114,53,0.0,fake,11
vendor_09,-0.9057567236026868,-0.7325921816826245,0.0,-0.5295873378031162,-0.8643956713794795,0.3348083335763633,9,0.3761693857995706,53,0.0,fake,12
vendor_00,2.07239885062731,1.8997031134243971,1.0,2.3412822900851755,1.559241809068593,0.7820404810165824,9,0.2688834394578654,54,0.05,REAL,1
vendor_01,1.8154134177595607,1.6184658221682797,1.0,1.8272514236440436,1.4452766282375455,0.38197479540649804,9,0.011838005884482916,54,0.04,REAL,2
vendor_02,1.6193441998470886,1.3805797808935403,1.0,1.4872487916220511,1.2495685626173973,0.2376802290046538,9,-0.1320954082250374,54,0.03,REAL,3
vendor_03,1.2405322248302546,1.0371495198027383,1.0,1.220562538388333,0.6973375291631412,0.5232250092251918,9,-0.019969686441921652,54,0.025,REAL,4
vendor_06,0.8386701382593283,0.6714273203672527,1.0,1.221205693413731,0.13863680403190987,1.082568889381821,9,0.38253555515440263,54,0.0,fake,5
vendor_05,0.6561200216191637,0.5139101057510156,1.0,0.7482584653926397,0.1752339826246503,0.5730244827679895,9,0.09213844377347602,54,0.0,fake,6
vendor_04,0.6517496776460001,0.5187012390399574,1.0,0.6021996804623869,0.3921826602173814,0.21001702024500551,9,-0.04954999718361319,54,0.01,REAL,7
vendor_11,0.4762736740661761,0.38278897287859626,1.0,0.6286724930516793,0.07424642065127178,0.5544260724004075,9,0.15239881898550317,54,0.0,fake,8
vendor_09,0.2798789634653391,0.224393665183953,0.6666666666666666,0.6690546069868499,-0.006426031734695638,0.6754806387215456,9,0.38917564352151085,54,0.0,fake,9
vendor_10,0.02315153548098777,0.02023586996397843,0.7777777777777778,0.0944165506155337,-0.03418118032209403,0.12859773093762772,9,0.07126501513454592,54,0.0,fake,10
vendor_07,-0.06032315919353685,-0.05576210420972094,0.3333333333333333,0.2216408868057082,-0.32982930030981894,0.5514701871155272,9,0.28196404599924507,54,0.0,fake,11
vendor_08,-0.37358544576070873,-0.3012158980576342,0.0,-0.17087423215538014,-0.49500629698519083,0.3241320648298107,9,0.2027112136053286,54,0.0,fake,12
vendor_00,1.5612420144023893,1.4283047767147634,1.0,1.7370468560829986,0.9672247855177614,0.7698220705652372,9,0.17580484168060928,55,0.05,REAL,1
vendor_01,1.5612420144023893,1.4283047767147636,1.0,1.7370468560829986,0.9672247855177615,0.7698220705652371,9,0.17580484168060928,55,0.04,REAL,2
vendor_02,1.3818974776847879,1.2366372973929292,1.0,1.6932127473183778,0.783423953242844,0.9097887940755338,9,0.3113152696335899,55,0.03,REAL,3
vendor_03,0.9458158020801706,0.8204799192428569,1.0,1.0005512755239812,0.5397333468117484,0.4608179287122327,9,0.05473547344381058,55,0.025,REAL,4
vendor_04,0.9224745338080095,0.7574570726231425,1.0,1.299367418827192,0.42693738225387323,0.8724300365733187,9,0.3768928850191825,55,0.01,REAL,5
vendor_05,0.5140472040120099,0.4136554876975333,1.0,0.6398974162918003,0.2577365544189729,0.3821608618728274,9,0.12585021227979043,55,0.0,fake,6
vendor_07,0.43406850766860255,0.35326936735584363,1.0,0.44489082671849084,0.2073445767767225,0.23754624994176834,9,0.010822319049888285,55,0.0,fake,7
vendor_06,0.14642923186477805,0.11475173807157232,0.5555555555555556,0.4916531843610041,-0.12507360248859675,0.6167267868496008,9,0.34522395249622606,55,0.0,fake,8
vendor_08,0.04299957956780954,0.03480100283188328,0.4444444444444444,0.3111285915599494,-0.2616419111108182,0.5727705026707676,9,0.26812901199213984,55,0.0,fake,9
vendor_11,-0.5375811697118439,-0.424763769611946,0.0,-0.31349715804048817,-0.6228166693375435,0.30931951129705537,9,0.22408401167135572,55,0.0,fake,10
vendor_09,-0.6485915777357175,-0.5204110091185805,0.0,-0.12475475836737177,-0.8217398860589387,0.6969851276915668,9,0.5238368193683458,55,0.0,fake,11
vendor_10,-0.6969273099960235,-0.5571636900660111,0.0,-0.4011657762567483,-0.6912133181391351,0.2900475418823868,9,0.29576153373927516,55,0.0,fake,12
vendor_02,1.937361415213482,1.72803599586001,1.0,2.0001167894309626,1.401233554937181,0.5988832344937816,9,0.06275537421748068,56,0.03,REAL,1
vendor_00,1.8918221398119561,1.7221847985787122,1.0,1.9059449582156216,1.4231296513083784,0.48281530690724317,9,0.014122818403665471,56,0.05,REAL,2
vendor_01,1.8918221398119561,1.7221847985787122,1.0,1.9059449582156216,1.4231296513083789,0.4828153069072427,9,0.014122818403665471,56,0.04,REAL,3
vendor_03,1.7421188107258858,1.4991092343349586,1.0,1.823499872749387,1.2803725148932834,0.5431273578561036,9,0.08138106202350115,56,0.025,REAL,4
vendor_04,1.0856578412016997,0.8883285150195094,1.0,1.1436569556466953,0.6409137622889614,0.502743193357734,9,0.057999114444995614,56,0.01,REAL,5
vendor_05,0.45664924532050366,0.366497443045991,1.0,0.5788854926151087,0.08172614265016127,0.49715934996494743,9,0.12223624729460503,56,0.0,fake,6
vendor_09,0.29613036489316724,0.23651917489812957,0.7777777777777778,0.47441239908348404,-0.05733404417778929,0.5317464432612733,9,0.1782820341903168,56,0.0,fake,7
vendor_10,0.2565340719408416,0.20984006092080304,1.0,0.35955063173004936,0.09815063004250302,0.26140000168754635,9,0.10301655978920776,56,0.0,fake,8
vendor_11,-0.483567530231564,-0.39312106212447295,0.0,-0.13667575440537785,-0.6276927533175046,0.4910169989121268,9,0.34689177582618613,56,0.0,fake,9
vendor_06,-0.5336487915975864,-0.4318975827132879,0.0,-0.3164485223625061,-0.5376992913319589,0.22125076896945284,9,0.2172002692350803,56,0.0,fake,10
vendor_07,-0.6328466586249376,-0.5160721420008809,0.0,-0.27377803750041096,-0.8689332199984331,0.5951551824980221,9,0.35906862112452664,56,0.0,fake,11
vendor_08,-0.7166401258927848,-0.5844382421450588,0.0,-0.14661320216035087,-0.8400751057339719,0.693461903573621,9,0.5700269237324339,56,0.0,fake,12
vendor_00,1.7606759730931947,1.6147511328688609,1.0,2.002172968964645,1.147793384245104,0.8543795847195408,9,0.24149699587145013,57,0.05,REAL,1
vendor_01,1.7522397823651235,1.5992130699353515,1.0,1.8819670560578003,1.25448286549816,0.6274841905596404,9,0.1297272736926769,57,0.04,REAL,2
vendor_03,1.4407847113131313,1.230860987014256,1.0,1.3747603121430667,1.1142753677202062,0.2604849444228605,9,-0.06602439917006464,57,0.025,REAL,3
vendor_02,1.0367807098050807,0.9172097169536859,1.0,1.2446715468169882,0.6282864086922827,0.6163851381247055,9,0.20789083701190747,57,0.03,REAL,4
vendor_09,0.5703400971549734,0.4525067761133789,1.0,0.9170716849533848,0.09397883540865899,0.8230928495447257,9,0.3467315877984114,57,0.0,fake,5
vendor_04,0.157728323400257,0.12185038262211505,0.6666666666666666,0.46294669316784876,-0.27967900845759547,0.7426257016254443,9,0.30521836976759176,57,0.01,REAL,6
vendor_10,0.1083396101352607,0.08691106231856262,0.5555555555555556,0.37744401516789183,-0.09895202612636954,0.4763960412942614,9,0.2691044050326311,57,0.0,fake,7
vendor_06,-0.07113122860499745,-0.0520232604815766,0.3333333333333333,0.5147065597044462,-0.5482220826142256,1.062928642318672,9,0.5858377883094437,57,0.0,fake,8
vendor_08,-0.3639618454412038,-0.2925460306374177,0.3333333333333333,0.23727499817162856,-0.6621447708750856,0.8994197690467142,9,0.6012368436128324,57,0.0,fake,9
vendor_07,-0.6248303506957272,-0.5063866342349569,0.0,-0.20028805345440415,-0.979722580468534,0.7794345270141299,9,0.4245422972413231,57,0.0,fake,10
vendor_11,-0.9818324577366832,-0.7859313334287389,0.0,-0.47565984525477256,-1.0133254787845607,0.5376656335297881,9,0.5061726124819106,57,0.0,fake,11
vendor_05,-1.2485047488810055,-1.01934672573118,0.0,-0.7064016793519591,-1.3239845360674407,0.6175828567154816,9,0.5421030695290464,57,0.0,fake,12
vendor_02,1.6988180228181111,1.503786026040943,1.0,1.8854054162553158,1.178254394410153,0.7071510218451629,9,0.18658739343720465,58,0.03,REAL,1
vendor_00,1.6470383585536574,1.5071994341711212,1.0,1.8615218742281328,1.1413021634447704,0.7202197107833623,9,0.21448351567447532,58,0.05,REAL,2
vendor_01,1.6470383585536574,1.507199434171121,1.0,1.8615218742281328,1.1413021634447704,0.7202197107833623,9,0.21448351567447532,58,0.04,REAL,3
vendor_03,1.2294357017111404,1.0606739920835269,1.0,1.2905288239565205,0.7837591244855084,0.506769699471012,9,0.061093122245380105,58,0.025,REAL,4
vendor_11,0.7894606366050945,0.6437181000327183,1.0,0.8663467119675952,0.31357099895570856,0.5527757130118867,9,0.0768860753625007,58,0.0,fake,5
vendor_04,0.530178084391367,0.42730068542575267,1.0,0.8067563904361368,0.19415422027849827,0.6126021701576385,9,0.27657830604476974,58,0.01,REAL,6
vendor_09,0.5259210724229444,0.4204455877242686,1.0,0.58363676369256,0.12983759873865533,0.4537991649539047,9,0.05771569126961562,58,0.0,fake,7
vendor_07,0.5015839840295259,0.3934386554047777,0.8888888888888888,0.6491938955965038,-0.023907612668312195,0.673101508264816,9,0.1476099115669779,58,0.0,fake,8
vendor_08,0.005239377533959803,0.006801771080666542,0.3333333333333333,0.33174051729975673,-0.1774328725350965,0.5091733898348532,9,0.3265011397657969,58,0.0,fake,9
vendor_06,-0.06365415642110148,-0.053219857266109755,0.3333333333333333,0.14335541173036115,-0.2720504420053776,0.41540585373573874,9,0.20700956815146263,58,0.0,fake,10
vendor_10,-0.25217697684973106,-0.203286590975137,0.3333333333333333,0.1333374013105642,-0.46195007655598797,0.5952874778665522,9,0.38551437816029527,58,0.0,fake,11
vendor_05,-0.2708707916278224,-0.21615389251795522,0.3333333333333333,0.5796736693922697,-0.7176179634509697,1.2972916328432396,9,0.8505444610200921,58,0.0,fake,12
vendor_03,1.1735674492620463,1.0520185509137443,1.0,1.4398430715596933,0.43942997327576605,1.0004130982839272,9,0.266275622297647,59,0.025,REAL,1
vendor_00,0.9644064681466821,0.8840941087060917,1.0,1.3360219656856045,0.30395869343338694,1.0320632722522176,9,0.3716154975389224,59,0.05,REAL,2
vendor_02,0.9644064681466821,0.8840941087060917,1.0,1.3360219656856045,0.30395869343338694,1.0320632722522176,9,0.3716154975389224,59,0.03,REAL,3
vendor_01,0.964406468146682,0.8840941087060916,1.0,1.3360219656856045,0.30395869343338694,1.0320632722522176,9,0.37161549753892253,59,0.04,REAL,4
vendor_04,0.46818585694207676,0.37271790352089945,1.0,0.5617153358001197,0.11943033556835142,0.44228500023176825,9,0.09352947885804291,59,0.01,REAL,5
vendor_09,0.23965978535239563,0.19074932935567632,1.0,0.3485159454262968,0.07749350177183906,0.27102244365445777,9,0.1088561600739012,59,0.0,fake,6
vendor_06,0.06482573710866384,0.035204138723178874,0.3333333333333333,0.7470955057327086,-0.33734946850724096,1.0844449742399496,9,0.6822697686240448,59,0.0,fake,7
vendor_10,0.02236056130740673,0.017012236481149242,0.4444444444444444,0.2376672341093177,-0.20248359019456907,0.44015082430388675,9,0.21530667280191096,59,0.0,fake,8
vendor_05,-0.013700182375042945,-0.005503245025441595,0.6666666666666666,0.33911145566363365,-0.5476145448648105,0.8867260005284442,9,0.3528116380386766,59,0.0,fake,9
vendor_11,-0.15971842905914976,-0.12743589076561157,0.5555555555555556,0.12041181885983704,-0.5317399003188867,0.6521517191787238,9,0.2801302479189868,59,0.0,fake,10
vendor_08,-0.18811429847766115,-0.15433775392694013,0.0,-0.08796860899319087,-0.2552728635338556,0.16730425454066472,9,0.10014568948447028,59,0.0,fake,11
vendor_07,-0.4645655541549547,-0.37633823492547136,0.1111111111111111,0.06430631954504963,-0.6549323846252262,0.7192387041702758,9,0.5288718737000043,59,0.0,fake,12
vendor_00,1.9130488286287841,1.7319904724369932,1.0,2.056399709607585,1.3210185635070553,0.7353811461005297,9,0.1433508809788009,60,0.05,REAL,1
vendor_01,1.9129994272882944,1.7162416268365548,1.0,1.952066206523169,1.316212484493135,0.635853722030034,9,0.03906677923487467,60,0.04,REAL,2
vendor_02,1.6969034736137751,1.4816172020281702,1.0,1.7959503154416077,1.1314682855584066,0.664482029883201,9,0.09904684182783252,60,0.03,REAL,3
vendor_03,0.8803099448719429,0.7588708412649825,1.0,0.8558209671883086,0.5795090024220098,0.2763119647662988,9,-0.02448897768363434,60,0.025,REAL,4
vendor_11,0.4250768981392413,0.34261839502585556,1.0,0.698541277780214,0.10398627248512297,0.5945550052950911,9,0.2734643796409727,60,0.0,fake,5
vendor_04,0.3756612867930178,0.3173779313243268,1.0,0.7459238216080644,0.0027165923624989504,0.7432072292455654,9,0.37026253481504656,60,0.01,REAL,6
vendor_09,0.2167700423981552,0.17648155079656336,0.7777777777777778,0.347921550036642,-0.045842783598729286,0.3937643336353713,9,0.1311515076384868,60,0.0,fake,7
vendor_10,0.15886558772761394,0.12511565551444068,0.7777777777777778,0.25396628059100634,-0.06433536737559913,0.3183016479666055,9,0.0951006928633924,60,0.0,fake,8
vendor_07,-0.020846253036195042,-0.016361830606708833,0.3333333333333333,0.2048813782246623,-0.21781678075902194,0.42269815898368424,9,0.22572763126085732,60,0.0,fake,9
vendor_05,-0.032680150743185296,-0.023452285428475002,0.3333333333333333,0.3047252377305687,-0.27949378952957504,0.5842190272601437,9,0.337405388473754,60,0.0,fake,10
vendor_06,-0.35643584137343776,-0.2945688063164802,0.0,-0.15145592578694403,-0.5241077636036413,0.3726518378166973,9,0.20497991558649373,60,0.0,fake,11
vendor_08,-0.35751493785641536,-0.28437086655515403,0.1111111111111111,0.061187096821079735,-0.4746452913196897,0.5358323881407694,9,0.4187020346774951,60,0.0,fake,12
vendor_02,1.6100213424078749,1.4211767509197673,1.0,1.683532072534613,1.0527491600516488,0.6307829124829643,9,0.07351073012673814,61,0.03,REAL,1
vendor_00,1.5041411274230505,1.358425363880352,1.0,1.7990240572814755,0.8206184824448771,0.9784055748365984,9,0.294882929858425,61,0.05,REAL,2
vendor_01,1.5041411274230503,1.358425363880352,1.0,1.7990240572814755,0.8206184824448771,0.9784055748365984,9,0.29488292985842524,61,0.04,REAL,3
vendor_03,1.0320168948607298,0.8836638702849885,1.0,1.238406101200404,0.6735261466080343,0.5648799545923696,9,0.20638920633967417,61,0.025,REAL,4
vendor_09,0.9834177731591397,0.759186123412051,1.0,1.325174889509335,0.2493743405838894,1.0758005489254456,9,0.34175711635019523,61,0.0,fake,5
vendor_11,0.8939941056766071,0.7259123746540853,1.0,0.9268306126847381,0.46939461738462207,0.457435995300116,9,0.03283650700813101,61,0.0,fake,6
vendor_05,0.8112193665701272,0.6456268041702615,1.0,0.8685229125139716,0.4645389819896931,0.4039839305242785,9,0.05730354594384446,61,0.0,fake,7
vendor_04,0.6227617627616946,0.5030387746343501,1.0,0.5693541701985123,0.4725358844538953,0.09681828574461698,9,-0.05340759256318228,61,0.01,REAL,8
vendor_10,0.2971311949748961,0.23933589581339593,1.0,0.3810534824340753,0.12306414090179259,0.2579893415322827,9,0.08392228745917918,61,0.0,fake,9
vendor_08,0.18009903584023274,0.13876173864657768,0.6666666666666666,0.3652052441333892,-0.23078769607248292,0.5959929402058721,9,0.18510620829315644,61,0.0,fake,10
vendor_07,0.04994086809080091,0.04009441084627287,0.6666666666666666,0.22086719580564562,-0.1569646589444548,0.3778318547501004,9,0.17092632771484473,61,0.0,fake,11
vendor_06,-0.47534991944047894,-0.38345264898128983,0.0,-0.15463828923637307,-0.5746856093372695,0.42004732010089646,9,0.32071163020410587,61,0.0,fake,12
vendor_00,2.1748934103239725,1.9463299666227774,1.0,2.1121537766707887,1.7327601379733188,0.3793936386974699,9,-0.0627396336531838,62,0.05,REAL,1
vendor_01,1.8689714589255548,1.6246243385551626,1.0,1.9212601264243256,1.3763218945769444,0.5449382318473812,9,0.05228866749877081,62,0.04,REAL,2
vendor_03,1.503991031030256,1.268590812344122,1.0,1.3881916277006316,1.143955564643913,0.24423606305671863,9,-0.11579940332962435,62,0.025,REAL,3
vendor_02,1.374064668462137,1.1394959617603337,1.0,1.2491867744763507,1.0210576315331052,0.2281291429432455,9,-0.12487789398578619,62,0.03,REAL,4
vendor_04,0.7060074094962789,0.5604869120664496,1.0,0.7393961858868676,0.266159975821627,0.47323621006524064,9,0.03338877639058868,62,0.01,REAL,5
vendor_08,0.321777507083253,0.25507811563335686,0.7777777777777778,0.45564969422783136,-0.007742587902690939,0.4633922821305223,9,0.13387218714457838,62,0.0,fake,6
vendor_05,0.2935950082469706,0.23233589395832746,0.6666666666666666,0.5173580276942287,-0.22434641904635774,0.7417044467405864,9,0.22376301944725807,62,0.0,fake,7
vendor_11,0.010306551449316853,0.005519569362553097,0.6666666666666666,0.14816840189497787,-0.27518772181289636,0.42335612370787423,9,0.13786185044566102,62,0.0,fake,8
vendor_07,-0.052560251119760745,-0.05046741364265385,0.3333333333333333,0.6671932392546314,-0.6391288242537153,1.3063220635083468,9,0.7197534903743921,62,0.0,fake,9
vendor_09,-0.12709699664026358,-0.09756763129628013,0.3333333333333333,0.2653939401528878,-0.3653893877259148,0.6307833278788026,9,0.3924909367931514,62,0.0,fake,10
vendor_06,-0.15213805070386796,-0.12346785170912887,0.3333333333333333,0.031051585716520426,-0.3601744605425834,0.39122604625910384,9,0.18318963642038838,62,0.0,fake,11
vendor_10,-0.44957513775060126,-0.3802320331617399,0.3333333333333333,0.07890560015919994,-0.9818882150110639,1.0607938151702638,9,0.5284807379098012,62,0.0,fake,12
vendor_00,1.784664009328268,1.6099641162554807,1.0,1.9702005366253443,1.0619953169592296,0.9082052196661148,9,0.18553652729707637,63,0.05,REAL,1
vendor_01,1.7569242381196986,1.5621620076713123,1.0,1.9623008801341266,0.9237443139749975,1.0385565661591292,9,0.20537664201442807,63,0.04,REAL,2
vendor_02,1.45077810691398,1.2473970182457075,1.0,1.4430425383387613,1.0857390114141474,0.35730352692461387,9,-0.007735568575218732,63,0.03,REAL,3
vendor_03,1.339659743778565,1.118763003787954,1.0,1.3278160280898366,0.9538119367006269,0.37400409138920965,9,-0.011843715688728329,63,0.025,REAL,4
vendor_05,0.9645799112288246,0.7739525433449375,1.0,0.9334214802936831,0.5233209518276172,0.41010052846606593,9,-0.03115843093514148,63,0.0,fake,5
vendor_06,0.3194038161445236,0.26390018553494077,0.6666666666666666,0.5069528632960044,-0.09290611671296767,0.5998589800089721,9,0.1875490471514808,63,0.0,fake,6
vendor_10,0.26494124186390877,0.2098911910992575,1.0,0.37418812576993904,0.009374612249977229,0.36481351351996183,9,0.10924688390603027,63,0.0,fake,7
vendor_04,0.10387789285696075,0.07925525110835226,0.6666666666666666,0.457945617533005,-0.2568628591836558,0.7148084767166608,9,0.35406772467604425,63,0.01,REAL,8
vendor_11,-0.31829562797290933,-0.2573326323025348,0.3333333333333333,0.2770542158341274,-0.717496040349547,0.9945502561836743,9,0.5953498438070368,63,0.0,fake,9
vendor_08,-0.3514892116632328,-0.28647130505081075,0.0,-0.17430978407203437,-0.44127747607441153,0.26696769200237713,9,0.17717942759119845,63,0.0,fake,10
vendor_07,-0.7352571587660985,-0.5851703765839127,0.0,-0.2885925012234407,-0.8191384977713897,0.530545996547949,9,0.44666465754265783,63,0.0,fake,11
vendor_09,-0.8595443643963524,-0.6892406563903292,0.0,-0.652174971228138,-0.7357422929529521,0.08356732172481418,9,0.20736939316821446,63,0.0,fake,12
vendor_00,2.1826720876864676,1.926595622730158,1.0,1.9595491940968268,1.8620699093681563,0.09747928472867051,9,-0.22312289358964077,64,0.05,REAL,1
vendor_02,2.1108494369067587,1.7779894045027977,1.0,2.1244727382021478,1.5222967156479417,0.6021760225542061,9,0.013623301295389023,64,0.03,REAL,2
vendor_01,1.6874085747483343,1.4476243537560578,1.0,1.64123565761966,1.19665072157728,0.44458493604238014,9,-0.04617291712867422,64,0.04,REAL,3
vendor_03,0.996772766659094,0.8199322583498564,1.0,1.20655613460023,0.5163138594458201,0.69024227515441,9,0.20978336794113606,64,0.025,REAL,4
vendor_04,0.49704456638711986,0.3843057893815476,0.6666666666666666,0.9393985232393867,-0.4649489729995378,1.4043474962389244,9,0.4423539568522668,64,0.01,REAL,5
vendor_11,0.29830205747884736,0.23425672083190996,1.0,0.37789970228417913,0.028429340844754573,0.34947036143942456,9,0.07959764480533177,64,0.0,fake,6
vendor_05,0.16134121925284783,0.12533044431089987,0.3333333333333333,0.5686299357755137,-0.1440419829649489,0.7126719187404627,9,0.40728871652266585,64,0.0,fake,7
vendor_06,0.14485624819448017,0.11221807654579773,0.6666666666666666,0.43359199973403395,-0.19487165931653325,0.6284636590505672,9,0.2887357515395538,64,0.0,fake,8
vendor_10,0.04064332720773828,0.036607174255213544,0.7777777777777778,0.08741853015235843,-0.0059947561509686295,0.09341328630332706,9,0.04677520294462015,64,0.0,fake,9
vendor_08,-0.2519002656507072,-0.2001576813861492,0.0,-0.06590837699702543,-0.38071380586732223,0.31480542887029683,9,0.1859918886536818,64,0.0,fake,10
vendor_09,-0.5795515597108631,-0.4640079463883431,0.0,-0.27440950160663574,-0.5734530812831714,0.29904357967653566,9,0.3051420581042274,64,0.0,fake,11
vendor_07,-1.0719335010961524,-0.870303948543351,0.0,-0.6496401696106711,-1.1716436611129328,0.5220034915022618,9,0.4222933314854813,64,0.0,fake,12
vendor_00,1.9421533996503515,1.777768542877814,1.0,2.087321654763066,1.39935632908763,0.6879653256754361,9,0.1451682551127147,65,0.05,REAL,1
vendor_01,1.8827401565883128,1.6955840490774616,1.0,1.87611281904945,1.3535388637858299,0.5225739552636202,9,-0.006627337538862799,65,0.04,REAL,2
vendor_03,1.679890082162916,1.450021518424006,1.0,1.668604237567129,1.2095556675873853,0.45904856997974375,9,-0.011285844595786854,65,0.025,REAL,3
vendor_02,1.5670275987856859,1.362905095200662,1.0,1.5971585500602243,1.1813767883293491,0.4157817617308752,9,0.030130951274538464,65,0.03,REAL,4
vendor_04,1.0250008956169796,0.8406814663169465,1.0,1.061075116867672,0.43145814860676257,0.6296169682609094,9,0.03607422125069237,65,0.01,REAL,5
vendor_10,0.7119790425174705,0.5645028085135265,1.0,0.6622592412128584,0.42073258500712324,0.24152665620573516,9,-0.049719801304612066,65,0.0,fake,6
vendor_11,0.43845155316384904,0.35212889507014766,1.0,0.7058722189615535,0.06889455948278801,0.6369776594787655,9,0.26742066579770446,65,0.0,fake,7
vendor_06,0.20108021511890975,0.16459967521023733,0.6666666666666666,0.37608819146580136,-0.2316053311394078,0.6076935226052091,9,0.1750079763468916,65,0.0,fake,8
vendor_09,0.14199076230147165,0.11162004636759762,1.0,0.21978960086534724,0.040032671052924074,0.17975692981242317,9,0.0777988385638756,65,0.0,fake,9
vendor_05,0.13265726466203034,0.1034525238786745,1.0,0.16789421233014104,0.054033588476681424,0.11386062385345962,9,0.035236947668110696,65,0.0,fake,10
vendor_07,-0.16757658252846694,-0.13174999651114172,0.3333333333333333,0.17269528311270999,-0.3912417987735171,0.563937081886227,9,0.34027186564117695,65,0.0,fake,11
vendor_08,-0.34351848554914294,-0.25960639107443956,0.3333333333333333,0.13027848209252707,-0.727612329110711,0.8578908112032382,9,0.47379696764167,65,0.0,fake,12
vendor_00,1.807663247269279,1.6277969668141863,1.0,1.9088685283805797,1.253470150492098,0.6553983778884818,9,0.10120528111130067,66,0.05,REAL,1
vendor_01,1.791968967800581,1.6102852673715313,1.0,1.922067741217184,1.2392675082627702,0.6828002329544138,9,0.13009877341660303,66,0.04,REAL,2
vendor_02,1.4768939712014102,1.2851598337134122,1.0,1.4986949744860039,1.0510481783119237,0.4476467961740802,9,0.021801003284593667,66,0.03,REAL,3
vendor_03,1.172884029593171,0.9840684526194602,1.0,1.3287987435967652,0.7639654083952107,0.5648333352015545,9,0.15591471400359413,66,0.025,REAL,4
vendor_04,0.6637465446906267,0.54136494961486,1.0,0.8703981037858166,0.247953815083423,0.6224442887023935,9,0.20665155909518995,66,0.01,REAL,5
vendor_07,0.4493971927416731,0.3663036664085439,1.0,0.7007354766170782,0.07538290664059576,0.6253525699764825,9,0.25133828387540513,66,0.0,fake,6
vendor_10,0.014739105307877916,0.015736354931451663,0.4444444444444444,0.3129574190889488,-0.22394905396370665,0.5369064730526555,9,0.2982183137810709,66,0.0,fake,7
vendor_11,-0.00996573992243926,-0.02321790944480331,0.3333333333333333,0.5061492870425408,-0.3511672302981907,0.8573165173407316,9,0.51611502696498,66,0.0,fake,8
vendor_08,-0.07709446044599429,-0.06418108350116784,0.3333333333333333,0.7114954045208527,-0.6488562375111758,1.3603516420320285,9,0.788589864966847,66,0.0,fake,9
vendor_09,-0.40705884976435197,-0.3377043987691804,0.0,-0.12262557094675221,-0.6406922619157492,0.518066690968997,9,0.2844332788175998,66,0.0,fake,10
vendor_06,-0.4777148781048245,-0.37039132474585096,0.3333333333333333,0.2545679885124451,-1.2437213192839258,1.4982893077963708,9,0.7322828666172696,66,0.0,fake,11
vendor_05,-0.767461479635199,-0.610755533773949,0.0,-0.37051154762504146,-0.8160447439938534,0.44553319636881195,9,0.3969499320101575,66,0.0,fake,12
vendor_00,1.5619030448245816,1.410308760147875,1.0,1.6708437102355944,0.9431865571531821,0.7276571530824123,9,0.10894066541101277,67,0.05,REAL,1
vendor_01,1.5619030448245816,1.410308760147875,1.0,1.6708437102355944,0.9431865571531821,0.7276571530824123,9,0.10894066541101277,67,0.04,REAL,2
vendor_03,1.2295601675477241,1.0636843545036523,1.0,1.3658090478205007,0.5805519303876092,0.7852571174328915,9,0.1362488802727766,67,0.025,REAL,3
vendor_02,1.0717917810220734,0.9474055771890887,1.0,1.1391956015063152,0.6238619598143469,0.5153336416919683,9,0.06740382048424176,67,0.03,REAL,4
vendor_04,0.8337450887442602,0.6646323604300957,1.0,1.0215779576532307,0.36371763754811526,0.6578603201051154,9,0.18783286890897044,67,0.01,REAL,5
vendor_11,0.6074375613278898,0.4826279488249525,0.6666666666666666,0.7882897499313852,-0.046162835675188904,0.8344525856065741,9,0.1808521886034954,67,0.0,fake,6
vendor_10,0.555017241748612,0.44703199476910427,1.0,0.6486849329316516,0.17266574100703191,0.4760191919246197,9,0.09366769118303964,67,0.0,fake,7
vendor_09,0.4841037909191949,0.3833957590485479,1.0,0.5542880848084633,0.11203995673851284,0.4422481280699504,9,0.07018429388926833,67,0.0,fake,8
vendor_05,0.40938086673891394,0.32099182467254805,0.8888888888888888,0.8404161689074803,-0.019230147660559235,0.8596463165680395,9,0.43103530216856634,67,0.0,fake,9
vendor_08,0.04179314993694386,0.03470899004721509,0.6666666666666666,0.45000212726060196,-0.4243909475225314,0.8743930747831334,9,0.40820897732365813,67,0.0,fake,10
vendor_07,-0.08409429705228426,-0.07427620957033641,0.3333333333333333,0.6052889135784386,-0.580561908393186,1.1858508219716246,9,0.6893832106307228,67,0.0,fake,11
vendor_06,-0.15614663300985554,-0.11222679237772144,0.3333333333333333,0.7143363447318964,-0.7202275667908065,1.434563911522703,9,0.870482977741752,67,0.0,fake,12
vendor_00,1.359307699408934,1.2327349052173724,1.0,1.6846358872408542,0.6686904824457792,1.0159454047950751,9,0.3253281878319203,68,0.05,REAL,1
vendor_01,1.359307699408934,1.2327349052173726,1.0,1.684635887240854,0.6686904824457792,1.0159454047950747,9,0.3253281878319201,68,0.04,REAL,2
vendor_02,1.1387995397564428,1.0138637255247447,1.0,1.2788326867306274,0.531636766168799,0.7471959205618285,9,0.14003314697418467,68,0.03,REAL,3
vendor_05,0.9981340437379715,0.7936100517727463,1.0,0.9610790580809169,0.6552062425664349,0.305872815514482,9,-0.03705498565705467,68,0.0,fake,4
vendor_03,0.6840895808937355,0.5940862145320154,1.0,0.8129868850046738,0.43239284397428496,0.3805940410303888,9,0.12889730411093825,68,0.025,REAL,5
vendor_06,0.517734611599242,0.4097487432040324,1.0,0.6135219519457976,0.1855453421341482,0.4279766098116494,9,0.09578734034655567,68,0.0,fake,6
vendor_04,0.21641109441156123,0.1698216668431965,0.6666666666666666,0.40468617806386414,-0.07471956827013668,0.4794057463340008,9,0.18827508365230292,68,0.01,REAL,7
vendor_07,0.16250330903695698,0.12721296190141723,0.3333333333333333,0.5238589719721796,-0.1041155426887916,0.6279745146609712,9,0.3613556629352226,68,0.0,fake,8
vendor_10,0.1419071064929559,0.11907983349968651,1.0,0.25601799961773747,0.01546085144202788,0.24055714817570958,9,0.11411089312478156,68,0.0,fake,9
vendor_08,-0.16770980624849402,-0.13913778051149694,0.3333333333333333,0.14157645999798008,-0.32291574230806225,0.4644922023060423,9,0.3092862662464741,68,0.0,fake,10
vendor_11,-0.2966942175725077,-0.23282071715880534,0.1111111111111111,0.010673900092711757,-0.49925701419324126,0.509930914285953,9,0.30736811766521943,68,0.0,fake,11
vendor_09,-0.3554842136647451,-0.29726400611479786,0.3333333333333333,0.36914611716933554,-0.8578381324586254,1.2269842496279608,9,0.7246303308340807,68,0.0,fake,12
vendor_00,2.384905377558743,2.1666834012347387,1.0,2.428175027715523,1.679630049668464,0.7485449780470592,9,0.04326965015677997,69,0.05,REAL,1
vendor_02,2.010009795862972,1.7088952055558153,1.0,2.119864527978096,1.1903167352944382,0.929547792683658,9,0.10985473211512398,69,0.03,REAL,2
vendor_01,1.8885142060504243,1.6584403133228127,1.0,2.0056166292746793,1.2889157958096713,0.716700833465008,9,0.11710242322425501,69,0.04,REAL,3
vendor_03,1.6231541363373736,1.3704293115090793,1.0,1.6253249532298188,0.9267905006470474,0.6985344525827715,9,0.0021708168924452487,69,0.025,REAL,4
vendor_07,0.5863966109727092,0.47506121002861307,1.0,0.6474994556020913,0.2385146117265508,0.4089848438755405,9,0.06110284462938209,69,0.0,fake,5
vendor_09,0.43069937916758405,0.34797271672616786,1.0,0.4309814088479913,0.28586596025566596,0.14511544859232534,9,0.0002820296804072475,69,0.0,fake,6
vendor_05,0.18607266636866074,0.14523481891553772,0.6666666666666666,0.4150746358660187,-0.15952256512179455,0.5745972009878133,9,0.229001969497358,69,0.0,fake,7
vendor_04,0.06471025164949859,0.0391806510244308,0.3333333333333333,0.6204495555829529,-0.46499651058171587,1.0854460661646688,9,0.5557393039334543,69,0.01,REAL,8
vendor_08,-0.0994516051968054,-0.0807258213907855,0.3333333333333333,0.3285068327939688,-0.4126079163862242,0.741114749180193,9,0.4279584379907742,69,0.0,fake,9
vendor_11,-0.23572535347342868,-0.18482796003237303,0.3333333333333333,0.19928812899367604,-0.4164024597146554,0.6156905887083315,9,0.4350134824671047,69,0.0,fake,10
vendor_06,-0.45446778935416016,-0.3707440624246764,0.0,-0.07338727673716179,-0.6813658512296333,0.6079785744924715,9,0.3810805126169984,69,0.0,fake,11
vendor_10,-1.021435662243567,-0.8125395994452131,0.0,-0.4824438890131357,-1.2215676505167081,0.7391237615035724,9,0.5389917732304312,69,0.0,fake,12
vendor_01,1.5230015378475303,1.3644410617776104,1.0,1.69490897521981,0.7924785211194451,0.902430454100365,9,0.17190743737227976,70,0.04,REAL,1
vendor_00,1.5113538262852977,1.3568270834710878,1.0,1.7364927878400578,0.7553145451638743,0.9811782426761835,9,0.2251389615547601,70,0.05,REAL,2
vendor_03,1.413391666963939,1.2140464312868362,1.0,1.643749991217272,0.7654844098357994,0.8782655813814726,9,0.2303583242533329,70,0.025,REAL,3
vendor_02,1.1529831739826775,1.0011890350648311,1.0,1.2538401557774221,0.7258092018848956,0.5280309538925265,9,0.10085698179474467,70,0.03,REAL,4
vendor_08,0.4339269486683174,0.3530823750312115,1.0,0.5657694227424693,0.08223906165280818,0.48353036108966113,9,0.13184247407415195,70,0.0,fake,5
vendor_04,0.2836813067371819,0.23646843255335004,1.0,0.5098791846149898,0.07819487012259137,0.43168431449239847,9,0.22619787787780793,70,0.01,REAL,6
vendor_07,0.16531381784841906,0.1315948791380004,1.0,0.16855357180531952,0.09061495089128957,0.07793862091402995,9,0.0032397539569004596,70,0.0,fake,7
vendor_05,-0.01787438324289436,-0.019890956675350017,0.6666666666666666,0.22624399610169518,-0.32807061510311775,0.554314611204813,9,0.24411837934458955,70,0.0,fake,8
vendor_10,-0.36235010066803913,-0.29086677018499646,0.2222222222222222,0.006751840407529696,-0.4651252980719668,0.47187713847949647,9,0.3691019410755688,70,0.0,fake,9
vendor_11,-0.4406184678756177,-0.35724031294527236,0.3333333333333333,0.07006496323021992,-0.805653259448193,0.8757182226784129,9,0.5106834311058376,70,0.0,fake,10
vendor_09,-0.6450856894612617,-0.5168277421411334,0.0,-0.21803963755904252,-0.7512726300100118,0.5332329924509692,9,0.4270460519022191,70,0.0,fake,11
vendor_06,-0.680233318747705,-0.5470030949561642,0.0,-0.35546602015218415,-0.649227892434292,0.29376187228210787,9,0.32476729859552084,70,0.0,fake,12
vendor_00,1.7204379769675908,1.5740660291172641,1.0,1.8486817023677562,1.3481071317745656,0.5005745705931905,9,0.12824372540016538,71,0.05,REAL,1
vendor_01,1.6892669807626095,1.5409693152739317,1.0,1.7128248246970266,1.3734999503422594,0.3393248743547672,9,0.023557843934417066,71,0.04,REAL,2
vendor_02,1.6361065532681855,1.4320043675349892,1.0,1.6706283990274535,1.241820508232531,0.42880789079492243,9,0.03452184575926798,71,0.03,REAL,3
vendor_03,1.6102705487448166,1.3779780560943538,1.0,1.6865046618709278,1.1445242695359958,0.541980392334932,9,0.07623411312611128,71,0.025,REAL,4
vendor_07,0.6233969490154887,0.5022725031221578,1.0,0.8819575266947351,0.056560156373913435,0.8253973703208217,9,0.25856057767924645,71,0.0,fake,5
vendor_04,0.5396539735663959,0.4390929482618066,1.0,0.7542639961090737,0.1832931502229468,0.5709708458861269,9,0.2146100225426778,71,0.01,REAL,6
vendor_05,-0.1651806200186524,-0.1337415975238157,0.3333333333333333,0.05706009713801525,-0.4055515179729769,0.46261161511099214,9,0.22224071715666766,71,0.0,fake,7
vendor_11,-0.20179278784308627,-0.15022147909698327,0.3333333333333333,0.2308329938307431,-0.6729438485337759,0.9037768423645189,9,0.43262578167382937,71,0.0,fake,8
vendor_06,-0.20365994323890438,-0.1683344003765067,0.5555555555555556,0.09996431174645805,-0.6312942655202488,0.7312585772667068,9,0.30362425498536244,71,0.0,fake,9
vendor_09,-0.22903141106658814,-0.18172994380580415,0.0,-0.008207440096233587,-0.3640274179586127,0.3558199778623791,9,0.22082397097035456,71,0.0,fake,10
vendor_08,-0.24414023374977903,-0.19933924524526994,0.0,-0.06297136126355439,-0.36963679222226903,0.3066654309587146,9,0.18116887248622465,71,0.0,fake,11
vendor_10,-0.3186312765848162,-0.26009665292025663,0.0,-0.1845015708791662,-0.3611483370239031,0.1766467661447369,9,0.13412970570565003,71,0.0,fake,12
vendor_00,1.9905025381868824,1.7901808210204808,1.0,2.385412608854194,0.8627093529534717,1.522703255900722,9,0.39491007066731143,72,0.05,REAL,1
vendor_01,1.9146291391765715,1.6837766702320769,1.0,2.084453574637795,1.1419294611629238,0.9425241134748712,9,0.1698244354612235,72,0.04,REAL,2
vendor_02,1.7283870115276638,1.4716923763924838,1.0,1.8252834247486625,0.980706327911977,0.8445770968366855,9,0.09689641322099862,72,0.03,REAL,3
vendor_03,0.8877290979028798,0.7425730904941568,1.0,0.8955425993760469,0.5486963486855879,0.34684625069045893,9,0.007813501473167062,72,0.025,REAL,4
vendor_07,0.5008290334434723,0.3996809427826354,1.0,0.541457377325832,0.21681052008960489,0.3246468572362271,9,0.040628343882359697,72,0.0,fake,5
vendor_06,0.38908109648584566,0.3143186319840462,1.0,0.42126600559048377,0.24262597782057124,0.17864002776991253,9,0.032184909104638115,72,0.0,fake,6
vendor_04,0.2712626622969242,0.21204848310198218,0.7777777777777778,0.49300071096521375,-0.018955092531274673,0.5119558034964884,9,0.22173804866828956,72,0.01,REAL,7
vendor_05,0.1310399478298962,0.10299100889117602,0.6666666666666666,0.3508565937099739,-0.09495613911309696,0.4458127328230709,9,0.2198166458800777,72,0.0,fake,8
vendor_11,-0.1337796554776408,-0.10926912384704658,0.6666666666666666,0.3623259105675981,-0.7224058387405776,1.0847317493081756,9,0.4961055660452389,72,0.0,fake,9
vendor_09,-0.36276657557474595,-0.29274813931314114,0.1111111111111111,0.0608550099692242,-0.573793355469199,0.6346483654384232,9,0.42362158554397017,72,0.0,fake,10
vendor_08,-0.37273559176314436,-0.3025357677383675,0.0,-0.04729880192159946,-0.7927703498199284,0.745471547898329,9,0.3254367898415449,72,0.0,fake,11
vendor_10,-0.3978011294020161,-0.32340857522511607,0.0,-0.10428139953951823,-0.5342026636411253,0.42992126410160714,9,0.29351972986249786,72,0.0,fake,12
vendor_01,1.057899455828256,0.9620989153568497,1.0,1.0498397877645451,0.8545351865856113,0.19530460117893378,9,-0.008059668063710834,73,0.04,REAL,1
vendor_02,1.057899455828256,0.9620989153568497,1.0,1.0498397877645456,0.8545351865856113,0.19530460117893422,9,-0.00805966806371039,73,0.03,REAL,2
vendor_00,1.0578994558282557,0.9620989153568497,1.0,1.0498397877645453,0.8545351865856113,0.195304601178934,9,-0.00805966806371039,73,0.05,REAL,3
vendor_03,1.0578994558282557,0.9620989153568497,1.0,1.0498397877645453,0.8545351865856113,0.195304601178934,9,-0.00805966806371039,73,0.025,REAL,4
vendor_11,0.8653664354318014,0.6903097329664224,1.0,1.0558727487544675,0.42573553307890083,0.6301372156755667,9,0.1905063133226661,73,0.0,fake,5
vendor_09,0.6166731112075934,0.4899101706801917,1.0,0.5880551336766322,0.3813779982330144,0.20667713544361782,9,-0.02861797753096118,73,0.0,fake,6
vendor_04,0.5369312421799348,0.43890792033261905,1.0,0.8688905742120164,0.1627243815769684,0.706166192635048,9,0.3319593320320816,73,0.01,REAL,7
vendor_05,0.3210709784294815,0.25482739834589613,1.0,0.3450029498384855,0.11710927776122347,0.22789367207726202,9,0.023931971409003994,73,0.0,fake,8
vendor_10,0.31277960229143303,0.24663800256527965,0.6666666666666666,0.6508428455034074,-0.03168107350261282,0.6825239190060203,9,0.3380632432119744,73,0.0,fake,9
vendor_08,0.18937334815731413,0.148540309333095,0.6666666666666666,0.4562370965222475,-0.2680622607222155,0.7242993572444629,9,0.2668637483649333,73,0.0,fake,10
vendor_06,-0.012740097397697334,-0.009808266402967959,0.6666666666666666,0.28519213324027354,-0.4266379706767634,0.7118301039170369,9,0.29793223063797086,73,0.0,fake,11
vendor_07,-0.4160631336893936,-0.32775189936548954,0.0,-0.0744416881235842,-0.4847195067013466,0.4102778185777624,9,0.3416214455658094,73,0.0,fake,12
vendor_02,1.6914141123955193,1.5122175001891285,1.0,1.8877382677549532,1.1052831173933741,0.7824551503615791,9,0.19632415535943393,74,0.03,REAL,1
vendor_00,1.6540477991286275,1.5064395315246364,1.0,1.9041651308960388,1.0776657379332524,0.8264993929627864,9,0.25011733176741124,74,0.05,REAL,2
vendor_01,1.654047799128627,1.5064395315246366,1.0,1.9041651308960388,1.0776657379332524,0.8264993929627864,9,0.2501173317674117,74,0.04,REAL,3
vendor_03,1.417280670981429,1.2329897758706352,1.0,1.5695700884736115,0.9213709347615269,0.6481991537120846,9,0.1522894174921825,74,0.025,REAL,4
vendor_11,1.0604011895240766,0.8560509895016211,1.0,1.0796648794853339,0.6648692825247058,0.41479559696062807,9,0.01926368996125727,74,0.0,fake,5
vendor_04,1.0333020826597517,0.8497210832159392,1.0,1.3870250184524087,0.4130231515391338,0.9740018669132748,9,0.353722935792657,74,0.01,REAL,6
vendor_09,0.9622934311970607,0.7572279680747073,1.0,1.0194118853347278,0.5792379907132151,0.4401738946215127,9,0.05711845413766714,74,0.0,fake,7
vendor_10,0.17266804359198526,0.1410122217263823,0.6666666666666666,0.4923967199716905,-0.11079666657417149,0.603193386545862,9,0.31972867637970526,74,0.0,fake,8
vendor_07,0.04438558245997562,0.030252099427702874,0.5555555555555556,0.35897153675279003,-0.26296454555418186,0.621936082306972,9,0.31458595429281444,74,0.0,fake,9
vendor_06,-0.048002053625227685,-0.03687835289682907,0.5555555555555556,0.08243326013348513,-0.19265348557816794,0.2750867457116531,9,0.1304353137587128,74,0.0,fake,10
vendor_08,-0.5824891790926975,-0.46551051140596045,0.0,-0.23020950649852756,-0.6798710726511407,0.4496615661526131,9,0.3522796725941699,74,0.0,fake,11
vendor_05,-0.8397993409583386,-0.6853293322239242,0.0,-0.42249910365828053,-0.9584856703178599,0.5359865666595793,9,0.4173002373000581,74,0.0,fake,12
vendor_01,2.071350593821439,1.8749923012552294,1.0,2.155830617889227,1.6196956699987544,0.5361349478904724,9,0.08448002406778787,75,0.04,REAL,1
vendor_02,2.069455209572031,1.7941570675544491,1.0,2.0401821284776407,1.543037849614367,0.4971442788632736,9,-0.029273081094390196,75,0.03,REAL,2
vendor_00,1.9811221752193195,1.8074378061556375,1.0,2.05941726583117,1.4687401362821437,0.5906771295490261,9,0.07829509061185025,75,0.05,REAL,3
vendor_03,1.7652628773206178,1.4948793094111756,1.0,1.7381951014439363,1.1508237931579224,0.5873713082860139,9,-0.02706777587668152,75,0.025,REAL,4
vendor_04,0.7823749018244907,0.6330170987810712,1.0,1.074840527733303,0.2765831641428746,0.7982573635904284,9,0.2924656259088124,75,0.01,REAL,5
vendor_06,0.6522291276419208,0.5208802124241291,1.0,0.8168675821793212,0.3454673370468748,0.4714002451324464,9,0.16463845453740045,75,0.0,fake,6
vendor_09,0.4173361837225215,0.328002032118672,1.0,0.5410130061338636,0.17811886392206427,0.36289414221179933,9,0.12367682241134209,75,0.0,fake,7
vendor_11,0.4102329073954504,0.31857161411357443,0.6666666666666666,0.6541360560774688,-0.14307354229781127,0.79720959837528,9,0.24390314868201846,75,0.0,fake,8
vendor_10,0.30762813354510554,0.24895588512076744,1.0,0.47531412726998284,0.08059917305305296,0.39471495421692987,9,0.1676859937248773,75,0.0,fake,9
vendor_07,0.08381589732727458,0.07326132912094559,0.6666666666666666,0.3906310475579974,-0.27139093702587824,0.6620219845838756,9,0.3068151502307228,75,0.0,fake,10
vendor_05,0.024433753950047175,0.01759398282604112,0.4444444444444444,0.2256513084780091,-0.1819807569526276,0.4076320654306367,9,0.20121755452796192,75,0.0,fake,11
vendor_08,-0.5103054764778413,-0.4093498162688285,0.0,-0.22371175487960965,-0.6365077520753499,0.4127959971957403,9,0.28659372159823165,75,0.0,fake,12
vendor_00,1.6219118730931212,1.4691611275999636,1.0,1.5595300726863341,1.3910022063772902,0.16852786630904393,9,-0.06238180040678709,76,0.05,REAL,1
vendor_01,1.6219118730931212,1.4691611275999636,1.0,1.5595300726863341,1.3910022063772902,0.16852786630904393,9,-0.06238180040678709,76,0.04,REAL,2
vendor_02,1.5424737632527494,1.3927678177302438,1.0,1.5205228780311337,1.2406254145245652,0.2798974635065685,9,-0.0219508852216157,76,0.03,REAL,3
vendor_03,1.3748864454585392,1.2134918708132265,1.0,1.3568538413803042,1.106419352189437,0.2504344891908672,9,-0.018032604078235037,76,0.025,REAL,4
vendor_04,1.2014106565360743,0.9977523347060802,1.0,1.3466159799132669,0.5882971551782723,0.7583188247349946,9,0.1452053233771926,76,0.01,REAL,5
vendor_07,0.9478866975081405,0.7550443344796364,1.0,0.9687799284999112,0.40139893652749814,0.5673809919724131,9,0.02089323099177076,76,0.0,fake,6
vendor_08,0.4918482671500495,0.3881166727383616,1.0,0.7221863244482775,0.12196348900857823,0.6002228354396992,9,0.23033805729822798,76,0.0,fake,7
vendor_05,0.45681921390023583,0.3714041325377635,1.0,0.6259746075070349,0.22132831082534335,0.4046462966816916,9,0.1691553936067991,76,0.0,fake,8
vendor_10,0.14745618230316784,0.11357038988651352,0.6666666666666666,0.8089367328028512,-0.521529108287774,1.3304658410906252,9,0.6614805504996834,76,0.0,fake,9
vendor_11,-0.1377076443174318,-0.1051641650284045,0.3333333333333333,0.23136400191570206,-0.49940110822132616,0.7307651101370283,9,0.3690716462331338,76,0.0,fake,10
vendor_06,-0.375985489729254,-0.29999435957005405,0.3333333333333333,0.2105827333119333,-0.8384816166900916,1.049064350002025,9,0.5865682230411873,76,0.0,fake,11
vendor_09,-1.4259400213445264,-1.1684478678490564,0.0,-1.068474152661951,-1.2536163525729391,0.18514219991098813,9,0.35746586868257535,76,0.0,fake,12
vendor_04,0.9674277036024292,0.8218961372152995,1.0,1.1402396247894362,0.585356598178382,0.5548830266110542,9,0.17281192118700694,77,0.01,REAL,1
vendor_01,0.9322168304576127,0.8481913437973227,1.0,0.9004269680674739,0.7574000308477437,0.14302693721973025,9,-0.03178986239013881,77,0.04,REAL,2
vendor_03,0.9322168304576125,0.8481913437973225,1.0,0.9004269680674739,0.7574000308477437,0.14302693721973025,9,-0.03178986239013859,77,0.025,REAL,3
vendor_00,0.9322168304576125,0.8481913437973225,1.0,0.9004269680674739,0.7574000308477437,0.14302693721973025,9,-0.03178986239013859,77,0.05,REAL,4
vendor_02,0.9322168304576124,0.8481913437973225,1.0,0.900426968067474,0.7574000308477437,0.14302693721973037,9,-0.03178986239013837,77,0.03,REAL,5
vendor_07,0.6564772412881212,0.5312895240821298,1.0,0.7781718798407337,0.21059992144020578,0.5675719584005279,9,0.12169463855261242,77,0.0,fake,6
vendor_05,0.4458637426698119,0.3600620727849362,1.0,0.5761495695327433,0.005125932521969005,0.5710236370107743,9,0.13028582686293144,77,0.0,fake,7
vendor_10,0.38792417493641573,0.2976951308566739,0.5555555555555556,0.9528758478899187,-0.09280967572056655,1.0456855236104854,9,0.564951672953503,77,0.0,fake,8
vendor_08,-0.03314422473137947,-0.030420998432200745,0.3333333333333333,0.2360521065262951,-0.2886291306669205,0.5246812371932156,9,0.26919633125767456,77,0.0,fake,9
vendor_11,-0.3829560270244373,-0.30648267808690854,0.0,-0.18493342558402048,-0.4141062868769405,0.22917286129292003,9,0.19802260144041683,77,0.0,fake,10
vendor_09,-0.5571281909865499,-0.44955484293925024,0.0,-0.14546467626685083,-0.9859494353181011,0.8404847590512503,9,0.41166351471969903,77,0.0,fake,11
vendor_06,-0.9366964539123928,-0.7373732262157664,0.0,-0.6006661078291874,-0.8125382785740736,0.21187217074488618,9,0.33603034608320537,77,0.0,fake,12
vendor_02,1.7277238275710896,1.5481381303546984,1.0,1.709224148387017,1.3924374577593535,0.3167866906276635,9,-0.01849967918407258,78,0.03,REAL,1
vendor_01,1.7039047867061206,1.5422716473436116,1.0,1.6878334721627108,1.422329599212832,0.26550387294987887,9,-0.01607131454340971,78,0.04,REAL,2
vendor_00,1.7039047867061203,1.5422716473436116,1.0,1.6878334721627108,1.422329599212832,0.26550387294987887,9,-0.016071314543409487,78,0.05,REAL,3
vendor_03,1.585977036979007,1.3941015230137639,1.0,1.4547580520665377,1.310232463128353,0.14452558893818468,9,-0.1312189849124692,78,0.025,REAL,4
vendor_07,0.7512750535616061,0.6122234715803192,1.0,0.7464635559865417,0.42065079797655147,0.3258127580099902,9,-0.004811497575064383,78,0.0,fake,5
vendor_05,0.6967619013405287,0.5514658588533883,1.0,1.2356610085634872,0.11601968631989447,1.1196413222435926,9,0.5388991072229584,78,0.0,fake,6
vendor_04,0.3209486695414076,0.2571066117155457,1.0,0.4071115247374615,0.12558036663574662,0.28153115810171486,9,0.08616285519605388,78,0.01,REAL,7
vendor_10,0.02979826057188756,0.017484877409381046,0.6666666666666666,0.2961316253553187,-0.2957570998486609,0.5918887252039795,9,0.2663333647834311,78,0.0,fake,8
vendor_06,-0.06413928571764303,-0.05662509825641376,0.3333333333333333,0.19999197112899816,-0.28988883103166335,0.48988080216066154,9,0.2641312568466412,78,0.0,fake,9
vendor_11,-0.06769776574578257,-0.053779764221500576,0.3333333333333333,0.11466749219894914,-0.21482055046506077,0.3294880426640099,9,0.1823652579447317,78,0.0,fake,10
vendor_09,-0.4350557423470805,-0.34446219902354513,0.0,-0.20235121477713777,-0.5424248285541726,0.3400736137770348,9,0.23270452756994273,78,0.0,fake,11
vendor_08,-0.6965820587244598,-0.5638707314506144,0.0,-0.43037459763481956,-0.7601057258427782,0.3297311282079587,9,0.2662074610896402,78,0.0,fake,12
vendor_03,1.475334955102597,1.303854097918768,1.0,1.6999735403667868,0.9541711431008416,0.7458023972659452,9,0.2246385852641899,79,0.025,REAL,1
vendor_00,1.3820345628265474,1.2626565675527317,1.0,1.6983944300781164,0.9599999152644249,0.7383945148136916,9,0.31635986725156906,79,0.05,REAL,2
vendor_01,1.3820345628265474,1.2626565675527315,1.0,1.6983944300781164,0.9599999152644249,0.7383945148136916,9,0.31635986725156906,79,0.04,REAL,3
vendor_04,1.3429910299845622,1.11019638680978,1.0,1.2203792071509547,1.0512072038482476,0.1691720033027071,9,-0.1226118228336075,79,0.01,REAL,4
vendor_02,1.2850839020582803,1.149482330578901,1.0,1.5473508422977864,0.9326156426535471,0.6147351996442393,9,0.26226694023950614,79,0.03,REAL,5
vendor_08,0.5203835228323764,0.4142484323500878,1.0,0.5540263571907872,0.17858585835549493,0.3754404988352923,9,0.033642834358410756,79,0.0,fake,6
vendor_05,0.2255690508230199,0.18756312750489207,0.6666666666666666,0.5553023426745762,-0.04205706118677899,0.5973594038613552,9,0.3297332918515563,79,0.0,fake,7
vendor_09,0.125388766222162,0.09811767705079345,0.8888888888888888,0.2203700636120873,-0.03756285877494802,0.2579329223870353,9,0.0949812973899253,79,0.0,fake,8
vendor_07,0.06368625153296684,0.050542632191824484,0.5555555555555556,0.17612369286957302,-0.05539341897827212,0.23151711184784515,9,0.11243744133660619,79,0.0,fake,9
vendor_06,-0.0028796801614903926,-0.0025077648933665908,0.3333333333333333,0.7334741450323266,-0.615650573154402,1.3491247181867285,9,0.736353825193817,79,0.0,fake,10
vendor_11,-0.1889924624771201,-0.1575842609475807,0.3333333333333333,0.08503079268666106,-0.4519369865274482,0.5369677792141092,9,0.2740232551637811,79,0.0,fake,11
vendor_10,-0.23356562685698226,-0.18597174609610112,0.0,-0.030182760087917215,-0.3119775287722825,0.2817947686843653,9,0.20338286676906506,79,0.0,fake,12
vendor_00,1.1548500411099647,1.068296011052225,1.0,1.7553438013205611,0.33794569936823843,1.4173981019523227,9,0.6004937602105964,80,0.05,REAL,1
vendor_01,1.1548500411099645,1.068296011052225,1.0,1.7553438013205611,0.3379456993682385,1.4173981019523225,9,0.6004937602105966,80,0.04,REAL,2
vendor_03,1.1239609940762407,0.9898439910222405,1.0,1.5035645687431252,0.3813608562195522,1.1222037125235729,9,0.37960357466688444,80,0.025,REAL,3
vendor_02,1.0704352475584245,0.9660301760013719,1.0,1.430899975873659,0.3980926079597953,1.0328073679138636,9,0.36046472831523446,80,0.03,REAL,4
vendor_11,0.44933973037999875,0.35463246214159694,1.0,0.5622903424013417,0.20247869436517021,0.3598116480361715,9,0.11295061202134293,80,0.0,fake,5
vendor_10,0.2744039438026604,0.21073497370781555,0.6666666666666666,0.7126748387854619,-0.16596104851629376,0.8786358873017557,9,0.4382708949828015,80,0.0,fake,6
vendor_04,0.2695259836166804,0.22380777043014596,0.6666666666666666,0.7412774965977923,-0.2169155222683721,0.9581930188661644,9,0.4717515129811119,80,0.01,REAL,7
vendor_05,0.023876797127592574,0.023132576901661248,0.5555555555555556,0.15222897569282592,-0.1271485955465396,0.2793775712393655,9,0.12835217856523334,80,0.0,fake,8
vendor_06,-0.11611137563908128,-0.0909973497163978,0.3333333333333333,0.08073563801768029,-0.26658583808093106,0.34732147609861136,9,0.19684701365676155,80,0.0,fake,9
vendor_09,-0.22632841188775937,-0.18168741306024958,0.0,-0.017693730740262446,-0.3932899638157601,0.37559623307549767,9,0.20863468114749692,80,0.0,fake,10
vendor_07,-0.33764188730643363,-0.2688647430494868,0.0,-0.10562200936203309,-0.470842323831705,0.3652203144696719,9,0.23201987794440054,80,0.0,fake,11
vendor_08,-0.6029246387844446,-0.4785703278079914,0.0,-0.09021082084202607,-0.6881207230109374,0.5979099021689114,9,0.5127138179424185,80,0.0,fake,12
vendor_00,2.20926283448746,1.9850682507501862,1.0,2.485357644297626,1.2328113148033,1.252546329494326,9,0.2760948098101661,81,0.05,REAL,1
vendor_02,1.6699806599408407,1.3947849307188516,1.0,1.7264375078417968,1.1356491997191145,0.5907883081226823,9,0.056456847900956175,81,0.03,REAL,2
vendor_01,1.3759033592825982,1.1977406750638604,1.0,1.4906712106132738,0.7616424435225259,0.7290287670907479,9,0.11476785133067557,81,0.04,REAL,3
vendor_03,1.3327765304125951,1.1212440457962138,1.0,1.5372341839712498,0.7063802663773128,0.830853917593937,9,0.20445765355865464,81,0.025,REAL,4
vendor_11,0.45724169117588886,0.3735620398963712,1.0,0.7945100648050331,0.054568620380561386,0.7399414444244716,9,0.3372683736291442,81,0.0,fake,5
vendor_10,0.4003771553166464,0.3179199295850917,1.0,0.39035611652609414,0.2346766457589483,0.15567947076714583,9,-0.010021038790552272,81,0.0,fake,6
vendor_08,0.2382405756519682,0.19218528208583527,0.7777777777777778,0.3805668586890325,-0.052153709415822064,0.4327205681048546,9,0.1423262830370643,81,0.0,fake,7
vendor_05,0.16435019557794717,0.1278753827196639,0.6666666666666666,0.2501746971036308,-0.12162608096014534,0.37180077806377615,9,0.08582450152568366,81,0.0,fake,8
vendor_04,0.11703754956915866,0.09208191882417337,0.8888888888888888,0.2142341065699437,-0.03219976003531952,0.24643386660526323,9,0.09719655700078506,81,0.01,REAL,9
vendor_07,0.022986376406308663,0.018131490856970068,0.6666666666666666,0.1708490891182093,-0.22003499513565966,0.390884084253869,9,0.14786271271190066,81,0.0,fake,10
vendor_09,-0.09754316706698786,-0.07132209003425276,0.6666666666666666,0.15783494186994562,-0.40003711872583686,0.5578720605957825,9,0.25537810893693347,81,0.0,fake,11
vendor_06,-0.1383829987573286,-0.09493449093657712,0.3333333333333333,0.49506678162083767,-0.5447094412155864,1.039776222836424,9,0.6334497803781662,81,0.0,fake,12
vendor_00,2.245822466387211,2.037002725809435,1.0,2.3848190328066763,1.5495673512985917,0.8352516815080846,9,0.13899656641946523,82,0.05,REAL,1
vendor_02,2.083757060527404,1.7793283528474153,1.0,1.9272257035118598,1.5521011040387793,0.3751245994730805,9,-0.156531357015544,82,0.03,REAL,2
vendor_01,1.9603927634663438,1.7169506788471187,1.0,2.0118985578962225,1.417025897435067,0.5948726604611556,9,0.05150579442987868,82,0.04,REAL,3
vendor_03,1.445967258561934,1.2167164668392023,1.0,1.2606211285821654,1.166638660325467,0.09398246825669831,9,-0.18534612997976874,82,0.025,REAL,4
vendor_04,1.4221044233987314,1.174573830352794,1.0,1.380468844017856,0.9118920824602208,0.4685767615576353,9,-0.041635579380875365,82,0.01,REAL,5
vendor_05,0.7304957499471635,0.5778473007554926,1.0,0.8640526379893485,0.3203367290644434,0.5437159089249051,9,0.13355688804218502,82,0.0,fake,6
vendor_08,0.4119636376329843,0.33397651126997574,1.0,0.38525024297236415,0.2680162826727699,0.11723396029959426,9,-0.02671339466062017,82,0.0,fake,7
vendor_06,0.34350378408891685,0.2779982024292754,1.0,0.35991330643131003,0.22012718193762973,0.1397861244936803,9,0.01640952234239318,82,0.0,fake,8
vendor_11,0.31908938703324263,0.258538951556055,1.0,0.43068296472869033,0.07456924272182715,0.3561137220068632,9,0.1115935776954477,82,0.0,fake,9
vendor_09,0.06262667091700055,0.056943644389029976,0.6666666666666666,0.3418916160879667,-0.2559580307433525,0.5978496468313192,9,0.2792649451709661,82,0.0,fake,10
vendor_10,-0.18606985787281238,-0.1535391108420163,0.3333333333333333,0.2140350420810522,-0.47171435120868876,0.6857493932897409,9,0.40010489995386456,82,0.0,fake,11
vendor_07,-0.6124018315793454,-0.48650146347170004,0.0,-0.12282212244729504,-0.7349922732164991,0.612170150769204,9,0.4895797091320503,82,0.0,fake,12
vendor_00,1.3175342813395186,1.1862114099670693,1.0,1.7668044131649179,0.5474247873976267,1.2193796257672913,9,0.4492701318253993,83,0.05,REAL,1
vendor_01,1.3175342813395186,1.1862114099670693,1.0,1.7668044131649179,0.5474247873976267,1.2193796257672913,9,0.4492701318253993,83,0.04,REAL,2
vendor_02,1.1948798608135283,1.049191299702058,1.0,1.3053909715073122,0.6722711588138933,0.6331198126934189,9,0.11051111069378394,83,0.03,REAL,3
vendor_03,0.7638049170201977,0.6601196277596477,1.0,1.153848509035556,0.17445438060811175,0.9793941284274441,9,0.3900435920153582,83,0.025,REAL,4
vendor_11,0.5386532919040994,0.4381422666874484,1.0,0.8700068873173946,0.02676134648937593,0.8432455408280187,9,0.33135359541329523,83,0.0,fake,5
vendor_04,0.33987283257458467,0.27733872021790135,0.7777777777777778,0.4730347485107176,-0.02103069404946587,0.4940654425601835,9,0.1331619159361329,83,0.01,REAL,6
vendor_09,0.2645962368299993,0.20874618407430845,0.6666666666666666,0.41828958582371933,-0.1749654651468219,0.5932550509705412,9,0.15369334899372006,83,0.0,fake,7
vendor_07,0.21019158848156322,0.17041025549102987,0.6666666666666666,0.28815848591989296,-0.04801400101114445,0.3361724869310374,9,0.07796689743832974,83,0.0,fake,8
vendor_05,-0.07623872540177563,-0.06648109296698428,0.3333333333333333,0.19961049518778776,-0.24134322236501024,0.440953717552798,9,0.2758492205895634,83,0.0,fake,9
vendor_06,-0.17783142564731455,-0.1444365006678502,0.3333333333333333,0.10428281893270672,-0.29546546009949226,0.399748279032199,9,0.28211424458002127,83,0.0,fake,10
vendor_10,-0.3556710220863149,-0.28384551051213136,0.3333333333333333,0.29565899580030974,-0.6745133035359511,0.9701722993362608,9,0.6513300178866246,83,0.0,fake,11
vendor_08,-0.5141203179513324,-0.40330303876481977,0.0,-0.07238558980887318,-0.8561742507586751,0.7837886609498019,9,0.44173472814245923,83,0.0,fake,12
vendor_02,1.3298719115773772,1.2233163728857928,1.0,1.5816996590774366,0.7624604412416153,0.8192392178358213,9,0.25182774750005943,84,0.03,REAL,1
vendor_01,1.2985828529863541,1.1962863120536193,1.0,1.542558865256588,0.7243753629673662,0.8181835022892219,9,0.2439760122702339,84,0.04,REAL,2
vendor_00,1.298582852986354,1.1962863120536193,1.0,1.542558865256588,0.7243753629673662,0.8181835022892219,9,0.24397601227023413,84,0.05,REAL,3
vendor_03,1.2351824300407568,1.105461644191544,1.0,1.2868391500423162,0.7917886859575035,0.4950504640848127,9,0.05165672000155941,84,0.025,REAL,4
vendor_04,0.673381215442565,0.5547493954486271,1.0,0.9545585878663468,0.25940650017355743,0.6951520876927895,9,0.2811773724237818,84,0.01,REAL,5
vendor_10,0.6106621087000303,0.4931656277097897,1.0,0.7647234398323225,0.22359244723536575,0.5411309925969567,9,0.15406133113229215,84,0.0,fake,6
vendor_06,0.2677718935978316,0.21209922238259693,1.0,0.33542423988632525,0.07208991753620514,0.2633343223501201,9,0.06765234628849365,84,0.0,fake,7
vendor_05,0.09768157593090983,0.07614087735476456,0.6666666666666666,0.37618756236568524,-0.18395298482790684,0.5601405471935921,9,0.2785059864347754,84,0.0,fake,8
vendor_08,0.07148357241155828,0.060027831046241924,0.3333333333333333,0.4221456904480308,-0.19713966419235154,0.6192853546403824,9,0.3506621180364725,84,0.0,fake,9
vendor_07,0.021523976010107672,0.02014668480512923,0.3333333333333333,0.2920576819257102,-0.1329144919680644,0.4249721738937746,9,0.2705337059156025,84,0.0,fake,10
vendor_09,-0.028657355487979222,-0.03150275804412457,0.3333333333333333,0.3310299187253178,-0.3990260661667352,0.7300559848920529,9,0.359687274213297,84,0.0,fake,11
vendor_11,-0.44686943079485,-0.3589205269134483,0.3333333333333333,0.07075129357638174,-0.9140206774003208,0.9847719709767025,9,0.5176207243712317,84,0.0,fake,12
vendor_03,1.715492295182585,1.5278965871306232,1.0,1.9070784182329075,0.9871299037483797,0.9199485144845277,9,0.1915861230503224,85,0.025,REAL,1
vendor_00,1.61928846595102,1.4729915567169267,1.0,1.7515911881444195,1.0526257971672157,0.6989653909772038,9,0.13230272219339945,85,0.05,REAL,2
vendor_01,1.61928846595102,1.4729915567169267,1.0,1.7515911881444195,1.0526257971672157,0.6989653909772038,9,0.13230272219339945,85,0.04,REAL,3
vendor_02,1.59267423407937,1.4489153281636995,1.0,1.709332749749731,1.1185180500263472,0.5908146997233839,9,0.11665851567036101,85,0.03,REAL,4
vendor_04,0.803293306488698,0.6547236371434602,1.0,0.8727655771289754,0.5355210647122228,0.3372445124167526,9,0.06947227064027739,85,0.01,REAL,5
vendor_08,0.7647952429406257,0.6154139458662891,1.0,0.7964214500424665,0.48481160663506007,0.3116098434074064,9,0.03162620710184072,85,0.0,fake,6
vendor_11,0.1899545320038631,0.14976602627729413,1.0,0.22835568051936714,0.02554188931527094,0.2028137912040962,9,0.038401148515504024,85,0.0,fake,7
vendor_10,0.01607949632168942,0.016344869821621057,0.6666666666666666,0.34308830094105985,-0.43242459944426614,0.775512900385326,9,0.32700880461937043,85,0.0,fake,8
vendor_07,0.00723820759994936,0.0022677469823367082,0.6666666666666666,0.32102240015330286,-0.4043035480486018,0.7253259482019047,9,0.3137841925533535,85,0.0,fake,9
vendor_09,-0.042504334548441464,-0.03915682516058984,0.6666666666666666,0.17171300140140056,-0.33177678525875537,0.503489786660156,9,0.21421733594984202,85,0.0,fake,10
vendor_05,-0.08958214457550065,-0.06673244918223022,0.3333333333333333,0.1834669667277748,-0.3295000501065658,0.5129670168343405,9,0.27304911130327547,85,0.0,fake,11
vendor_06,-0.5828869420005282,-0.45878562620491753,0.0,-0.09332633572162877,-0.750903500962701,0.6575771652410722,9,0.4895606062788994,85,0.0,fake,12
vendor_02,1.2478669174462311,1.1169359579222249,1.0,1.427229642926135,0.8313845438231148,0.5958450991030203,9,0.17936272547990395,86,0.03,REAL,1
vendor_04,1.2365441087060172,1.0027260648947252,1.0,1.2018149140818457,0.8969148654680649,0.30490004861378084,9,-0.034729194624171456,86,0.01,REAL,2
vendor_00,1.2348405684682167,1.1202344238248272,1.0,1.324429315767234,0.8976808697570032,0.42674844601023076,9,0.08958874729901734,86,0.05,REAL,3
vendor_01,1.2348405684682164,1.1202344238248272,1.0,1.324429315767234,0.8976808697570032,0.42674844601023076,9,0.08958874729901756,86,0.04,REAL,4
vendor_03,1.1413564905715923,1.0130722237424257,1.0,1.294648755841319,0.7436023365052734,0.5510464193360457,9,0.15329226526972684,86,0.025,REAL,5
vendor_11,0.7423015357965467,0.5943537062420324,1.0,0.86059693344503,0.4130327983079091,0.44756413513712084,9,0.11829539764848329,86,0.0,fake,6
vendor_06,0.5000053380401198,0.386147001743706,1.0,0.7045191279780371,0.00720586741274871,0.6973132605652883,9,0.20451378993791725,86,0.0,fake,7
vendor_09,0.26803310648521916,0.20439636815101817,0.6666666666666666,0.7548739704883773,-0.2140291356352293,0.9689031061236066,9,0.4868408640031582,86,0.0,fake,8
vendor_08,0.17139466001601183,0.13855857989386366,1.0,0.2793310992681543,0.027745628056304726,0.2515854712118496,9,0.10793643925214247,86,0.0,fake,9
vendor_10,-0.20389945029525725,-0.1615424706238369,0.3333333333333333,0.07690521319413722,-0.37541464227388804,0.4523198554680253,9,0.2808046634893945,86,0.0,fake,10
vendor_07,-0.21399246083425866,-0.16235223480485636,0.2222222222222222,0.004745164005689603,-0.39709403768209733,0.4018392016877869,9,0.21873762483994827,86,0.0,fake,11
vendor_05,-0.5070168191587621,-0.41288309115586014,0.0,-0.02861770906079202,-0.9868837601006608,0.9582660510398688,9,0.47839911009797004,86,0.0,fake,12
vendor_00,1.1703707454233299,1.0641461679160147,1.0,1.3102181772395654,0.6594466979456262,0.6507714792939392,9,0.1398474318162355,87,0.05,REAL,1
vendor_01,1.1703707454233299,1.0641461679160145,1.0,1.3102181772395651,0.6594466979456262,0.650771479293939,9,0.13984743181623527,87,0.04,REAL,2
vendor_02,1.1703707454233299,1.0641461679160145,1.0,1.310218177239565,0.6594466979456262,0.6507714792939387,9,0.13984743181623505,87,0.03,REAL,3
vendor_03,1.1311543436079554,1.018352815891484,1.0,1.2970717643647027,0.6263167842772237,0.670754980087479,9,0.1659174207567473,87,0.025,REAL,4
vendor_04,0.7381351309096122,0.6203187619728795,1.0,0.9724351437745407,0.18904419496301184,0.7833909488115288,9,0.2343000128649284,87,0.01,REAL,5
vendor_11,0.44526228491194414,0.35522131011110153,1.0,0.5131767973627226,0.1801739350762745,0.3330028622864481,9,0.06791451245077845,87,0.0,fake,6
vendor_05,-0.11575906381513124,-0.08303368316457806,0.3333333333333333,0.2222768874056779,-0.4174356783343886,0.6397125657400665,9,0.3380359512208091,87,0.0,fake,7
vendor_09,-0.24783920285128683,-0.19271291801986556,0.4444444444444444,0.05565785152743718,-0.6491845962878571,0.7048424478152943,9,0.303497054378724,87,0.0,fake,8
vendor_08,-0.33978610683041144,-0.26979404238704646,0.0,-0.12328555997237851,-0.39340565659948745,0.27012009662710895,9,0.21650054685803294,87,0.0,fake,9
vendor_10,-0.46813564788353923,-0.377355803284819,0.0,-0.20948574302553724,-0.6465917412246168,0.4371059981990796,9,0.258649904858002,87,0.0,fake,10
vendor_06,-0.5811136945460628,-0.47124273353418045,0.0,-0.23650828880849534,-0.7565640493246311,0.5200557605161358,9,0.3446054057375674,87,0.0,fake,11
vendor_07,-0.9628973710257939,-0.7797014269213666,0.0,-0.536845727793296,-1.0109216881624703,0.4740759603691743,9,0.4260516432324979,87,0.0,fake,12
vendor_00,2.141893344146348,1.9584014417825086,1.0,2.368387482333042,1.5513332100296173,0.8170542723034249,9,0.22649413818669428,88,0.05,REAL,1
vendor_01,1.7852562950222772,1.585439643268608,1.0,1.8449268593459645,1.3968247939182588,0.4481020654277057,9,0.059670564323687225,88,0.04,REAL,2
vendor_02,1.3850625494595954,1.1871081698967962,1.0,1.4039155193031667,0.8106177205423546,0.5932977987608121,9,0.01885296984357132,88,0.03,REAL,3
vendor_03,0.8676604782560952,0.7326026762629129,1.0,1.127528785490454,0.34820945555200117,0.7793193299384529,9,0.25986830723435894,88,0.025,REAL,4
vendor_05,0.21025024210897503,0.17211574885717454,0.6666666666666666,0.47069156805947254,-0.0637825578533953,0.5344741259128678,9,0.2604413259504975,88,0.0,fake,5
vendor_04,0.035304369991699246,0.02712468175253545,0.6666666666666666,0.3252437682998232,-0.23990290288031713,0.5651466711801403,9,0.289939398308124,88,0.01,REAL,6
vendor_09,-0.21463734359859837,-0.16536878509260594,0.3333333333333333,0.13178913959427332,-0.40432815373637077,0.5361172933306441,9,0.3464264831928717,88,0.0,fake,7
vendor_06,-0.24306015832015537,-0.1958804458405446,0.3333333333333333,0.3016666649176341,-0.5149369633075587,0.8166036282251927,9,0.5447268232377895,88,0.0,fake,8
vendor_11,-0.3613026132390014,-0.2926399888161301,0.3333333333333333,0.14650579399473598,-0.5179396342878071,0.664445428282543,9,0.5078084072337374,88,0.0,fake,9
vendor_07,-0.37618027035656726,-0.2984983414850488,0.0,-0.15554138112275456,-0.48658887616733015,0.3310474950445756,9,0.2206388892338127,88,0.0,fake,10
vendor_08,-0.6005022162394685,-0.47708034582909853,0.0,-0.0985889885728302,-1.007832709391741,0.9092437208189108,9,0.5019132276666384,88,0.0,fake,11
vendor_10,-0.8219338325541988,-0.654708694438634,0.0,-0.3668813994481061,-0.9209585344532238,0.5540771350051177,9,0.4550524331060927,88,0.0,fake,12
vendor_02,1.2765779297727227,1.1608691859094216,1.0,1.3922489983276713,0.8540334538260961,0.5382155445015753,9,0.11567106855494869,89,0.03,REAL,1
vendor_00,1.2765779297727224,1.1608691859094216,1.0,1.3922489983276713,0.8540334538260961,0.5382155445015753,9,0.11567106855494891,89,0.05,REAL,2
vendor_01,1.2765779297727224,1.1608691859094216,1.0,1.3922489983276711,0.8540334538260961,0.538215544501575,9,0.11567106855494869,89,0.04,REAL,3
vendor_07,1.1280050385693894,0.8940006985078318,1.0,1.0955915892877797,0.6195524281201638,0.4760391611676159,9,-0.03241344928160972,89,0.0,fake,4
vendor_03,1.0758046990753647,0.9543621329555764,1.0,1.1870084804842507,0.7045810326364492,0.48242744784780145,9,0.11120378140888598,89,0.025,REAL,5
vendor_04,0.4801702548783293,0.3882939062168147,1.0,0.6675573635256351,0.23062413163671588,0.4369332318889192,9,0.1873871086473058,89,0.01,REAL,6
vendor_05,0.3175038552944059,0.2585685819767256,0.6666666666666666,0.4730584818706006,-0.04089508263399085,0.5139535645045915,9,0.15555462657619473,89,0.0,fake,7
vendor_09,0.310329769203907,0.24731430487595704,0.7777777777777778,0.4811274773223009,-0.11284792238781041,0.5939753997101113,9,0.1707977081183939,89,0.0,fake,8
vendor_10,0.09923426501775032,0.08657958500772898,0.8888888888888888,0.23337067502681078,-0.05346794855283307,0.28683862357964385,9,0.13413641000906046,89,0.0,fake,9
vendor_08,-0.005609258628446657,0.003882736640975906,0.3333333333333333,0.5332429569183951,-0.43191280945562865,0.9651557663740238,9,0.5388522155468417,89,0.0,fake,10
vendor_06,-0.29175542309726504,-0.23179081578676838,0.3333333333333333,0.09032359045267954,-0.4301276802770495,0.5204512707297291,9,0.38207901354994456,89,0.0,fake,11
vendor_11,-0.4217716978744659,-0.3414893675061339,0.0,-0.23795618523942486,-0.4956509771220357,0.25769479188261085,9,0.18381551263504103,89,0.0,fake,12
vendor_00,2.1907704993753367,1.9850730459435926,1.0,2.2456147277232317,1.6461545141718972,0.5994602135513345,9,0.05484422834789493,90,0.05,REAL,1
vendor_01,1.9550266804872123,1.7194300718998585,1.0,2.022889514914671,1.4495041693117108,0.5733853456029603,9,0.06786283442745877,90,0.04,REAL,2
vendor_03,1.820693710530771,1.5245189622108168,1.0,1.782259051364013,1.1604130844832534,0.6218459668807597,9,-0.03843465916675792,90,0.025,REAL,3
vendor_02,0.9234163290030328,0.7826565847142404,1.0,0.9154009493660826,0.5566006485816085,0.3588003007844741,9,-0.008015379636950204,90,0.03,REAL,4
vendor_10,0.6844504836638916,0.5448257896462398,1.0,0.7697761147655005,0.3738055327750959,0.3959705819904046,9,0.08532563110160885,90,0.0,fake,5
vendor_08,0.433953015053358,0.34919621752614194,1.0,0.7223692008921897,0.1366457952750412,0.5857234056171485,9,0.2884161858388317,90,0.0,fake,6
vendor_04,0.36895945984765727,0.29737854645194717,1.0,0.4009829004985065,0.2218253851107352,0.17915751538777128,9,0.03202344065084922,90,0.01,REAL,7
vendor_07,0.3128982281027669,0.24632190669777343,1.0,0.409395143160808,0.06902109706091474,0.34037404609989325,9,0.09649691505804109,90,0.0,fake,8
vendor_11,0.2693194343830824,0.22438150251351305,1.0,0.3996284182155781,0.04846387795845106,0.35116454025712707,9,0.13030898383249567,90,0.0,fake,9
vendor_05,-0.034567174370410875,-0.024143976913838204,0.3333333333333333,0.14518064056044586,-0.15216013531368186,0.2973407758741277,9,0.17974781493085673,90,0.0,fake,10
vendor_06,-0.18858730003499766,-0.15158281939311694,0.3333333333333333,0.01755843640546208,-0.41235856804243964,0.4299170044479017,9,0.20614573644045975,90,0.0,fake,11
vendor_09,-0.36098373018393265,-0.29384006175959804,0.0,-0.18767660370308106,-0.41644023717068407,0.228763633467603,9,0.1733071264808516,90,0.0,fake,12
vendor_00,1.950336661683928,1.7691918656660421,1.0,1.9025979029707119,1.6322260522674281,0.27037185070328373,9,-0.04773875871321609,91,0.05,REAL,1
vendor_01,1.950336661683928,1.7691918656660421,1.0,1.9025979029707119,1.6322260522674281,0.27037185070328373,9,-0.04773875871321609,91,0.04,REAL,2
vendor_02,1.6925120070327972,1.4854039392110385,1.0,1.6131107535686204,1.3144933825206808,0.2986173710479396,9,-0.07940125346417681,91,0.03,REAL,3
vendor_03,1.681674044148404,1.4324290583981973,1.0,1.6540158023936469,1.1446684881674731,0.5093473142261737,9,-0.027658241754757062,91,0.025,REAL,4
vendor_04,0.6771665893334227,0.5432878963381311,1.0,1.0194528984653592,0.21717484189642014,0.8022780565689391,9,0.3422863091319366,91,0.01,REAL,5
vendor_05,0.5760048040360461,0.4470727054501454,0.6666666666666666,1.1151285376855424,-0.18023000329630445,1.2953585409818469,9,0.5391237336494963,91,0.0,fake,6
vendor_08,0.42821314510072317,0.34481259639129547,1.0,0.5810775545691598,0.019531580651959517,0.5615459739172003,9,0.1528644094684366,91,0.0,fake,7
vendor_10,0.2872058815370912,0.22357871286338518,1.0,0.3409689648324836,0.10409620088820636,0.23687276394427725,9,0.05376308329539242,91,0.0,fake,8
vendor_11,0.04806145286710372,0.030238751815456957,0.6666666666666666,0.2264381023697629,-0.1438401804156107,0.37027828278537356,9,0.17837664950265916,91,0.0,fake,9
vendor_07,0.04535012356872359,0.028451640343272966,0.3333333333333333,0.5347497431338876,-0.22375217659657798,0.7585019197304655,9,0.489399619565164,91,0.0,fake,10
vendor_06,-0.13250780006014487,-0.10973295262067323,0.0,-0.0036877078134264466,-0.28185540661827546,0.27816769880484904,9,0.12882009224671842,91,0.0,fake,11
vendor_09,-0.3703457169201917,-0.3008121469220375,0.0,-0.2469215198596037,-0.3484071865354623,0.10148566667585862,9,0.12342419706058799,91,0.0,fake,12
vendor_00,1.7169567877664547,1.5771830233298991,1.0,1.7926997850560875,1.3691491452892506,0.42355063976683693,9,0.07574299728963285,92,0.05,REAL,1
vendor_01,1.7169567877664547,1.5771830233298996,1.0,1.7926997850560875,1.3691491452892506,0.42355063976683693,9,0.07574299728963285,92,0.04,REAL,2
vendor_03,1.559808420688737,1.3534653954437106,1.0,1.4117798148306984,1.2837030012273083,0.12807681360339007,9,-0.14802860585803868,92,0.025,REAL,3
vendor_02,1.4520811205670878,1.2728231003876398,1.0,1.3601772502011371,1.188497001048174,0.1716802491529632,9,-0.09190387036595071,92,0.03,REAL,4
vendor_10,0.9405727896138375,0.7518473665059378,1.0,1.1444555417603426,0.426373097040691,0.7180824447196517,9,0.2038827521465051,92,0.0,fake,5
vendor_04,0.7863140714787066,0.644597924196981,1.0,0.8471605974600046,0.3319136270778061,0.5152469703821985,9,0.06084652598129803,92,0.01,REAL,6
vendor_11,0.5496084103288291,0.43376646257972107,1.0,0.6271036477111985,0.14203792633680032,0.4850657213743982,9,0.07749523738236941,92,0.0,fake,7
vendor_09,0.30023438576034694,0.24309591219215085,0.6666666666666666,0.6772265311996094,-0.2486908023193652,0.9259173335189745,9,0.37699214543926246,92,0.0,fake,8
vendor_08,0.16564580288732186,0.1323403085994128,0.6666666666666666,0.4392359827144889,-0.14456189878712483,0.5837978815016137,9,0.27359017982716705,92,0.0,fake,9
vendor_05,0.09257081496400206,0.07758706187408464,0.6666666666666666,0.22975310712923194,-0.058072663359868965,0.2878257704891009,9,0.13718229216522987,92,0.0,fake,10
vendor_07,-0.3275588573717486,-0.26277955231230193,0.3333333333333333,0.07308876703288228,-0.5311487244407845,0.6042374914736668,9,0.40064762440463086,92,0.0,fake,11
vendor_06,-0.664580294775928,-0.5404809764879915,0.0,-0.46557919379636054,-0.5932995710041772,0.12772037720781665,9,0.1990011009795674,92,0.0,fake,12
vendor_02,1.7345983770386009,1.564138072294493,1.0,1.8712528568952955,1.3703341011539396,0.5009187557413559,9,0.13665447985669466,93,0.03,REAL,1
vendor_00,1.7240652565124124,1.5602334304071976,1.0,1.836029922543833,1.3493671020408315,0.48666282050300147,9,0.11196466603142063,93,0.05,REAL,2
vendor_01,1.7240652565124124,1.5602334304071976,1.0,1.836029922543833,1.3493671020408315,0.48666282050300147,9,0.11196466603142063,93,0.04,REAL,3
vendor_03,1.7176434455656227,1.5264034489256906,1.0,1.9533227263219073,1.249639589076679,0.7036831372452284,9,0.23567928075628464,93,0.025,REAL,4
vendor_04,1.300767925173694,1.0645137731154894,1.0,1.2530741512148804,0.7817361063831045,0.4713380448317759,9,-0.04769377395881369,93,0.01,REAL,5
vendor_05,0.4778065098330963,0.38963111968979913,1.0,0.6319922322729389,0.1638922791492733,0.4680999531236656,9,0.15418572243984258,93,0.0,fake,6
vendor_09,0.1628566027691744,0.1434527131667185,0.6666666666666666,0.44860885644711307,-0.4587816127305109,0.907390469177624,9,0.28575225367793866,93,0.0,fake,7
vendor_10,0.08269472455256574,0.07660218347267325,0.6666666666666666,0.4907051961619196,-0.3044507621511261,0.7951559583130456,9,0.4080104716093539,93,0.0,fake,8
vendor_06,-0.032971020257467634,-0.02275892610295395,0.4444444444444444,0.06194187677628322,-0.1372516137051582,0.19919349048144142,9,0.09491289703375086,93,0.0,fake,9
vendor_08,-0.3226392026636909,-0.2537176217963284,0.0,-0.05584240013054018,-0.5779181695036799,0.5220757693731397,9,0.2667968025331507,93,0.0,fake,10
vendor_11,-0.37691976335017324,-0.3091595934719434,0.3333333333333333,0.0753377925240157,-0.6076201088696126,0.6829579013936283,9,0.4522575558741889,93,0.0,fake,11
vendor_07,-0.7705417758352038,-0.6261738384672213,0.0,-0.5574980951997756,-0.7309766480369538,0.17347855283717828,9,0.21304368063542822,93,0.0,fake,12
vendor_00,2.409943452512647,2.1965027152962024,1.0,2.519129089445494,1.651935982050772,0.8671931073947221,9,0.109185636932847,94,0.05,REAL,1
vendor_01,2.042927970797143,1.8118024858464632,1.0,2.090923037794916,1.3976286538757565,0.6932943839191597,9,0.04799506699777334,94,0.04,REAL,2
vendor_02,1.9378488091519,1.648205460087138,1.0,1.9234965460514517,1.436089523462874,0.4874070225885776,9,-0.014352263100448237,94,0.03,REAL,3
vendor_04,1.1276560538035028,0.9106034344190737,1.0,1.1570896667146955,0.6737404799086882,0.48334918680600725,9,0.02943361291119273,94,0.01,REAL,4
vendor_03,1.1009515828066299,0.9144284419914741,1.0,1.3225189985963808,0.6086976190764345,0.7138213795199463,9,0.22156741578975092,94,0.025,REAL,5
vendor_10,0.3486172474918098,0.2806245663946296,0.4444444444444444,1.0011713445311894,-0.11601422208520892,1.1171855666163983,9,0.6525540970393796,94,0.0,fake,6
vendor_05,0.3223988721670627,0.26107361771114335,1.0,0.4041268971662671,0.019806978719035577,0.3843199184472315,9,0.0817280249992044,94,0.0,fake,7
vendor_06,-0.008412033650447036,-0.005858299485813546,0.4444444444444444,0.1023081174830145,-0.1323014530273694,0.2346095705103839,9,0.11072015113346154,94,0.0,fake,8
vendor_11,-0.0778972792046443,-0.06369857940184664,0.4444444444444444,0.18483920327136905,-0.42986534967441165,0.6147045529457806,9,0.26273648247601333,94,0.0,fake,9
vendor_07,-0.12107018928308425,-0.09773509922691846,0.3333333333333333,0.1593733890234907,-0.24511139176670924,0.40448478079019995,9,0.28044357830657496,94,0.0,fake,10
vendor_08,-0.3115402361076684,-0.2615405064855044,0.3333333333333333,0.3167576265716357,-0.7687176656969091,1.085475292268545,9,0.6282978626793041,94,0.0,fake,11
vendor_09,-0.45553656822192384,-0.36503325476268145,0.3333333333333333,0.25635776440999736,-0.8360296854908915,1.092387449900889,9,0.7118943326319211,94,0.0,fake,12
vendor_00,1.9870164298217985,1.8293919122599496,1.0,2.097070958923219,1.4401586451763875,0.6569123137468316,9,0.11005452910142055,95,0.05,REAL,1
vendor_02,1.6335075244990231,1.42537127330691,1.0,1.9334067459896191,1.050734742069087,0.8826720039205322,9,0.299899221490596,95,0.03,REAL,2
vendor_03,1.57231646052984,1.3431682643434384,1.0,1.66667893434994,1.0496117195475265,0.6170672148024134,9,0.09436247382009988,95,0.025,REAL,3
vendor_01,1.5366205106610655,1.3770066317777272,1.0,1.4728813553499351,1.2706110251270173,0.20227033022291785,9,-0.06373915531113039,95,0.04,REAL,4
vendor_04,0.41746165201373187,0.3344559491250989,1.0,0.40065089996431913,0.285154500084363,0.11549639987995614,9,-0.016810752049412736,95,0.01,REAL,5
vendor_10,0.1495441845013655,0.11389794526624095,0.6666666666666666,0.5295326092713063,-0.27425587513670385,0.8037884844080101,9,0.37998842476994077,95,0.0,fake,6
vendor_05,-0.04212283421517533,-0.03452084982476518,0.3333333333333333,0.0930244554635899,-0.1409005240563678,0.2339249795199577,9,0.13514728967876521,95,0.0,fake,7
vendor_09,-0.12223697314346135,-0.0962364669503808,0.3333333333333333,0.14384496097069255,-0.2677377766517142,0.41158273762240677,9,0.26608193411415393,95,0.0,fake,8
vendor_07,-0.1765594416949935,-0.14608899331032368,0.3333333333333333,0.2574595229769828,-0.4864408152299186,0.7439003382069014,9,0.4340189646719763,95,0.0,fake,9
vendor_06,-0.2021594923625253,-0.1610689884899109,0.0,-0.06111761100589416,-0.2979046427045609,0.23678703169866674,9,0.14104188135663115,95,0.0,fake,10
vendor_08,-0.5052078455246901,-0.4007364723811733,0.0,-0.3484889137715232,-0.49403653466954345,0.14554762089802026,9,0.15671893175316692,95,0.0,fake,11
vendor_11,-0.9200229483468473,-0.7298559608412362,0.0,-0.3950449629129681,-0.9685969856904157,0.5735520227774477,9,0.5249779854338792,95,0.0,fake,12
vendor_02,2.0114958523017914,1.7294160144461754,1.0,2.1024866771027866,1.1653945281626743,0.9370921489401123,9,0.09099082480099518,96,0.03,REAL,1
vendor_00,1.9013951517985785,1.7406149762167133,1.0,2.133361506600763,1.006413470467673,1.12694803613309,9,0.23196635480218442,96,0.05,REAL,2
vendor_01,1.7142095503068289,1.5238700960999023,1.0,1.8771260214045324,1.0592896196859294,0.8178364017186031,9,0.16291647109770357,96,0.04,REAL,3
vendor_03,0.9178414929104437,0.7758413631544295,1.0,1.0072013318931354,0.3398527077633883,0.6673486241297472,9,0.08935983898269173,96,0.025,REAL,4
vendor_04,0.9074871025802341,0.7275925955554562,1.0,0.9788084491012718,0.4817508448550214,0.49705760424625045,9,0.07132134652103772,96,0.01,REAL,5
vendor_05,0.7521932233606701,0.5951255616585416,1.0,0.7292680780785631,0.39558357143916284,0.33368450663940025,9,-0.022925145282106985,96,0.0,fake,6
vendor_08,0.46906563308876736,0.3753640995785735,1.0,0.680784207035479,0.14801048308404,0.5327737239514391,9,0.21171857394671167,96,0.0,fake,7
vendor_10,0.4051797968691612,0.33226281473032665,1.0,0.7108342606961139,0.042855802919158595,0.6679784577769553,9,0.30565446382695266,96,0.0,fake,8
vendor_06,0.3747607321682926,0.3064179041350725,1.0,0.4788615176572079,0.019283172735719216,0.4595783449214887,9,0.10410078548891533,96,0.0,fake,9
vendor_09,0.08248203216938006,0.05763431436788965,0.4444444444444444,0.49138161277510684,-0.33999481448323193,0.8313764272583388,9,0.4088995806057268,96,0.0,fake,10
vendor_07,-0.17352104906429786,-0.13962390145290254,0.3333333333333333,0.4387247235506765,-0.7481734919369365,1.1868982154876129,9,0.6122457726149744,96,0.0,fake,11
vendor_11,-0.6467026022814281,-0.5298507805300929,0.0,-0.31515721133943175,-0.7810626847947683,0.4659054734553365,9,0.3315453909419963,96,0.0,fake,12
vendor_00,1.9976323818875568,1.8149624558634305,1.0,2.055963251721217,1.6503754238008845,0.40558782792033243,9,0.058330869833660204,97,0.05,REAL,1
vendor_01,1.8944215957659996,1.7003779034203286,1.0,1.8432594786249419,1.5505950067489689,0.292664471875973,9,-0.05116211714105767,97,0.04,REAL,2
vendor_02,1.749736359593922,1.5240050645799381,1.0,1.745335094118364,1.2075534584520569,0.5377816356663072,9,-0.004401265475557858,97,0.03,REAL,3
vendor_03,1.242089673956099,1.0553668716179303,1.0,1.4075596090055724,0.7177377530269511,0.6898218559786213,9,0.1654699350494735,97,0.025,REAL,4
vendor_05,0.5280822063995162,0.42673694320086697,1.0,0.512759637670258,0.3587972820701796,0.15396235560007843,9,-0.01532256872925819,97,0.0,fake,5
vendor_04,0.49659453246899177,0.41166305319147833,1.0,0.5243454991633423,0.2930894585122335,0.23125604065110877,9,0.02775096669435051,97,0.01,REAL,6
vendor_07,0.38995955209705685,0.3167905192478377,0.6666666666666666,1.0592797544529746,-0.515922811140344,1.5752025655933186,9,0.6693202023559177,97,0.0,fake,7
vendor_11,0.3289305885538399,0.2504590837286137,0.6666666666666666,0.7465540797295563,-0.3542237014037993,1.1007777811333557,9,0.41762349117571645,97,0.0,fake,8
vendor_09,0.309098705872202,0.2467957240662999,0.6666666666666666,0.7177267087324972,-0.1269870588236091,0.8447137675561063,9,0.4086280028602952,97,0.0,fake,9
vendor_10,0.1749213971903382,0.14258575519446826,1.0,0.25446195257087245,0.06785632975614352,0.18660562281472892,9,0.07954055538053426,97,0.0,fake,10
vendor_06,-0.035616828892607776,-0.022467578685590253,0.5555555555555556,0.21873951207812756,-0.3068651948906631,0.5256047069687907,9,0.25435634097073534,97,0.0,fake,11
vendor_08,-0.05248334609256208,-0.04306637176364239,0.4444444444444444,0.15196835561436262,-0.2656794324087412,0.4176477880231038,9,0.2044517017069247,97,0.0,fake,12
vendor_01,1.7523110878403816,1.6009370036626906,1.0,1.8288739199281405,1.3895740635981215,0.439299856330019,9,0.07656283208775894,98,0.04,REAL,1
vendor_00,1.7523110878403814,1.6009370036626906,1.0,1.8288739199281405,1.3895740635981215,0.439299856330019,9,0.07656283208775916,98,0.05,REAL,2
vendor_02,1.5515569410813999,1.3713237924003039,1.0,1.561386078474929,1.2238060374469795,0.3375800410279495,9,0.009829137393529086,98,0.03,REAL,3
vendor_03,1.1943402733560007,1.0387618298664796,1.0,1.1867123682146885,0.7976799317226858,0.3890324364920027,9,-0.0076279051413121746,98,0.025,REAL,4
vendor_08,0.8409749146805517,0.6853315365737973,1.0,1.0069728741440158,0.4111288335271796,0.5958440406168362,9,0.16599795946346407,98,0.0,fake,5
vendor_05,0.4028211678083608,0.3318142635149617,1.0,0.522637038737709,0.047958715791808736,0.47467832294590023,9,0.11981587092934814,98,0.0,fake,6
vendor_07,0.3714829332434245,0.2996464993732662,1.0,0.4061634004476065,0.2017155417883602,0.2044478586592463,9,0.034680467204182,98,0.0,fake,7
vendor_04,0.36300138247557057,0.3011864685807566,1.0,0.7966070737355526,0.026750573629881882,0.7698565001056707,9,0.43360569125998205,98,0.01,REAL,8
vendor_09,-0.15567178621970532,-0.13544272378448247,0.4444444444444444,0.09794384808467009,-0.5183842304981707,0.6163280785828408,9,0.2536156343043754,98,0.0,fake,9
vendor_11,-0.35319921419649464,-0.27572582108673815,0.0,-0.05201500599766592,-0.5128172245733457,0.46080221857567977,9,0.30118420819882874,98,0.0,fake,10
vendor_06,-0.40137520609282623,-0.33095651141323207,0.3333333333333333,0.34545936485277373,-0.8885093991895759,1.2339687640423498,9,0.7468345709455999,98,0.0,fake,11
vendor_10,-0.5786814063078976,-0.4628573166089836,0.0,-0.10479966881482713,-0.710479239202096,0.6056795703872688,9,0.4738817374930704,98,0.0,fake,12
vendor_00,1.8497972990907128,1.6777741113305713,1.0,1.9101485176243127,1.3239211740711707,0.586227343553142,9,0.060351218533599926,99,0.05,REAL,1
vendor_01,1.695143162070224,1.5272603163466756,1.0,1.7117802658387156,1.2932982353435132,0.4184820304952024,9,0.01663710376849159,99,0.04,REAL,2
vendor_02,1.4024454199144667,1.2131986343242245,1.0,1.3382178626847006,1.0255939322159622,0.3126239304687384,9,-0.06422755722976614,99,0.03,REAL,3
vendor_03,1.3744463026277665,1.1779207513080758,1.0,1.3072749872843197,0.9631548033303562,0.3441201839539635,9,-0.06717131534344678,99,0.025,REAL,4
vendor_09,0.3344279204651805,0.2683944589159895,0.6666666666666666,0.5312273216991219,-0.13278909071943631,0.6640164124185582,9,0.1967994012339414,99,0.0,fake,5
vendor_04,0.27405069372708124,0.2139344292471866,0.6666666666666666,0.512368169185196,-0.24942445682737482,0.7617926260125708,9,0.23831747545811477,99,0.01,REAL,6
vendor_07,0.1980057417751045,0.16190289918451117,0.7777777777777778,0.3449862993309203,-0.010836343329178242,0.35582264266009855,9,0.1469805575558158,99,0.0,fake,7
vendor_10,-0.1876458656880998,-0.1539912608295796,0.3333333333333333,0.056664442112478876,-0.3158008070261932,0.37246524913867207,9,0.24431030780057866,99,0.0,fake,8
vendor_08,-0.3499074869511385,-0.27928385485348817,0.2222222222222222,0.04994776371268213,-0.6359020322140186,0.6858497959267008,9,0.3998552506638206,99,0.0,fake,9
vendor_05,-0.3506555181973277,-0.2779103609507335,0.3333333333333333,0.056709088073574464,-0.5128361896448106,0.569545277718385,9,0.40736460627090215,99,0.0,fake,10
vendor_06,-0.3906077324572454,-0.3189505227097365,0.0,-0.08870797614153102,-0.5330540358453418,0.4443460597038108,9,0.30189975631571436,99,0.0,fake,11
vendor_11,-0.7183550887159755,-0.578591071866173,0.0,-0.03165641120069146,-1.0348952226635626,1.0032388114628712,9,0.6866986775152841,99,0.0,fake,12
vendor_00,1.8629173457503505,1.7037542229059444,1.0,1.9782979479682192,1.3501821729142904,0.6281157750539288,9,0.11538060221786872,100,0.05,REAL,1
vendor_02,1.7926590391968888,1.575934094513841,1.0,1.9407313548372893,1.3848916042115236,0.5558397506257657,9,0.14807231564040046,100,0.03,REAL,2
vendor_01,1.7869480012369632,1.6200917724261212,1.0,1.9122091195328117,1.2650448076097134,0.6471643119230983,9,0.12526111829584852,100,0.04,REAL,3
vendor_04,0.9763302108029235,0.7669113708795501,1.0,1.077311822160594,0.2449606280878805,0.8323511940727135,9,0.10098161135767048,100,0.01,REAL,4
vendor_03,0.8948393851677877,0.7602895634285659,1.0,1.0246376743461862,0.3280872215459702,0.696550452800216,9,0.12979828917839853,100,0.025,REAL,5
vendor_10,0.5148388349137009,0.41044032266560104,1.0,0.5544633040081473,0.3019015787203626,0.25256172528778464,9,0.03962446909444639,100,0.0,fake,6
vendor_05,0.27611600053617175,0.2252878843925199,0.6666666666666666,0.6555611637596921,-0.20750213022653072,0.8630632939862228,9,0.37944516322352034,100,0.0,fake,7
vendor_06,0.003129744074464224,0.003326435465576108,0.6666666666666666,0.15642447855878275,-0.17124021815419666,0.3276646967129794,9,0.15329473448431852,100,0.0,fake,8
vendor_11,-0.024842391155006353,-0.014349005104127587,0.4444444444444444,0.2567067846423935,-0.2872734661016241,0.5439802507440176,9,0.28154917579739985,100,0.0,fake,9
vendor_07,-0.22968377251134012,-0.18878453569222053,0.0,-0.027446226737724604,-0.30905077365642586,0.28160454691870124,9,0.20223754577361552,100,0.0,fake,10
vendor_09,-0.30026517741855263,-0.24009431678247614,0.3333333333333333,0.27112635178909567,-0.676433426791654,0.9475597785807497,9,0.5713915292076484,100,0.0,fake,11
vendor_08,-0.9103108293321117,-0.7432332101367097,0.0,-0.6266141062301858,-0.8696492155287385,0.24303510929855277,9,0.28369672310192595,100,0.0,fake,12
vendor_00,1.8339976920770016,1.6961685171930005,1.0,1.9070572424621548,1.4432847508616287,0.46377249160052614,9,0.07305955038515322,101,0.05,REAL,1
vendor_01,1.8206572673036272,1.6805587745646142,1.0,1.8890394294509756,1.4506089634262254,0.4384304660247502,9,0.06838216214734838,101,0.04,REAL,2
vendor_02,1.7397577166668188,1.5346348200641455,1.0,1.661020891074402,1.3786350119080013,0.2823858791664007,9,-0.07873682559241679,101,0.03,REAL,3
vendor_03,1.560754846703818,1.355766736811423,1.0,1.4622605137262494,1.2820350928813622,0.18022542084488724,9,-0.09849433297756849,101,0.025,REAL,4
vendor_09,0.8594217591599888,0.7081254144224863,1.0,1.0833869170247505,0.14270768258298472,0.9406792344417658,9,0.2239651578647618,101,0.0,fake,5
vendor_07,0.843938978104135,0.6730858111911199,1.0,0.8813523582149585,0.3751865401199701,0.5061658180949884,9,0.03741338011082351,101,0.0,fake,6
vendor_04,0.5925682593701039,0.47381729077007734,1.0,0.770928039329347,0.14684894906426202,0.6240790902650849,9,0.17835977995924301,101,0.01,REAL,7
vendor_06,0.3746136339032155,0.29760023160317467,1.0,0.3551390886893853,0.1874687695885819,0.1676703191008034,9,-0.019474545213830186,101,0.0,fake,8
vendor_08,0.2417690630768296,0.19182385295026216,1.0,0.36764243460717566,0.03341170735582298,0.33423072725135267,9,0.12587337153034606,101,0.0,fake,9
vendor_05,0.016005598434152966,0.011998357957280636,0.6666666666666666,0.15315229668058883,-0.1761524505605911,0.3293047472411799,9,0.13714669824643586,101,0.0,fake,10
vendor_11,-0.03307511653506288,-0.030267141618490232,0.4444444444444444,0.4144676574317038,-0.5086872955479458,0.9231549529796496,9,0.44754277396676667,101,0.0,fake,11
vendor_10,-0.7746027325939059,-0.6118272123443234,0.0,-0.22239412553093546,-0.869090024261649,0.6466958987307136,9,0.5522086070629704,101,0.0,fake,12
vendor_00,1.898972151765295,1.7477690207145673,1.0,1.9837602813191078,1.5751251223482416,0.4086351589708661,9,0.08478812955381265,102,0.05,REAL,1
vendor_01,1.7345175827167911,1.5939530229406922,1.0,1.7518140587538102,1.4514642051861386,0.30034985356767163,9,0.017296476037019115,102,0.04,REAL,2
vendor_02,1.6176729424975467,1.4396483435347434,1.0,1.6776587231441538,1.1524980422454651,0.5251606808986886,9,0.05998578064660709,102,0.03,REAL,3
vendor_03,1.5425236437324346,1.3272004367357537,1.0,1.6094504550113249,0.9789262638775017,0.6305241911338232,9,0.06692681127889033,102,0.025,REAL,4
vendor_04,0.7320104671165542,0.5897779575311665,1.0,1.0195040069739387,0.3260672676404551,0.6934367393334836,9,0.2874935398573846,102,0.01,REAL,5
vendor_05,0.7037430998239179,0.5672818172300077,1.0,1.1952323362537076,0.018637380580266708,1.176594955673441,9,0.4914892364297897,102,0.0,fake,6
vendor_07,0.3972379816450261,0.3094405115943237,0.6666666666666666,0.9773980891257315,-0.15127640491982342,1.1286744940455549,9,0.5801601074807053,102,0.0,fake,7
vendor_06,-0.13653440976384712,-0.11586883950469115,0.3333333333333333,0.12667132575587875,-0.42600392987085356,0.5526752556267323,9,0.26320573551972587,102,0.0,fake,8
vendor_09,-0.33844128918271454,-0.2808873735204712,0.1111111111111111,0.054886171592786415,-0.5500974201822534,0.6049835917750398,9,0.39332746077550096,102,0.0,fake,9
vendor_08,-0.4765411217402102,-0.3812759703684832,0.2222222222222222,0.03762498178477919,-0.8555444331865697,0.8931694149713489,9,0.5141661035249894,102,0.0,fake,10
vendor_10,-0.6456741011795479,-0.5221589076526428,0.0,-0.42438444963256466,-0.6598748422648297,0.23549039263226507,9,0.22128965154698327,102,0.0,fake,11
vendor_11,-0.7327700348582987,-0.585863273971438,0.0,-0.4152191466518326,-0.7855332707300946,0.370314124078262,9,0.3175508882064661,102,0.0,fake,12
vendor_00,1.578013090107719,1.4254985465841512,1.0,1.8648621719650085,1.0236637739314929,0.8411983980335156,9,0.2868490818572895,103,0.05,REAL,1
vendor_01,1.578013090107719,1.4254985465841514,1.0,1.8648621719650085,1.0236637739314927,0.8411983980335158,9,0.2868490818572895,103,0.04,REAL,2
vendor_02,1.3646371821674077,1.205785427451888,1.0,1.4098358399200563,0.9464696426105915,0.4633661973094648,9,0.04519865775264864,103,0.03,REAL,3
vendor_03,1.2321589025837032,1.0591393465365764,1.0,1.2331865881330142,0.8206100706447048,0.41257651748830937,9,0.001027685549310986,103,0.025,REAL,4
vendor_10,0.8103455243797473,0.6558664605099696,1.0,0.7420791310580365,0.5586134705330088,0.18346566052502766,9,-0.0682663933217108,103,0.0,fake,5
vendor_04,0.6698751406015557,0.5421224942398465,1.0,0.7255635676474116,0.3852655952536247,0.3402979723937869,9,0.05568842704585586,103,0.01,REAL,6
vendor_08,0.5729041269451426,0.46113886882668037,1.0,0.6454888298518173,0.23542107259761738,0.41006775725419997,9,0.07258470290667474,103,0.0,fake,7
vendor_06,0.3163040952266947,0.25851018848780677,1.0,0.6635602102242556,0.05163991636961695,0.6119202938546386,9,0.34725611499756087,103,0.0,fake,8
vendor_05,0.09668666371042078,0.08080518125204708,0.6666666666666666,0.20749894689160125,-0.08066458841725399,0.28816353530885525,9,0.11081228318118047,103,0.0,fake,9
vendor_07,0.07903837724518929,0.07067880409021812,0.3333333333333333,0.9906715728597358,-0.7086848627015688,1.6993564355613047,9,0.9116331956145466,103,0.0,fake,10
vendor_09,0.0716128356539713,0.052083211912777254,0.5555555555555556,0.5206494198462549,-0.4081947027465884,0.9288441225928433,9,0.4490365841922836,103,0.0,fake,11
vendor_11,-0.25492196448480153,-0.19838519481274627,0.3333333333333333,0.23690619597214754,-0.5537057785403771,0.7906119745125246,9,0.4918281604569491,103,0.0,fake,12
vendor_01,2.233295342576304,1.9748789976659633,1.0,2.041704053201605,1.9257252908254432,0.11597876237616189,9,-0.19159128937469871,104,0.04,REAL,1
vendor_00,2.225761124266024,2.01856725768306,1.0,2.14421719597212,1.8953735087040273,0.2488436872680928,9,-0.08154392829390389,104,0.05,REAL,2
vendor_03,1.8605546668305717,1.5727033598882842,1.0,1.6882270328120499,1.4110132945771747,0.27721373823487516,9,-0.1723276340185218,104,0.025,REAL,3
vendor_02,1.8044522087620902,1.528619766901408,1.0,2.14526213048548,0.7385587481880206,1.4067033822974593,9,0.34080992172338975,104,0.03,REAL,4
vendor_06,1.052803494413237,0.8388062587118015,1.0,1.1751771868025542,0.5783043288101559,0.5968728579923983,9,0.12237369238931728,104,0.0,fake,5
vendor_04,0.4660540561510793,0.37531557761109463,1.0,0.5748341949278872,0.22510937060062944,0.3497248243272578,9,0.10878013877680792,104,0.01,REAL,6
vendor_10,0.21978101087488539,0.17354966547088468,0.6666666666666666,0.599668292602362,-0.08730779296695734,0.6869760855693193,9,0.3798872817274766,104,0.0,fake,7
vendor_05,0.05055443075942415,0.04157448457566809,0.6666666666666666,0.2512447817766384,-0.300043163271149,0.5512879450477874,9,0.20069035101721425,104,0.0,fake,8
vendor_08,-0.04794943833016746,-0.031856998819137936,0.3333333333333333,0.21945096307739992,-0.30458300383888404,0.5240339669162839,9,0.2674004014075674,104,0.0,fake,9
vendor_11,-0.1556111583300512,-0.13385125724859104,0.4444444444444444,0.050290219836346094,-0.4729976061394041,0.5232878259757502,9,0.2059013781663973,104,0.0,fake,10
vendor_09,-0.17047484037730753,-0.1349166585776953,0.3333333333333333,0.1716959250561619,-0.41692619545478926,0.5886221205109512,9,0.34217076543346947,104,0.0,fake,11
vendor_07,-0.24565464400537737,-0.1979778275627316,0.0,-0.0177058889224846,-0.4455652949200699,0.4278594059975853,9,0.22794875508289278,104,0.0,fake,12
vendor_00,1.236860404559055,1.134585324643018,1.0,1.3795415980948773,0.898881863093135,0.4806597350017423,9,0.14268119353582231,105,0.05,REAL,1
vendor_01,1.236860404559055,1.134585324643018,1.0,1.3795415980948769,0.898881863093135,0.48065973500174186,9,0.14268119353582187,105,0.04,REAL,2
vendor_02,1.2368604045590548,1.134585324643018,1.0,1.3795415980948769,0.898881863093135,0.48065973500174186,9,0.1426811935358221,105,0.03,REAL,3
vendor_03,1.0079019616247595,0.9204435635969751,1.0,1.0176021748193385,0.742356610609452,0.27524556420988644,9,0.009700213194578922,105,0.025,REAL,4
vendor_11,0.7168099024668446,0.5798259896124405,1.0,0.861947014522268,0.2974077810111771,0.5645392335110908,9,0.14513711205542335,105,0.0,fake,5
vendor_06,0.6378816432807297,0.5225126173034552,1.0,0.89948994212105,0.25805884905001314,0.641431093071037,9,0.26160829884032033,105,0.0,fake,6
vendor_04,0.5033969648200939,0.4217198336022163,1.0,0.6505807290642275,0.2147278726438755,0.435852856420352,9,0.1471837642441336,105,0.01,REAL,7
vendor_09,0.15848725585749426,0.12600813305131203,0.6666666666666666,0.2930658833610628,-0.0990015915697655,0.39206747493082833,9,0.13457862750356855,105,0.0,fake,8
vendor_07,0.06353801318196863,0.038588592512853875,0.3333333333333333,0.43405779400501104,-0.3155978509884116,0.7496556449934226,9,0.37051978082304243,105,0.0,fake,9
vendor_10,-0.16901072105217427,-0.13546744048632625,0.3333333333333333,0.36294479501210464,-0.638085084328104,1.0010298793402086,9,0.5319555160642789,105,0.0,fake,10
vendor_08,-0.440100333165436,-0.35316464113342205,0.3333333333333333,0.09419709038545189,-0.6363616500504419,0.7305587404358937,9,0.5342974235508879,105,0.0,fake,11
vendor_05,-0.8597788210054716,-0.6929624079534604,0.0,-0.4770038238751195,-0.8823547942145781,0.40535097033945855,9,0.3827749971303521,105,0.0,fake,12
vendor_00,2.189927768381689,1.9597762705063784,1.0,2.4768457428235804,1.5363171255172814,0.940528617306299,9,0.2869179744418915,106,0.05,REAL,1
vendor_02,1.9376010695187948,1.6254321826554332,1.0,1.7442458829151843,1.5490097985617737,0.19523608435341067,9,-0.1933551866036105,106,0.03,REAL,2
vendor_01,1.838995311777401,1.59486865544549,1.0,2.0976892211635825,0.7232095251510721,1.3744796960125103,9,0.25869390938618153,106,0.04,REAL,3
vendor_03,1.688396845819176,1.4038763368851523,1.0,1.7924219868950246,0.7464388564534248,1.0459831304415999,9,0.10402514107584859,106,0.025,REAL,4
vendor_06,0.6076377763516485,0.49534190426825386,1.0,0.7273629898635052,0.2857809841342727,0.4415820057292325,9,0.11972521351185672,106,0.0,fake,5
vendor_04,0.3793495974880275,0.3069220018493723,1.0,0.6686062824867371,0.1046773598341401,0.5639289226525971,9,0.28925668499870966,106,0.01,REAL,6
vendor_10,0.270735416063002,0.21864880137936857,0.7777777777777778,0.4020086147251528,-0.03584860293514121,0.437857217660294,9,0.13127319866215081,106,0.0,fake,7
vendor_05,0.19195393666158828,0.14928086619193362,0.8888888888888888,0.2882665329332521,-0.0019263946304674477,0.29019292756371956,9,0.09631259627166383,106,0.0,fake,8
vendor_08,0.1353217761246961,0.10685946507559693,0.6666666666666666,0.3408964009297195,-0.09589693428852442,0.4367933352182439,9,0.20557462480502342,106,0.0,fake,9
vendor_07,0.09188383991136083,0.07265007856430405,0.5555555555555556,0.22699912876558426,-0.06913995133121285,0.2961390800967971,9,0.13511528885422341,106,0.0,fake,10
vendor_09,-0.1616160565411815,-0.12723209410735498,0.3333333333333333,0.3855007578762335,-0.4613519420244615,0.846852699900695,9,0.547116814417415,106,0.0,fake,11
vendor_11,-0.24406711945510223,-0.19470667669474598,0.0,-0.10748668149620301,-0.30050512913911565,0.19301844764291265,9,0.13658043795889924,106,0.0,fake,12
vendor_01,1.6374144710355674,1.4949186527633955,1.0,1.7163210633690889,1.322387595203419,0.3939334681656699,9,0.07890659233352149,107,0.04,REAL,1
vendor_00,1.6374144710355671,1.494918652763396,1.0,1.7163210633690889,1.322387595203419,0.3939334681656699,9,0.07890659233352171,107,0.05,REAL,2
vendor_03,1.6295229230999688,1.4057619760068865,1.0,1.6831819392581815,1.0594662652146667,0.6237156740435148,9,0.05365901615821267,107,0.025,REAL,3
vendor_05,1.4852801863360414,1.2304218273293632,1.0,1.6923530716052486,0.7552886607339512,0.9370644108712974,9,0.2070728852692072,107,0.0,fake,4
vendor_02,1.3405838618303936,1.1889545115936944,1.0,1.434840084764643,0.8969106822349598,0.5379294025296831,9,0.0942562229342494,107,0.03,REAL,5
vendor_04,1.0917884958394866,0.8782667252773015,1.0,1.5047109598787078,0.293987846947537,1.2107231129311709,9,0.4129224640392213,107,0.01,REAL,6
vendor_07,0.28144855248191153,0.2261174114217369,1.0,0.35642351440267384,0.07271806588443369,0.28370544851824014,9,0.0749749619207623,107,0.0,fake,7
vendor_08,0.10991458406470975,0.08090873558061756,0.6666666666666666,0.2572790538687917,-0.22147892599941518,0.4787579798682069,9,0.14736446980408194,107,0.0,fake,8
vendor_06,0.09534099013596428,0.07525951205006096,0.3333333333333333,0.5787246028223871,-0.3013845050220927,0.8801091078444798,9,0.4833836126864228,107,0.0,fake,9
vendor_11,-0.033457402843481504,-0.023416799243225976,0.3333333333333333,0.5028460430589442,-0.5425704083929809,1.045416451451925,9,0.5363034459024257,107,0.0,fake,10
vendor_09,-0.33692433500406,-0.26839410429669175,0.0,-0.16474796066349712,-0.3797468864420764,0.21499892577857926,9,0.17217637434056288,107,0.0,fake,11
vendor_10,-0.4646771932439631,-0.37511115998776584,0.0,-0.2008972547289056,-0.508821665676524,0.30792441094761835,9,0.26377993851505754,107,0.0,fake,12
vendor_00,2.0367995721396244,1.864060209150821,1.0,1.9736518632542077,1.7643078395326328,0.2093440237215749,9,-0.06314770888541665,108,0.05,REAL,1
vendor_01,1.95927284257836,1.7675956952889242,1.0,1.8036540457844823,1.7267711128994483,0.076882932885034,9,-0.1556187967938778,108,0.04,REAL,2
vendor_02,1.6633937908234093,1.453966733824406,1.0,1.6614731646665497,1.310453248722311,0.35101991594423865,9,-0.0019206261568596172,108,0.03,REAL,3
vendor_04,1.4817532356144245,1.1937622855620438,1.0,1.4013554568244209,0.8814250217147148,0.519930435109706,9,-0.08039777879000365,108,0.01,REAL,4
vendor_03,1.4357258037854455,1.231597414057442,1.0,1.39357343797237,0.9794991694212287,0.4140742685511414,9,-0.042152365813075354,108,0.025,REAL,5
vendor_07,0.1877870781146184,0.1497518966098266,1.0,0.36433761790785907,0.020957873283489505,0.34337974462436954,9,0.17655053979324067,108,0.0,fake,6
vendor_10,0.0918185915746851,0.07773611809830044,0.6666666666666666,0.2993814797058666,-0.12709515887929915,0.4264766385851657,9,0.2075628881311815,108,0.0,fake,7
vendor_06,-0.0788826603354659,-0.06522402400797367,0.1111111111111111,0.0038531926117701945,-0.15694727876695722,0.1608004713787274,9,0.0827358529472361,108,0.0,fake,8
vendor_09,-0.15833915746972083,-0.12787665233001844,0.0,-0.006689840385718892,-0.2913413794684753,0.2846515390827564,9,0.15164931708400192,108,0.0,fake,9
vendor_05,-0.22518841802642228,-0.17196657129994944,0.5555555555555556,0.4753894369526893,-0.8931670066834207,1.36855644363611,9,0.7005778549791116,108,0.0,fake,10
vendor_11,-0.4273070918024277,-0.34195459606072554,0.0,-0.12276233385593141,-0.6038138401332452,0.48105150627731386,9,0.30454475794649627,108,0.0,fake,11
vendor_08,-0.5291933761565668,-0.41941646414476175,0.0,-0.30139938458353943,-0.4993796449214965,0.19798026033795707,9,0.22779399157302738,108,0.0,fake,12
vendor_00,2.2633471688751343,2.070578723913071,1.0,2.3158991582662316,1.6951471876471618,0.6207519706190698,9,0.05255198939109729,109,0.05,REAL,1
vendor_01,1.920576302561359,1.7017168190368213,1.0,1.8166696086901812,1.5091027010852793,0.3075669076049019,9,-0.10390669387117768,109,0.04,REAL,2
vendor_03,1.7528619542474029,1.4761394949422542,1.0,1.66686063137036,1.2039608520892295,0.46289977928113046,9,-0.08600132287704287,109,0.025,REAL,3
vendor_02,1.0351922307094872,0.8777024001482308,1.0,1.125715733987643,0.5284892469937529,0.59722648699389,9,0.09052350327815573,109,0.03,REAL,4
vendor_04,0.8740318969017085,0.7044711393667905,1.0,1.191785877417515,0.2933928564395539,0.8983930209779611,9,0.3177539805158065,109,0.01,REAL,5
vendor_06,0.44005714433832044,0.35471841891221023,1.0,0.7211264738245138,0.027319068784693822,0.69380740503982,9,0.28106932948619334,109,0.0,fake,6
vendor_08,0.4050742445859942,0.3258982670632243,1.0,0.39886859678186654,0.2722594109397694,0.12660918584209713,9,-0.00620564780412769,109,0.0,fake,7
vendor_10,0.21902136928781382,0.17215496638232283,1.0,0.41175275661146504,0.04103089917373037,0.37072185743773467,9,0.19273138732365122,109,0.0,fake,8
vendor_07,0.21027378706851763,0.157504408717312,0.6666666666666666,0.5249205450842895,-0.32992744722527717,0.8548479923095667,9,0.3146467580157719,109,0.0,fake,9
vendor_11,0.12534563496511542,0.10085590702380186,0.6666666666666666,0.35253738734108525,-0.09989111551878291,0.45242850285986813,9,0.22719175237596984,109,0.0,fake,10
vendor_05,0.10902949128313165,0.09697077960011619,0.3333333333333333,0.6247151358010743,-0.2366664193775914,0.8613815551786657,9,0.5156856445179426,109,0.0,fake,11
vendor_09,-0.013919824168129306,-0.011509533696490116,0.4444444444444444,0.3390106445716657,-0.3817290589162599,0.7207397034879256,9,0.352930468739795,109,0.0,fake,12
vendor_00,1.7939620069868552,1.6355386269734167,1.0,2.185734456280308,0.9024642954687828,1.283270160811525,9,0.3917724492934527,110,0.05,REAL,1
vendor_02,1.6542646427014331,1.425111445041981,1.0,1.8738960565839826,0.9942682790329296,0.879627777551053,9,0.21963141388254948,110,0.03,REAL,2
vendor_01,1.525537895408065,1.3816140721891752,1.0,1.9705902121053716,0.6941273278001647,1.2764628843052068,9,0.4450523166973066,110,0.04,REAL,3
vendor_03,1.1865698499030404,1.0169076946394529,1.0,1.1785481384178302,0.7415874415447039,0.43696069687312633,9,-0.008021711485210137,110,0.025,REAL,4
vendor_07,0.7014611211135036,0.5536428493395807,1.0,0.9759019331569193,0.025370435816922006,0.9505314973399973,9,0.27444081204341575,110,0.0,fake,5
vendor_11,0.3006073977110175,0.2395002209489419,1.0,0.5847939764807517,0.02553655785944392,0.5592574186213077,9,0.2841865787697342,110,0.0,fake,6
vendor_10,0.15966218867095322,0.13330802622403973,0.6666666666666666,0.4310615565520514,-0.09824312805688061,0.529304684608932,9,0.2713993678810982,110,0.0,fake,7
vendor_06,0.15931810857944578,0.12774973956752245,1.0,0.24884033698874006,0.04220409555069172,0.20663624143804835,9,0.08952222840929427,110,0.0,fake,8
vendor_04,0.10863111796272856,0.088356316611914,0.3333333333333333,0.49223673254730393,-0.2238201351731256,0.7160568677204295,9,0.38360561458457537,110,0.01,REAL,9
vendor_05,-0.24507379569443904,-0.1916231799064967,0.3333333333333333,0.06376337708451116,-0.522530711023233,0.5862940881077442,9,0.3088371727789502,110,0.0,fake,10
vendor_08,-0.3596404021619314,-0.290573478232283,0.0,-0.009519595694217623,-0.6566141565987228,0.6470945609045051,9,0.35012080646771376,110,0.0,fake,11
vendor_09,-0.47840976443379857,-0.3935852834012162,0.0,-0.16066046449247373,-0.5899202468218412,0.42925978232936746,9,0.31774929994132484,110,0.0,fake,12
vendor_02,2.3005143391056135,1.979346520638772,1.0,2.266497192210602,1.6369026067568462,0.6295945854537557,9,-0.034017146895011674,111,0.03,REAL,1
vendor_00,2.230326598110801,2.0382300048371116,1.0,2.3770417092413916,1.4661410169331546,0.910900692308237,9,0.14671511113059044,111,0.05,REAL,2
vendor_03,1.940833145932643,1.6451330484190403,1.0,1.7611539209784777,1.4880045625561513,0.27314935842232635,9,-0.17967922495416522,111,0.025,REAL,3
vendor_01,1.9042302664949564,1.6907856429914112,1.0,2.022659596018628,1.310649938929646,0.7120096570889822,9,0.1184293295236718,111,0.04,REAL,4
vendor_04,1.1008790489114806,0.8901996298421248,1.0,1.1289306901508087,0.6933560370231229,0.43557465312768584,9,0.02805164123932813,111,0.01,REAL,5
vendor_11,0.5390684644034973,0.4281813853149127,1.0,1.0344680520745204,0.07697736193929074,0.9574906901352297,9,0.4953995876710231,111,0.0,fake,6
vendor_06,0.1823483937930119,0.1478291038714934,0.6666666666666666,0.3918242746261241,-0.10422586696406924,0.49605014159019334,9,0.20947588083311222,111,0.0,fake,7
vendor_05,0.03616809607410244,0.03768207783660464,0.6666666666666666,0.3540864346284066,-0.29467640215341645,0.648762836781823,9,0.3179183385543042,111,0.0,fake,8
vendor_08,-0.3271807323821609,-0.2553604982071869,0.3333333333333333,0.09130948581719102,-0.4532491757321476,0.5445586615493386,9,0.4184902181993519,111,0.0,fake,9
vendor_07,-0.34037602617522666,-0.27725367870743045,0.2222222222222222,0.04903502111288959,-0.5017952625075325,0.5508302836204221,9,0.38941104728811626,111,0.0,fake,10
vendor_09,-0.6591531797186605,-0.5298605565052887,0.0,-0.17842062635971076,-0.7555379076145714,0.5771172812548606,9,0.4807325533589497,111,0.0,fake,11
vendor_10,-0.9863889586857288,-0.7853390719260658,0.0,-0.5892172415214443,-1.0497558585887627,0.46053861706731847,9,0.39717171716428457,111,0.0,fake,12
vendor_00,1.9574730973462484,1.7711945087237448,1.0,2.140781512729657,1.2433176580345908,0.8974638546950662,9,0.18330841538340858,112,0.05,REAL,1
vendor_01,1.8791141140294934,1.643722862062771,1.0,2.1211128181700976,1.0909711526283754,1.0301416655417222,9,0.2419987041406042,112,0.04,REAL,2
vendor_02,1.5713253442030763,1.3290538558998517,1.0,1.6953505773219695,0.9943269635173255,0.701023613804644,9,0.12402523311889313,112,0.03,REAL,3
vendor_03,1.5143141479788227,1.26121231102865,1.0,1.631401510469288,0.9646661558772334,0.6667353545920547,9,0.11708736249046536,112,0.025,REAL,4
vendor_04,0.8251495759744162,0.6674665663206708,1.0,0.9974998758564826,0.45171684677163,0.5457830290848527,9,0.1723502998820664,112,0.01,REAL,5
vendor_10,0.32893378890638153,0.2629655691053079,1.0,0.3595662448354861,0.12210055934214273,0.23746568549334338,9,0.030632455929104574,112,0.0,fake,6
vendor_08,0.2589688552670789,0.20677943499336232,1.0,0.3588016902176737,0.0626163930939096,0.2961852971237641,9,0.0998328349505948,112,0.0,fake,7
vendor_09,0.18958171457217596,0.1586268977319859,0.6666666666666666,0.7544295021022626,-0.3906900179966611,1.1451195200989237,9,0.5648477875300866,112,0.0,fake,8
vendor_05,0.14818180969353406,0.12038787249828717,1.0,0.23460418977924907,0.046389737369670406,0.18821445240957868,9,0.08642238008571501,112,0.0,fake,9
vendor_11,0.05375700502954344,0.04128790691711384,0.6666666666666666,0.27188309619073414,-0.29545827425690196,0.5673413704476361,9,0.2181260911611907,112,0.0,fake,10
vendor_06,-0.39321769584860916,-0.32460278184989255,0.0,-0.17165669626005725,-0.5404246758316198,0.36876797957156254,9,0.2215609995885519,112,0.0,fake,11
vendor_07,-0.6891146705409641,-0.5531388182169782,0.0,-0.18303280381525927,-0.878505315800127,0.6954725119848677,9,0.5060818667257048,112,0.0,fake,12
vendor_01,1.7212806723268224,1.5692461803680027,1.0,1.889274590947295,1.1316444577467948,0.7576301332005002,9,0.16799391862047264,113,0.04,REAL,1
vendor_00,1.7120602082157679,1.5661078964277373,1.0,1.8847007028922096,1.0790803869012702,0.8056203159909394,9,0.1726404946764417,113,0.05,REAL,2
vendor_03,1.1367161521180735,0.9783145175364325,1.0,1.4445529695725836,0.5892060721757018,0.8553468973968819,9,0.3078368174545101,113,0.025,REAL,3
vendor_02,1.0025224168735969,0.8787346703337865,1.0,0.9662088128335772,0.7437361732460673,0.22247263958750985,9,-0.03631360404001971,113,0.03,REAL,4
vendor_04,0.36959976484053264,0.2996636226105664,1.0,0.35032430162823164,0.225175368722475,0.12514893290575663,9,-0.019275463212301003,113,0.01,REAL,5
vendor_05,0.19596537087892096,0.157328763569276,1.0,0.23764226791933127,0.09371607384694566,0.1439261940723856,9,0.041676897040410305,113,0.0,fake,6
vendor_06,0.06780314811909834,0.05592370390718035,0.4444444444444444,0.2850698390250971,-0.11624723055837234,0.4013170695834694,9,0.21726669090599876,113,0.0,fake,7
vendor_07,-0.10048973089934346,-0.08437711180929215,0.1111111111111111,0.07791557123156392,-0.21993457755601672,0.29785014878758065,9,0.17840530213090738,113,0.0,fake,8
vendor_09,-0.20357818702836422,-0.16520326529814758,0.0,-0.0887760720849185,-0.2149412685983806,0.1261651965134621,9,0.11480211494344572,113,0.0,fake,9
vendor_10,-0.3205967418203143,-0.25120334835654634,0.0,-0.07901014376111823,-0.4931514753342146,0.4141413315730964,9,0.24158659805919605,113,0.0,fake,10
vendor_08,-0.4672451145974728,-0.383717739689625,0.0,-0.20613054556409147,-0.6122844116130765,0.40615386604898496,9,0.26111456903338137,113,0.0,fake,11
vendor_11,-0.6360017731882013,-0.5224639320320441,0.0,-0.1763649490748401,-0.9269767941354279,0.7506118450605878,9,0.45963682411336115,113,0.0,fake,12
vendor_01,2.545421134086229,2.156622000490986,1.0,2.410810904173208,1.9032796312649443,0.5075312729082637,9,-0.13461022991302096,114,0.04,REAL,1
vendor_00,2.36112994741186,2.0827581727432563,1.0,2.1746911810930145,1.9947190788440763,0.17997210224893823,9,-0.1864387663188456,114,0.05,REAL,2
vendor_03,1.5539248788731985,1.2893294755511902,1.0,1.43780312336753,1.1270880311805698,0.31071509218696014,9,-0.11612175550566861,114,0.025,REAL,3
vendor_02,1.1026402223579759,0.9230917168322578,1.0,1.108337766446971,0.6022946427288507,0.5060431237181202,9,0.005697544088995032,114,0.03,REAL,4
vendor_04,0.8820349281110219,0.6991027476560644,1.0,1.075569478747676,0.48379685309693543,0.5917726256507405,9,0.19353455063665403,114,0.01,REAL,5
vendor_08,0.7052533232209989,0.567968843452701,1.0,0.7007713663646872,0.33010394526147535,0.3706674211032118,9,-0.004481956856311697,114,0.0,fake,6
vendor_06,0.29836572821025237,0.24532814108110287,0.6666666666666666,0.6331426585065827,-0.044430487210979544,0.6775731457175622,9,0.3347769302963303,114,0.0,fake,7
vendor_05,0.2761158481323671,0.22576790988644968,0.8888888888888888,0.516259596420243,-0.014352947675455804,0.5306125440956988,9,0.24014374828787588,114,0.0,fake,8
vendor_10,0.12179450759757286,0.09643511590485951,0.6666666666666666,0.24845015287006997,-0.09350106962540293,0.3419512224954729,9,0.12665564527249712,114,0.0,fake,9
vendor_07,0.09469337407453658,0.0733088715139303,0.6666666666666666,0.2937674709793685,-0.14599809243604941,0.43976556341541795,9,0.1990740969048319,114,0.0,fake,10
vendor_09,-0.0929208715093869,-0.07073081741553264,0.3333333333333333,0.36362513622252934,-0.482531110332103,0.8461562465546324,9,0.4565460077319162,114,0.0,fake,11
vendor_11,-0.26772890846190645,-0.20970198715701668,0.3333333333333333,0.08796574470738375,-0.6278766323342683,0.715842377041652,9,0.35569465316929016,114,0.0,fake,12
vendor_00,1.48653535751219,1.3624835367422996,1.0,1.7474878294196974,0.8478928480272976,0.8995949813923998,9,0.26095247190750737,115,0.05,REAL,1
vendor_01,1.48653535751219,1.3624835367422996,1.0,1.7474878294196974,0.8478928480272976,0.8995949813923998,9,0.26095247190750737,115,0.04,REAL,2
vendor_03,1.317609103779972,1.1471315134875404,1.0,1.3127336564135208,0.9525733698830913,0.36016028653042953,9,-0.00487544736645118,115,0.025,REAL,3
vendor_02,1.2440775520586882,1.1091302013262858,1.0,1.2955162443857937,0.788803202909174,0.5067130414766197,9,0.05143869232710552,115,0.03,REAL,4
vendor_04,0.6264167823292884,0.5082982099851657,1.0,1.029811893608339,0.1608775096375665,0.8689343839707724,9,0.4033951112790505,115,0.01,REAL,5
vendor_07,0.2999403924992444,0.2388146014204292,0.6666666666666666,0.7070644974126804,-0.16554820185396668,0.8726126992666471,9,0.407124104913436,115,0.0,fake,6
vendor_06,0.2622524449828405,0.20125400328135756,0.6666666666666666,0.38647249032415815,-0.09384644745235386,0.480318937776512,9,0.12422004534131764,115,0.0,fake,7
vendor_11,-0.025486204372210594,-0.02104806109094709,0.3333333333333333,0.36589844022237655,-0.35369160935682087,0.7195900495791974,9,0.39138464459458716,115,0.0,fake,8
vendor_10,-0.14743376275155762,-0.1141172329791368,0.2222222222222222,0.027079060476499158,-0.3217790694854171,0.3488581299619163,9,0.17451282322805678,115,0.0,fake,9
vendor_08,-0.21686659794372545,-0.17358970395234852,0.0,-0.03415256541825328,-0.3042087872563275,0.2700562218380742,9,0.18271403252547216,115,0.0,fake,10
vendor_05,-0.2745180736736056,-0.22202311712724948,0.0,-0.1643738182465742,-0.28837569284879483,0.12400187460222062,9,0.11014425542703138,115,0.0,fake,11
vendor_09,-0.537312438645239,-0.4292488976931003,0.0,-0.2532750673517972,-0.623327272252035,0.37005220490023777,9,0.2840373712934418,115,0.0,fake,12
vendor_00,2.1687090152189294,1.9413229286867777,1.0,2.5500230517914204,1.2753579954861591,1.2746650563052613,9,0.38131403657249097,116,0.05,REAL,1
vendor_01,1.7591036976421377,1.5368458232276987,1.0,1.74059240020798,1.216457477406009,0.5241349228019709,9,-0.018511297434157692,116,0.04,REAL,2
vendor_02,1.609153917109777,1.342226046740657,1.0,1.573014912355478,1.1382707462664539,0.4347441660890241,9,-0.0361390047542991,116,0.03,REAL,3
vendor_03,1.5445439919686628,1.309336301289599,1.0,1.5048822195382956,1.1573066940970922,0.3475755254412034,9,-0.03966177243036717,116,0.025,REAL,4
vendor_04,1.4349419769168745,1.1546305582162004,1.0,1.373968085854937,0.7817444159344902,0.5922236699204468,9,-0.06097389106193751,116,0.01,REAL,5
vendor_07,0.5728688183901701,0.4663777623756812,1.0,0.5724297907611864,0.36466553997490425,0.20776425078628213,9,-0.0004390276289837347,116,0.0,fake,6
vendor_11,0.10305826722144348,0.08806333103541415,0.4444444444444444,0.41218262674082007,-0.12657072992979876,0.5387533566706189,9,0.30912435951937656,116,0.0,fake,7
vendor_06,0.1029747135048682,0.08822293775570737,0.3333333333333333,0.48830340284019214,-0.12767166543461014,0.6159750682748023,9,0.38532868933532394,116,0.0,fake,8
vendor_05,0.033647639267739,0.02305986343592316,0.4444444444444444,0.4243231112735112,-0.32806302324232406,0.7523861345158352,9,0.3906754720057722,116,0.0,fake,9
vendor_08,0.010169782465081005,0.010014868270541662,0.6666666666666666,0.16064299511347627,-0.20249704484060665,0.36314003995408295,9,0.15047321264839525,116,0.0,fake,10
vendor_10,-0.7049885917122078,-0.5613009072399203,0.0,-0.23927938692367662,-0.818803656434707,0.5795242695110303,9,0.46570920478853123,116,0.0,fake,11
vendor_09,-0.7535689587861168,-0.6086964502002892,0.0,-0.1791722026129611,-1.0454018265669927,0.8662296239540316,9,0.5743967561731558,116,0.0,fake,12
vendor_00,1.5081238920343982,1.3820165099146335,1.0,1.4915745272203722,1.2235683019662102,0.26800622525416196,9,-0.016549364814026024,117,0.05,REAL,1
vendor_01,1.5081238920343982,1.382016509914633,1.0,1.4915745272203726,1.2235683019662102,0.2680062252541624,9,-0.01654936481402558,117,0.04,REAL,2
vendor_03,1.4109987155086106,1.2405759682340658,1.0,1.4484144554134022,0.8824910727536686,0.5659233826597336,9,0.037415739904791634,117,0.025,REAL,3
vendor_02,1.311687516064088,1.1797665631238958,1.0,1.3408696446595614,1.0654767698285614,0.27539287483099995,9,0.029182128595473422,117,0.03,REAL,4
vendor_04,0.8354903873706913,0.6714087615106276,1.0,1.0151462949925134,0.2399339133244918,0.7752123816680216,9,0.17965590762182215,117,0.01,REAL,5
vendor_11,0.49963833757696074,0.3924730846317428,1.0,1.0201066310066782,0.0721921529304354,0.9479144780762427,9,0.5204682934297175,117,0.0,fake,6
vendor_08,0.46921958773981104,0.3748667020539,1.0,0.5290395776073568,0.17390409405894852,0.35513548354840824,9,0.05981998986754572,117,0.0,fake,7
vendor_07,0.18238596663785478,0.15174683832753055,0.6666666666666666,0.4502981003614329,-0.36008420880165826,0.8103823091630912,9,0.26791213372357814,117,0.0,fake,8
vendor_10,0.13122477901976654,0.11001573342136303,0.7777777777777778,0.2227898556159825,-0.04936125946683658,0.2721511150828191,9,0.09156507659621596,117,0.0,fake,9
vendor_05,-0.1204906420448703,-0.0998400324882889,0.3333333333333333,0.44759851303001524,-0.42903830619939687,0.8766368192294121,9,0.5680891550748856,117,0.0,fake,10
vendor_06,-0.2934102735141841,-0.2287493842584083,0.0,-0.018223958187859674,-0.4515940900729785,0.43337013188511886,9,0.2751863153263244,117,0.0,fake,11
vendor_09,-0.5489421101737308,-0.4391237928907236,0.0,-0.14832978598201021,-0.9764607685257614,0.8281309825437512,9,0.40061232419172066,117,0.0,fake,12
vendor_00,2.4101627232943783,2.1606686720260546,1.0,2.5712905608475927,1.6209178217602098,0.9503727390873828,9,0.16112783755321436,118,0.05,REAL,1
vendor_02,2.1178070269939484,1.773675916913666,1.0,2.0285176591887057,1.5574411945001183,0.47107646468858744,9,-0.08928936780524266,118,0.03,REAL,2
vendor_01,1.776009363730413,1.540559452876313,1.0,1.7150369639373229,1.3974724155029592,0.31756454843436366,9,-0.060972399793090215,118,0.04,REAL,3
vendor_03,1.512658460934686,1.2532461147592653,1.0,1.509529884848494,0.9933269866531528,0.5162028981953412,9,-0.003128576086192103,118,0.025,REAL,4
vendor_04,0.9694579102986414,0.7808203236239843,1.0,1.0713027802578947,0.2432389436929747,0.82806383656492,9,0.10184486995925335,118,0.01,REAL,5
vendor_11,0.789657074256907,0.6350324867032229,1.0,0.816390727112406,0.41708511795787023,0.3993056091545358,9,0.026733652855499,118,0.0,fake,6
vendor_05,0.5137128707485037,0.4073687970874256,1.0,0.5501067553975868,0.3136422269954034,0.2364645284021834,9,0.03639388464908311,118,0.0,fake,7
vendor_06,0.30958882560986206,0.24454177429851576,0.6666666666666666,0.6162011142353987,-0.1263896159846684,0.7425907302200672,9,0.30661228862553663,118,0.0,fake,8
vendor_09,0.1551959955938828,0.11811558664679146,0.4444444444444444,0.5997880802372241,-0.23577883850636655,0.8355669187435906,9,0.44459208464334127,118,0.0,fake,9
vendor_10,0.15484693932144586,0.12065943046315694,0.6666666666666666,0.42071717310139223,-0.2798231462280298,0.700540319329422,9,0.26587023377994634,118,0.0,fake,10
vendor_07,-0.12340546418811242,-0.0977480838910722,0.3333333333333333,0.07164007712052596,-0.20665878436233207,0.27829886148285804,9,0.19504554130863838,118,0.0,fake,11
vendor_08,-0.4184851272862304,-0.3257231004102684,0.0,-0.22859406236763333,-0.43654273548881306,0.20794867312117973,9,0.18989106491859706,118,0.0,fake,12
vendor_02,1.4160593811232949,1.283790687067849,1.0,1.475471621159348,1.0832898460743658,0.3921817750849821,9,0.059412240036053054,119,0.03,REAL,1
vendor_00,1.4022760427021097,1.280530297971488,1.0,1.410318072495065,1.0955353453285774,0.3147827271664876,9,0.008042029792955319,119,0.05,REAL,2
vendor_01,1.4022760427021097,1.2805302979714879,1.0,1.410318072495065,1.0955353453285774,0.3147827271664876,9,0.008042029792955319,119,0.04,REAL,3
vendor_03,1.2437245284628016,1.1016632211698765,1.0,1.2771712159505013,0.9822994761436631,0.29487173980683823,9,0.033446687487699744,119,0.025,REAL,4
vendor_04,0.6566817471758218,0.5319196853093661,1.0,0.8954637412190944,0.05863917366904057,0.8368245675500539,9,0.2387819940432726,119,0.01,REAL,5
vendor_09,0.31969586721291793,0.2539527118013275,1.0,0.4515081458399648,0.1075331250445406,0.3439750207954242,9,0.13181227862704686,119,0.0,fake,6
vendor_05,0.19683853959149653,0.1514301397023826,0.6666666666666666,0.4241042264066142,-0.05394018766245754,0.4780444140690718,9,0.2272656868151177,119,0.0,fake,7
vendor_10,0.026333491495642992,0.020403555723781854,0.3333333333333333,0.5594638689058001,-0.33854735724059337,0.8980112261463935,9,0.5331303774101571,119,0.0,fake,8
vendor_07,-0.04705032002031092,-0.0402195735189711,0.4444444444444444,0.07517703142074207,-0.18138130680426426,0.25655833822500634,9,0.12222735144105298,119,0.0,fake,9
vendor_06,-0.12289932186851624,-0.098785509927248,0.3333333333333333,0.2690072325999589,-0.422945805946355,0.691953038546314,9,0.3919065544684751,119,0.0,fake,10
vendor_08,-0.15168732100489168,-0.11742396933509368,0.3333333333333333,0.17862560276978345,-0.33946887460729225,0.5180944773770757,9,0.33031292377467514,119,0.0,fake,11
vendor_11,-0.3465409665918712,-0.27113009311690817,0.1111111111111111,0.020029436714461064,-0.5963839874823338,0.6164134241967949,9,0.3665704033063323,119,0.0,fake,12
vendor_00,1.739809114155794,1.5827491561110674,1.0,2.119465921078679,1.0571998708765515,1.0622660502021275,9,0.37965680692288495,120,0.05,REAL,1
vendor_01,1.6343422209392091,1.4844445149226355,1.0,2.0585974316394875,0.939242761998547,1.1193546696409404,9,0.4242552107002784,120,0.04,REAL,2
vendor_02,1.5742124073210073,1.3904573946206682,1.0,1.7121046079855007,1.1904210449909918,0.5216835629945089,9,0.13789220066449337,120,0.03,REAL,3
vendor_03,0.6675663799366484,0.573418826325734,1.0,0.8365555314038322,0.12126243118184463,0.7152931002219876,9,0.16898915146718385,120,0.025,REAL,4
vendor_07,0.3190962034811402,0.25767523695562655,1.0,0.3840063086277426,0.09681683540128354,0.28718947322645905,9,0.06491010514660239,120,0.0,fake,5
vendor_04,0.25314456804835805,0.2115515283910064,0.6666666666666666,0.5553445663524266,-0.07427525740117068,0.6296198237535973,9,0.3021999983040685,120,0.01,REAL,6
vendor_06,0.030095615902362954,0.02998664707477651,0.3333333333333333,0.24378872997998635,-0.11681062370249715,0.3605993536824835,9,0.2136931140776234,120,0.0,fake,7
vendor_11,-0.09979477779459636,-0.07506861638192222,0.3333333333333333,0.2570605451945406,-0.277079266578354,0.5341398117728946,9,0.3568553229891369,120,0.0,fake,8
vendor_09,-0.35245942401460784,-0.2782442116867765,0.3333333333333333,0.050333094546155005,-0.5546251081091278,0.6049582026552828,9,0.4027925185607628,120,0.0,fake,9
vendor_10,-0.35839337891518,-0.285624416938122,0.0,-0.07473892151047198,-0.5666458768712427,0.49190695536077067,9,0.28365445740470807,120,0.0,fake,10
vendor_05,-0.3706533439362782,-0.29491345824962084,0.1111111111111111,0.02388964878924844,-0.5108300078483452,0.5347196566375937,9,0.3945429927255266,120,0.0,fake,11
vendor_08,-0.4592373202498464,-0.36859591282518667,0.0,-0.13972383276258651,-0.7244861800409974,0.5847623472784109,9,0.31951348748725994,120,0.0,fake,12
vendor_02,1.786807293329871,1.5665097016984022,1.0,1.825541827550675,1.1804619450239642,0.6450798825267108,9,0.03873453422080386,121,0.03,REAL,1
vendor_00,1.7179413904965861,1.5684385048166216,1.0,1.8441387077125249,1.0694236567889894,0.7747150509235354,9,0.12619731721593874,121,0.05,REAL,2
vendor_01,1.7088523706193395,1.5571486151933145,1.0,1.8344242789088483,1.0796661117286024,0.7547581671802459,9,0.12557190828950882,121,0.04,REAL,3
vendor_03,0.9815154031770247,0.843536853338868,1.0,1.011797687435927,0.7380545947085342,0.2737430927273927,9,0.030282284258902226,121,0.025,REAL,4
vendor_04,0.9342223924428248,0.7782301245343579,1.0,1.137186682025626,0.5421418904187716,0.5950447916068544,9,0.20296428958280122,121,0.01,REAL,5
vendor_10,0.33643359846215265,0.2713348809633306,1.0,0.40674823084625056,0.06633864194651727,0.3404095888997333,9,0.07031463238409791,121,0.0,fake,6
vendor_08,0.15375455934660104,0.11754138400448724,0.6666666666666666,0.3492222971944218,-0.2757117445762175,0.6249340417706393,9,0.1954677378478208,121,0.0,fake,7
vendor_06,0.07674236552998795,0.05221104840706638,0.6666666666666666,0.3934896007267568,-0.37112062010782226,0.7646102208345791,9,0.31674723519676884,121,0.0,fake,8
vendor_09,0.03306963360254823,0.03337314575970124,0.6666666666666666,0.22548025066973046,-0.3002602293719156,0.5257404800416461,9,0.19241061706718224,121,0.0,fake,9
vendor_11,-0.20403193776608572,-0.15061460905290114,0.3333333333333333,0.3241668081567397,-0.5334098524526051,0.8575766606093448,9,0.5281987459228255,121,0.0,fake,10
vendor_07,-0.22945476262317813,-0.19114963021371428,0.1111111111111111,0.00032642669477490183,-0.3723443586402042,0.3726707853349791,9,0.22978118931795302,121,0.0,fake,11
vendor_05,-0.653279637053233,-0.5260426890367136,0.0,-0.20325284439358207,-0.7494490442019731,0.5461961998083911,9,0.45002679265965095,121,0.0,fake,12
vendor_00,2.6053984890994357,2.3530852787860734,1.0,2.652240249358191,1.7941404464336583,0.8580998029245326,9,0.046841760258755194,122,0.05,REAL,1
vendor_01,2.203593321479743,1.9336796090313415,1.0,2.175995203369271,1.508763042738771,0.6672321606305001,9,-0.02759811811047186,122,0.04,REAL,2
vendor_02,1.9762765110390692,1.6759971156501332,1.0,1.8714347568727598,1.3627681807151861,0.5086665761575737,9,-0.10484175416630936,122,0.03,REAL,3
vendor_04,0.8278251340839076,0.670116698460589,1.0,0.7533327853246568,0.6025640203425496,0.15076876498210712,9,-0.07449234875925081,122,0.01,REAL,4
vendor_03,0.7387625755137985,0.6127860770008459,1.0,0.8402215500384271,0.4180171442091638,0.42220440582926333,9,0.1014589745246286,122,0.025,REAL,5
vendor_06,0.28177579945945114,0.23201520816864551,1.0,0.4071166325585356,0.06899441337635856,0.338122219182177,9,0.12534083309908445,122,0.0,fake,6
vendor_11,0.2232909603661215,0.18228148229288832,0.6666666666666666,0.7016883931822152,-0.4577083238395797,1.159396717021795,9,0.4783974328160937,122,0.0,fake,7
vendor_09,-0.017046505074896193,-0.015946535370161604,0.3333333333333333,0.1930011809944546,-0.16713598926133008,0.3601371702557847,9,0.2100476860693508,122,0.0,fake,8
vendor_08,-0.1367155104507326,-0.10904948825190719,0.2222222222222222,0.028600293767571353,-0.28310695850351164,0.311707252271083,9,0.16531580421830394,122,0.0,fake,9
vendor_07,-0.13718935448172,-0.11419076209269499,0.3333333333333333,0.45610833684632107,-0.5277314911830292,0.9838398280293503,9,0.5932976913280411,122,0.0,fake,10
vendor_05,-0.20537077130189982,-0.16591898900696964,0.3333333333333333,0.09311252823647627,-0.3336414362599569,0.42675396449643316,9,0.2984832995383761,122,0.0,fake,11
vendor_10,-0.6740759516260928,-0.5492540552687522,0.0,-0.21413127516417363,-0.7904364915963872,0.5763052164322136,9,0.45994467646191917,122,0.0,fake,12
vendor_00,1.9593831399656727,1.7835931874883681,1.0,2.434965456939374,0.9645058565601634,1.4704596003792105,9,0.47558231697370124,123,0.05,REAL,1
vendor_01,1.796332680988711,1.5957524721908312,1.0,2.002631947910469,1.0184778460840946,0.9841541018263742,9,0.20629926692175782,123,0.04,REAL,2
vendor_03,1.6134772152979109,1.3575754265925135,1.0,1.9313649878151087,0.64580431692117,1.2855606708939387,9,0.3178877725171978,123,0.025,REAL,3
vendor_02,1.2921393559829808,1.0783972366913055,1.0,1.4110351652214976,0.8280788254428755,0.5829563397786222,9,0.11889580923851684,123,0.03,REAL,4
vendor_04,1.0422425695093687,0.8491530053767655,1.0,1.2050031330773314,0.4331532820462195,0.7718498510311119,9,0.16276056356796276,123,0.01,REAL,5
vendor_11,0.47642208088008803,0.3808210174750263,0.6666666666666666,0.8013890461266525,-0.08897615079571698,0.8903651969223695,9,0.3249669652465645,123,0.0,fake,6
vendor_07,0.43177210822115625,0.33289439661057885,1.0,0.8804494406397929,0.014808802059187914,0.865640638580605,9,0.44867733241863667,123,0.0,fake,7
vendor_06,0.16966697418648055,0.13270265480636462,0.3333333333333333,0.5562054921680286,-0.12009576591610464,0.6763012580841332,9,0.38653851798154804,123,0.0,fake,8
vendor_10,0.11470578150347045,0.09284621203068738,0.3333333333333333,0.4286221506192691,-0.07405851165952489,0.502680662278794,9,0.3139163691157987,123,0.0,fake,9
vendor_05,0.0014141068006210315,0.007491825105819315,0.4444444444444444,0.44986844190792363,-0.45991042783325925,0.9097788697411828,9,0.4484543351073026,123,0.0,fake,10
vendor_09,-0.3733563266265627,-0.2862813179611685,0.0,-0.06384644858614602,-0.6341865302388923,0.5703400816527462,9,0.3095098780404167,123,0.0,fake,11
vendor_08,-0.39617820233197887,-0.3268537011823585,0.3333333333333333,0.08919912128801918,-0.8457921319759143,0.9349912532639335,9,0.4853773236199981,123,0.0,fake,12
vendor_01,1.5144466730813575,1.3809817146292147,1.0,1.6593128170163323,1.0299944474086484,0.6293183696076838,9,0.14486614393497477,124,0.04,REAL,1
vendor_00,1.5144466730813573,1.3809817146292145,1.0,1.6593128170163323,1.0299944474086484,0.6293183696076838,9,0.144866143934975,124,0.05,REAL,2
vendor_02,1.478411236378499,1.3322452042965662,1.0,1.6835618121624147,1.0038888524037384,0.6796729597586764,9,0.20515057578391582,124,0.03,REAL,3
vendor_03,1.4372950866355871,1.254993545679267,1.0,1.4479152456207964,1.116660748272376,0.3312544973484204,9,0.010620158985209294,124,0.025,REAL,4
vendor_08,0.30032540190469575,0.24441565753621963,1.0,0.48960830088472634,0.015118076005255287,0.47449022487947107,9,0.1892828989800306,124,0.0,fake,5
vendor_06,0.29857449611505044,0.24487054002571332,1.0,0.4710336710960795,0.033498822861523246,0.4375348482345563,9,0.17245917498102908,124,0.0,fake,6
vendor_10,0.22715699541646858,0.1758893032801369,0.6666666666666666,0.4280150584561781,-0.09963715525399904,0.5276522137101771,9,0.20085806303970952,124,0.0,fake,7
vendor_04,0.2164771169319052,0.16523342272764024,0.3333333333333333,1.0491278938086108,-0.3482545579027962,1.397382451711407,9,0.8326507768767056,124,0.01,REAL,8
vendor_09,0.025868850371904322,0.017189323812710284,0.3333333333333333,0.4509900848191999,-0.2897290818740909,0.7407191666932909,9,0.42512123444729555,124,0.0,fake,9
vendor_07,-0.10754400794860906,-0.09513266054285625,0.3333333333333333,0.35008311445781093,-0.5244550686189026,0.8745381830767135,9,0.45762712240642,124,0.0,fake,10
vendor_11,-0.2757483369214911,-0.2241324264731445,0.0,-0.06553343222850619,-0.31368825688459057,0.24815482465608438,9,0.2102149046929849,124,0.0,fake,11
vendor_05,-0.4120227440836096,-0.31287700913815314,0.6666666666666666,0.42685975225698913,-1.4635685761122565,1.8904283283692456,9,0.8388824963405987,124,0.0,fake,12
vendor_00,2.056431271437138,1.860772212484653,1.0,2.237442523438937,1.1513537047444529,1.086088818694484,9,0.1810112520017988,125,0.05,REAL,1
vendor_03,1.8001974741329307,1.4881662082614828,1.0,1.6932094575457923,1.2615157126004088,0.4316937449453835,9,-0.10698801658713841,125,0.025,REAL,2
vendor_01,1.6191887098670008,1.4326804404511846,1.0,1.7236128417926544,1.0598248375582662,0.6637880042343882,9,0.10442413192565358,125,0.04,REAL,3
vendor_02,1.1115070833269527,0.9518775055381236,1.0,1.181253386414364,0.5525888785953404,0.6286645078190235,9,0.06974630308741125,125,0.03,REAL,4
vendor_07,0.2098287932851482,0.17885749526050768,0.7777777777777778,0.5429357686947865,-0.012471677371738583,0.5554074460665251,9,0.33310697540963835,125,0.0,fake,5
vendor_04,0.16072363939461948,0.11959141881224165,0.6666666666666666,0.51285554834655,-0.4632312688441853,0.9760868171907353,9,0.35213190895193053,125,0.01,REAL,6
vendor_06,-0.09888995895459582,-0.07375000084495932,0.4444444444444444,0.15633213025189918,-0.3965208406589213,0.5528529709108205,9,0.25522208920649503,125,0.0,fake,7
vendor_08,-0.15125094367952793,-0.12128863013272954,0.2222222222222222,0.07456907632651087,-0.3425450156083268,0.41711409193483767,9,0.2258200200060388,125,0.0,fake,8
vendor_10,-0.485480149662896,-0.39048176475467455,0.0,-0.20257657755135344,-0.6717769848150784,0.469200407263725,9,0.28290357211154255,125,0.0,fake,9
vendor_11,-0.49044820718049575,-0.40005757268845105,0.0,-0.22132484041286446,-0.6902587723366082,0.46893393192374366,9,0.26912336676763127,125,0.0,fake,10
vendor_09,-0.6381272956259966,-0.5160699329417919,0.0,-0.3334241362201588,-0.8355948806865008,0.5021707444663419,9,0.30470315940583775,125,0.0,fake,11
vendor_05,-0.7520552773741295,-0.6075190271440697,0.0,-0.3399283525222313,-0.7757526089198776,0.4358242563976463,9,0.41212692485189817,125,0.0,fake,12
vendor_04,1.1482551045105684,0.9628423157424151,1.0,1.2056255254705188,0.7531205172247408,0.452505008245778,9,0.057370420959950374,126,0.01,REAL,1
vendor_00,0.9916802105006753,0.9036434158704139,1.0,0.9837867191224918,0.7617735462371655,0.2220131728853263,9,-0.007893491378183515,126,0.05,REAL,2
vendor_02,0.9916802105006753,0.9036434158704139,1.0,0.9837867191224918,0.7617735462371655,0.2220131728853263,9,-0.007893491378183515,126,0.03,REAL,3
vendor_01,0.9916802105006753,0.9036434158704139,1.0,0.9837867191224918,0.7617735462371655,0.2220131728853263,9,-0.007893491378183515,126,0.04,REAL,4
vendor_03,0.9916802105006753,0.9036434158704139,1.0,0.9837867191224918,0.7617735462371655,0.2220131728853263,9,-0.007893491378183515,126,0.025,REAL,5
vendor_10,0.4798684008795483,0.39326601404431843,1.0,0.7988805381362533,0.007542926417248578,0.7913376117190046,9,0.31901213725670496,126,0.0,fake,6
vendor_05,0.45685007958657176,0.37537567645385883,0.7777777777777778,0.6641766328132476,-0.038444828647637375,0.702621461460885,9,0.2073265532266758,126,0.0,fake,7
vendor_11,0.436232892478582,0.3458023112114449,1.0,0.5425037600042302,0.1297285078978878,0.41277525210634236,9,0.10627086752564818,126,0.0,fake,8
vendor_06,0.3971555202563131,0.3248959125419741,1.0,0.48690641948226177,0.15325517463515748,0.3336512448471043,9,0.08975089922594864,126,0.0,fake,9
vendor_08,0.36424099732319604,0.29729377873789214,1.0,0.581121380824366,0.05569777384614589,0.5254236069782201,9,0.21688038350117,126,0.0,fake,10
vendor_09,0.2513355807943751,0.2029207146342914,0.6666666666666666,0.6021285569332755,-0.19579051199583442,0.7979190689291099,9,0.35079297613890037,126,0.0,fake,11
vendor_07,-0.017915664815283137,-0.010927944957612913,0.6666666666666666,0.1377809378011979,-0.28141403162244316,0.4191949694236411,9,0.15569660261648105,126,0.0,fake,12
vendor_02,1.4628376874764832,1.3425368109404134,1.0,1.4149166750366937,1.2542226182422709,0.16069405679442283,9,-0.04792101243978952,127,0.03,REAL,1
vendor_00,1.4323945060354182,1.3180362947567987,1.0,1.4400382330598163,1.2003988734982372,0.2396393595615791,9,0.007643727024398084,127,0.05,REAL,2
vendor_01,1.4323945060354182,1.3180362947567987,1.0,1.4400382330598163,1.2003988734982372,0.2396393595615791,9,0.007643727024398084,127,0.04,REAL,3
vendor_03,1.1788203222302145,1.054505100542143,1.0,1.2049949140321166,0.9339128642798253,0.2710820497522912,9,0.02617459180190207,127,0.025,REAL,4
vendor_04,1.0449363080765353,0.8711246569112482,1.0,0.9728883288915414,0.7252055652050848,0.2476827636864566,9,-0.07204797918499384,127,0.01,REAL,5
vendor_07,0.007905818363366412,0.005670864046226146,0.3333333333333333,0.17522396420249228,-0.09595674502822789,0.2711807092307202,9,0.16731814583912588,127,0.0,fake,6
vendor_05,-0.062321681732033715,-0.04600840041600889,0.6666666666666666,0.22938867005184682,-0.44694849617033305,0.6763371662221799,9,0.29171035178388055,127,0.0,fake,7
vendor_10,-0.16173615087070164,-0.12985710380317378,0.3333333333333333,0.410409782310134,-0.48138412035591516,0.8917939026660491,9,0.5721459331808356,127,0.0,fake,8
vendor_06,-0.2625918287180854,-0.21520086555791193,0.3333333333333333,0.42246334241451783,-0.6709120535700398,1.0933753959845576,9,0.6850551711326032,127,0.0,fake,9
vendor_08,-0.3007033631483427,-0.24147651715930396,0.0,-0.1363841384383215,-0.3740701715162921,0.23768603307797062,9,0.16431922471002117,127,0.0,fake,10
vendor_09,-0.5142828019660165,-0.41168586471268886,0.0,-0.35537825049998506,-0.44909526571143155,0.09371701521144649,9,0.15890455146603144,127,0.0,fake,11
vendor_11,-0.6097595066134722,-0.4798813473397991,0.0,-0.2468209589481076,-0.8405974774141634,0.5937765184660557,9,0.3629385476653646,127,0.0,fake,12
vendor_01,2.1096703698631343,1.900803739314692,1.0,2.127161743191542,1.608036668834691,0.5191250743568512,9,0.01749137332840789,128,0.04,REAL,1
vendor_00,2.084137413847628,1.8849005233526048,1.0,2.1238313972653704,1.594432717530172,0.5293986797351984,9,0.03969398341774255,128,0.05,REAL,2
vendor_02,2.0586868618473044,1.7817669704837,1.0,2.0947887456763468,1.557145051833838,0.5376436938425089,9,0.036101883829042336,128,0.03,REAL,3
vendor_03,1.943153003609942,1.6582604192400305,1.0,2.231275562025228,1.347431888180396,0.8838436738448319,9,0.2881225584152858,128,0.025,REAL,4
vendor_07,0.9799833299287091,0.7820998632940799,1.0,1.073329187955142,0.6002953497841205,0.4730338381710216,9,0.09334585802643303,128,0.0,fake,5
vendor_09,0.9614351305260787,0.7642272905656773,1.0,0.932339737527367,0.6431109299026534,0.2892288076247136,9,-0.029095392998711667,128,0.0,fake,6
vendor_06,0.5547471209987699,0.44154327406321975,1.0,0.9234642000767522,0.013892569866180482,0.9095716302105717,9,0.36871707907798235,128,0.0,fake,7
vendor_04,0.4998114582259613,0.4060449948139364,1.0,0.6224018985848103,0.14317983197403503,0.47922206661077527,9,0.12259044035884903,128,0.01,REAL,8
vendor_05,0.3908049607019766,0.3212046975768489,0.8888888888888888,0.6571832420409995,-0.00569445925684702,0.6628777012978465,9,0.2663782813390229,128,0.0,fake,9
vendor_08,0.2209650415649715,0.17587162385636473,0.6666666666666666,0.376216000088679,-0.03673666758783624,0.41295266767651523,9,0.15525095852370752,128,0.0,fake,10
vendor_11,-0.046292129439828196,-0.03789101392188404,0.3333333333333333,0.31040715615641534,-0.40494448151914975,0.7153516376755651,9,0.35669928559624353,128,0.0,fake,11
vendor_10,-0.36724541289379004,-0.28390628080763813,0.0,-0.04669312385500424,-0.43776074216995003,0.3910676183149458,9,0.3205522890387858,128,0.0,fake,12
vendor_00,1.3551839760279583,1.2316108882168497,1.0,1.447577048950853,0.9915751144578252,0.45600193449302784,9,0.09239307292289478,129,0.05,REAL,1
vendor_01,1.3551839760279583,1.23161088821685,1.0,1.447577048950853,0.9915751144578252,0.45600193449302784,9,0.09239307292289478,129,0.04,REAL,2
vendor_02,1.2632748662342537,1.135292393125286,1.0,1.2128523239162157,1.0274026934578384,0.18544963045837726,9,-0.050422542318038,129,0.03,REAL,3
vendor_03,0.9965798643074693,0.8765635316105255,1.0,1.2743348070459337,0.5384625582908379,0.7358722487550958,9,0.27775494273846446,129,0.025,REAL,4
vendor_04,0.6807246724198206,0.5475566877025191,1.0,0.7038424360596667,0.4117461856566601,0.2920962504030066,9,0.02311776363984608,129,0.01,REAL,5
vendor_06,0.6570048443266319,0.5187509698112867,1.0,0.5907091632816193,0.418140372617976,0.17256879066364328,9,-0.0662956810450126,129,0.0,fake,6
vendor_10,0.6455361568165034,0.5210638820816785,1.0,0.790313925336082,0.36520347595346037,0.42511044938262166,9,0.14477776851957858,129,0.0,fake,7
vendor_11,0.3051959850905839,0.236324979327266,1.0,0.32553796066633345,0.16318734165118676,0.1623506190151467,9,0.02034197557574957,129,0.0,fake,8
vendor_09,0.05469098603280067,0.04719906892782828,0.6666666666666666,0.2110425451179652,-0.08898429758056901,0.3000268426985342,9,0.15635155908516452,129,0.0,fake,9
vendor_05,-0.16154441752762172,-0.13666684065080126,0.3333333333333333,0.08388495070654572,-0.30373255409390054,0.38761750480044627,9,0.24542936823416744,129,0.0,fake,10
vendor_08,-0.1793509501510574,-0.14516212575962217,0.3333333333333333,0.21093960677910562,-0.5537692372472507,0.7647088440263563,9,0.390290556930163,129,0.0,fake,11
vendor_07,-0.25059272820909895,-0.20320160561208922,0.0,-0.09123255955492637,-0.40608798956060904,0.31485543000568267,9,0.15936016865417257,129,0.0,fake,12
vendor_00,2.1812104390724554,1.921532632342728,1.0,2.389649729042203,1.2753364399740847,1.1143132890681182,9,0.2084392899697476,130,0.05,REAL,1
vendor_01,1.795087698308316,1.5479811310388873,1.0,2.0581227291969015,0.9587493866546645,1.0993733425422372,9,0.2630350308885856,130,0.04,REAL,2
vendor_03,1.497528769184888,1.2488331127470969,1.0,1.6116145583085308,0.9574732394317188,0.654141318876812,9,0.11408578912364287,130,0.025,REAL,3
vendor_02,1.120361012405613,0.9305099566393282,1.0,1.2180092576192005,0.7318150395432059,0.4861942180759946,9,0.09764824521358761,130,0.03,REAL,4
vendor_10,0.652546738131809,0.5257304425916518,1.0,0.5890343422227504,0.4240851947367239,0.16494914748602651,9,-0.06351239590905855,130,0.0,fake,5
vendor_06,0.5253317169935798,0.4139971064153517,1.0,0.5565560166322719,0.3310961114759984,0.22545990515627357,9,0.03122429963869211,130,0.0,fake,6
vendor_05,0.4099273242350181,0.33330331147619335,1.0,0.5058789503761418,0.20803504036429368,0.2978439100118482,9,0.09595162614112374,130,0.0,fake,7
vendor_08,0.33022199770599575,0.2718906221826846,1.0,0.4130263249019441,0.027414260557526115,0.38561206434441797,9,0.08280432719594832,130,0.0,fake,8
vendor_07,0.17994258014335296,0.1469368765766212,0.6666666666666666,0.3461901781293241,-0.2168618989165448,0.5630520770458689,9,0.16624759798597116,130,0.0,fake,9
vendor_04,0.042543915496656357,0.0375913279489917,0.4444444444444444,0.3583299057267349,-0.14361744267281681,0.5019473483995517,9,0.31578599023007853,130,0.01,REAL,10
vendor_11,0.039809847525684124,0.037745408977194174,0.3333333333333333,0.4438572965897224,-0.19768011084231826,0.6415374074320407,9,0.4040474490640383,130,0.0,fake,11
vendor_09,-0.38834012369152554,-0.3055202591429589,0.0,-0.033921710365622436,-0.7818451457229418,0.7479234353573194,9,0.3544184133259031,130,0.0,fake,12
vendor_00,1.6339712146325935,1.4869445338353107,1.0,1.8041783374047315,1.2648892582145999,0.5392890791901317,9,0.170207122772138,131,0.05,REAL,1
vendor_02,1.5546687625904343,1.3609444223007126,1.0,1.5864384939114249,1.0919201254740725,0.4945183684373524,9,0.03176973132099059,131,0.03,REAL,2
vendor_01,1.5480200805462416,1.409590503530917,1.0,1.6610989750905443,1.1879966692562027,0.47310230583434154,9,0.11307889454430264,131,0.04,REAL,3
vendor_03,1.0881112884843154,0.9239382570597398,1.0,0.992144278990601,0.8795174718568217,0.11262680713377926,9,-0.0959670094937144,131,0.025,REAL,4
vendor_08,0.6109245093886486,0.4930219503263221,1.0,0.6862091920479708,0.2707152848630939,0.41549390718487694,9,0.0752846826593222,131,0.0,fake,5
vendor_10,0.5789588122743543,0.45586852383476056,1.0,0.8015728317075336,0.21147192341891796,0.5901009082886156,9,0.22261401943317927,131,0.0,fake,6
vendor_05,0.312682953897626,0.24535853287540788,0.7777777777777778,0.6264398452368707,-0.051404949405156636,0.6778447946420273,9,0.31375689133924467,131,0.0,fake,7
vendor_09,0.1338833620889435,0.11254627444438804,0.3333333333333333,0.5948632167092315,-0.22891138039868653,0.823774597107918,9,0.460979854620288,131,0.0,fake,8
vendor_07,0.036268046353663354,0.03901137971939215,0.6666666666666666,0.38878097010564117,-0.3935507377132615,0.7823317078189027,9,0.3525129237519778,131,0.0,fake,9
vendor_04,0.02483027870011591,0.01914443266993351,0.6666666666666666,0.09490792835637751,-0.04042757398569482,0.13533550234207234,9,0.0700776496562616,131,0.01,REAL,10
vendor_06,-0.05765888756838302,-0.04868928829283931,0.6666666666666666,0.2104711938311517,-0.4005042803250212,0.6109754741561729,9,0.2681300813995347,131,0.0,fake,11
vendor_11,-0.6697585948438624,-0.5394187913412402,0.0,-0.40318804637700245,-0.7026613254945507,0.2994732791175483,9,0.2665705484668599,131,0.0,fake,12
vendor_00,2.2693515517290455,2.055800260522418,1.0,2.1813477623062814,1.9129876418261667,0.2683601204801147,9,-0.0880037894227641,132,0.05,REAL,1
vendor_01,2.1134873505035316,1.863608576082881,1.0,1.9780428169960704,1.7430692140344017,0.2349736029616687,9,-0.13544453350746122,132,0.04,REAL,2
vendor_03,1.969125677117382,1.6398044531332188,1.0,1.9870195374837836,1.4368507159030937,0.5501688215806899,9,0.017893860366401615,132,0.025,REAL,3
vendor_02,1.9678707856557913,1.6731146863097834,1.0,1.8858524067972815,1.2970434819477263,0.5888089248495552,9,-0.08201837885850982,132,0.03,REAL,4
vendor_04,1.0196863684834896,0.8223449607509622,1.0,1.0481104565202495,0.5955336558741438,0.4525768006461057,9,0.028424088036759887,132,0.01,REAL,5
vendor_07,0.6355348899936701,0.5179086520979443,0.6666666666666666,0.9011910593902812,-0.07086735475530741,0.9720584141455886,9,0.2656561693966111,132,0.0,fake,6
vendor_10,0.4750887347869816,0.37883850359369836,1.0,0.6860381414323018,0.11136792031551247,0.5746702211167893,9,0.2109494066453202,132,0.0,fake,7
vendor_11,0.27769928025044593,0.22813672149448128,0.8888888888888888,0.44165483646988735,-0.0024078274682606624,0.44406266393814803,9,0.1639555562194414,132,0.0,fake,8
vendor_08,0.09462920234410811,0.0732546822612282,0.6666666666666666,0.27867619492275547,-0.12892987911676682,0.4076060740395223,9,0.18404699257864737,132,0.0,fake,9
vendor_06,-0.0893411756262232,-0.07838054745737046,0.6666666666666666,0.21925722935050002,-0.4973987741466133,0.7166560034971133,9,0.3085984049767232,132,0.0,fake,10
vendor_05,-0.15858753518137145,-0.13430330430534015,0.3333333333333333,0.44899674107972604,-0.5671137842178625,1.0161105252975886,9,0.6075842762610975,132,0.0,fake,11
vendor_09,-0.2624450545907478,-0.2056236992944096,0.0,-0.09112862121658558,-0.40330333889138986,0.3121747176748043,9,0.17131643337416222,132,0.0,fake,12
vendor_00,2.1509463594887035,1.9441739859072464,1.0,2.5383542769262153,1.3183209556941697,1.2200333212320456,9,0.3874079174375118,133,0.05,REAL,1
vendor_01,1.9218634203721345,1.6827063650073224,1.0,2.074160633476914,1.0044539843093996,1.0697066491675145,9,0.1522972131047795,133,0.04,REAL,2
vendor_02,1.7048288596377665,1.4376608896230167,1.0,1.6611754079309577,1.2000251743351793,0.46115023359577845,9,-0.04365345170680879,133,0.03,REAL,3
vendor_03,1.388693258316395,1.1819736815227477,1.0,1.295194094532837,1.0150067064404014,0.2801873880924357,9,-0.09349916378355783,133,0.025,REAL,4
vendor_08,0.5660812002538578,0.45271389579516824,0.6666666666666666,0.8514378568523105,-0.10095754990037684,0.9523954067526874,9,0.2853566565984528,133,0.0,fake,5
vendor_04,0.25788391793137266,0.20062916078433565,0.6666666666666666,0.5079795715268542,-0.186750966963336,0.6947305384901903,9,0.2500956535954816,133,0.01,REAL,6
vendor_06,0.0675546173463139,0.05403487899740575,0.3333333333333333,0.6037247095734746,-0.29277858506768906,0.8965032946411636,9,0.5361700922271606,133,0.0,fake,7
vendor_05,-0.1503342888043838,-0.12517306139391757,0.0,-0.005932117084020736,-0.23998797187939355,0.2340558547953728,9,0.14440217172036304,133,0.0,fake,8
vendor_11,-0.21811846578712307,-0.1680570915794839,0.3333333333333333,0.24670679158227732,-0.5841675464512612,0.8308743380335386,9,0.4648252573694004,133,0.0,fake,9
vendor_09,-0.3438188817868333,-0.2671530339652939,0.1111111111111111,0.029920417293550678,-0.4931202745330961,0.5230406918266468,9,0.37373929908038395,133,0.0,fake,10
vendor_07,-0.5844131144752827,-0.46112561012947406,0.0,-0.09492283298255397,-0.8943105616793028,0.7993877286967488,9,0.48949028149272866,133,0.0,fake,11
vendor_10,-0.6640883087705634,-0.5270665930979777,0.0,-0.3705004449539232,-0.8040991826738411,0.43359873771991786,9,0.29358786381664015,133,0.0,fake,12
vendor_00,2.392721820975198,2.151939383463062,1.0,2.542283936512508,1.6590892784451365,0.8831946580673713,9,0.14956211553730991,134,0.05,REAL,1
vendor_02,2.342080307054195,1.9763170111010346,1.0,2.236773226283434,1.705007196596315,0.5317660296871192,9,-0.10530708077076101,134,0.03,REAL,2
vendor_01,2.1942210340270454,1.92123855415043,1.0,2.0568355677508046,1.7332771737637602,0.32355839398704433,9,-0.13738546627624082,134,0.04,REAL,3
vendor_03,2.056554505610907,1.711528205581771,1.0,1.8763622401354363,1.4763148053749953,0.400047434760441,9,-0.18019226547547085,134,0.025,REAL,4
vendor_08,0.9248627765539372,0.745679231737184,1.0,1.1367352746648438,0.4856922843009481,0.6510429903638957,9,0.21187249811090658,134,0.0,fake,5
vendor_04,0.6411243279266832,0.526226433565506,1.0,0.9899430834040732,0.138543181321819,0.8513999020822542,9,0.34881875547739005,134,0.01,REAL,6
vendor_10,0.4259601075051549,0.352768623978825,1.0,0.7731935962850203,0.0251711559147151,0.7480224403703052,9,0.3472334887798654,134,0.0,fake,7
vendor_06,0.31041163388253584,0.23825819874861276,0.6666666666666666,0.7723624087324419,-0.21518419436769903,0.987546603100141,9,0.46195077484990604,134,0.0,fake,8
vendor_07,0.19389990923820682,0.15747658233301937,0.7777777777777778,0.4219933617021917,-0.024083200660269456,0.4460765623624612,9,0.22809345246398488,134,0.0,fake,9
vendor_09,0.18325562870700204,0.14789415107641335,0.7777777777777778,0.43133518293790535,-0.012883632965837844,0.4442188159037432,9,0.2480795542309033,134,0.0,fake,10
vendor_11,-0.14186782904208572,-0.10477431727355685,0.3333333333333333,0.3085989396479543,-0.3917834436518458,0.7003823832998002,9,0.45046676869004004,134,0.0,fake,11
vendor_05,-0.6371428560414042,-0.5286024112051166,0.0,-0.1572245649268738,-0.9739803079109962,0.8167557429841223,9,0.4799182911145304,134,0.0,fake,12
vendor_01,2.3459615959643187,2.0519032692148245,1.0,2.599658419925722,1.5115963635921024,1.0880620563336196,9,0.25369682396140325,135,0.04,REAL,1
vendor_00,2.2960781028015975,2.061744275727972,1.0,2.365882017500219,1.6016047335568908,0.7642772839433283,9,0.06980391469862157,135,0.05,REAL,2
vendor_03,1.0933227816156876,0.9128480319884105,1.0,1.2040578654163026,0.7159940987200473,0.4880637666962553,9,0.11073508380061492,135,0.025,REAL,3
vendor_02,1.0601350004453745,0.8957152982988253,1.0,0.9339401497174412,0.8395707822669635,0.09436936745047775,9,-0.12619485072793324,135,0.03,REAL,4
vendor_07,0.8481517724148446,0.6850693413625386,1.0,0.8489557189566658,0.5822836572815131,0.26667206167515267,9,0.0008039465418211433,135,0.0,fake,5
vendor_05,0.5856023836986838,0.47832765511633785,1.0,0.8406376583717842,0.002811034359005695,0.8378266240127785,9,0.2550352746731004,135,0.0,fake,6
vendor_06,0.2533358933800699,0.20289455233039727,0.6666666666666666,0.6551899787100897,-0.3253599231096146,0.9805499018197043,9,0.40185408533001976,135,0.0,fake,7
vendor_04,0.005712672777170469,0.0003187107763038482,0.3333333333333333,0.2763492029236085,-0.15966952343959037,0.4360187263631988,9,0.270636530146438,135,0.01,REAL,8
vendor_08,-0.09973644138495161,-0.07776666081167058,0.3333333333333333,0.027710641245439566,-0.25806983079076407,0.2857804720362036,9,0.12744708263039117,135,0.0,fake,9
vendor_11,-0.19454235891028943,-0.14652819910690007,0.3333333333333333,0.12317889018896884,-0.4332434728989098,0.5564223630878786,9,0.31772124909925825,135,0.0,fake,10
vendor_09,-0.5620447416366544,-0.44987059060084,0.0,-0.026384969242029547,-0.8746450852646374,0.8482601160226078,9,0.5356597723946248,135,0.0,fake,11
vendor_10,-0.874883853298267,-0.711459720411764,0.0,-0.6023976580864846,-0.8317217048350822,0.22932404674859763,9,0.2724861952117824,135,0.0,fake,12
vendor_03,1.8381742303605741,1.6005245625792026,1.0,1.865975247179405,1.4451612873027486,0.4208139598766565,9,0.02780101681883096,136,0.025,REAL,1
vendor_00,1.799487963713952,1.6476618868943902,1.0,1.778952764834466,1.479382496018701,0.2995702688157651,9,-0.02053519887948596,136,0.05,REAL,2
vendor_01,1.7994879637139518,1.6476618868943902,1.0,1.7789527648344656,1.479382496018701,0.29957026881576465,9,-0.020535198879486183,136,0.04,REAL,3
vendor_02,1.5655567081538124,1.3819106600033257,1.0,1.592623972050023,1.2460642817294403,0.34655969032058276,9,0.027067263896210614,136,0.03,REAL,4
vendor_09,0.49602349638475074,0.3915441269795053,1.0,0.6221462989923715,0.14757222503652534,0.47457407395584617,9,0.12612280260762077,136,0.0,fake,5
vendor_05,0.47683803081208626,0.386601938561731,0.6666666666666666,0.8259061110414924,-0.2848501011697925,1.1107562122112848,9,0.3490680802294061,136,0.0,fake,6
vendor_04,0.20546952832346682,0.1655140451058995,0.8888888888888888,0.4535650270505593,-0.008035588899474365,0.46160061595003365,9,0.24809549872709247,136,0.01,REAL,7
vendor_06,-0.04046172538699359,-0.03540860251936132,0.6666666666666666,0.11816876096475462,-0.3096812898510347,0.4278500508157893,9,0.1586304863517482,136,0.0,fake,8
vendor_08,-0.23310628702964237,-0.18364822607044795,0.3333333333333333,0.1547173895044579,-0.365415400109598,0.520132789614056,9,0.38782367653410027,136,0.0,fake,9
vendor_07,-0.3129252608376853,-0.23976276520321393,0.3333333333333333,0.21773768077474895,-0.6475699935692144,0.8653076743439634,9,0.5306629416124342,136,0.0,fake,10
vendor_10,-0.5105752095568709,-0.40585067789536045,0.0,-0.039476934746751235,-0.8155233127546017,0.7760463780078504,9,0.4710982748101196,136,0.0,fake,11
vendor_11,-0.5415500941967194,-0.4301699538115258,0.0,-0.2203536943500932,-0.5898047794563555,0.36945108510626223,9,0.3211963998466262,136,0.0,fake,12
vendor_10,0.9635241065479655,0.7767991320518131,1.0,1.2287375339587792,0.08256810519748639,1.1461694287612927,9,0.26521342741081366,137,0.0,fake,1
vendor_03,0.9262719337981993,0.844985058864371,1.0,1.2025246686625042,0.5261545568232715,0.6763701118392327,9,0.2762527348643049,137,0.025,REAL,2
vendor_02,0.8935015547415381,0.8126448654760446,1.0,1.0608676436796076,0.5833280576052483,0.4775395860743593,9,0.16736608893806948,137,0.03,REAL,3
vendor_00,0.8935015547415381,0.8126448654760446,1.0,1.0608676436796076,0.5833280576052484,0.4775395860743592,9,0.16736608893806948,137,0.05,REAL,4
vendor_01,0.893501554741538,0.8126448654760446,1.0,1.0608676436796076,0.5833280576052485,0.4775395860743591,9,0.1673660889380696,137,0.04,REAL,5
vendor_11,0.5988669681411277,0.4703812635758698,1.0,0.5871523268222633,0.25222215916315976,0.3349301676591035,9,-0.01171464131886446,137,0.0,fake,6
vendor_04,0.5453004035603628,0.445701520109697,1.0,0.5656489970251467,0.3411405096826473,0.2245084873424994,9,0.020348593464783904,137,0.01,REAL,7
vendor_08,0.23554802047241985,0.18647072445721516,0.7777777777777778,0.5251594391202598,-0.050079234386821235,0.575238673507081,9,0.2896114186478399,137,0.0,fake,8
vendor_06,0.1362401498703343,0.11316706516436799,0.6666666666666666,0.4401582672644695,-0.12889897450099294,0.5690572417654625,9,0.3039181173941352,137,0.0,fake,9
vendor_09,0.1158562167002211,0.09654882755497293,0.8888888888888888,0.24596115516644754,-0.021265988152132202,0.2672271433185797,9,0.13010493846622645,137,0.0,fake,10
vendor_05,0.03550376653490213,0.029802563516449228,0.6666666666666666,0.4484822875299182,-0.529394619630613,0.9778769071605311,9,0.4129785209950161,137,0.0,fake,11
vendor_07,-0.1613344852005196,-0.13727766368199246,0.3333333333333333,0.19689364578726418,-0.35491338157741115,0.5518070273646754,9,0.3582281309877838,137,0.0,fake,12
vendor_04,1.3198610298001572,1.0947633153444576,1.0,1.562041360358515,0.3770386091210588,1.1850027512374561,9,0.24218033055835786,138,0.01,REAL,1
vendor_00,1.1623669964573868,1.0714297718575783,1.0,1.4254243699848455,0.8030898699422186,0.6223345000426268,9,0.2630573735274586,138,0.05,REAL,2
vendor_01,1.1623669964573868,1.0714297718575783,1.0,1.4254243699848455,0.8030898699422186,0.6223345000426268,9,0.2630573735274586,138,0.04,REAL,3
vendor_02,1.1030679735940982,1.0113328688280925,1.0,1.2871766465705892,0.8154929282335626,0.4716837183370266,9,0.18410867297649092,138,0.03,REAL,4
vendor_03,1.0395546048063056,0.9406385840221948,1.0,1.1811471854400069,0.6845917683651986,0.4965554170748082,9,0.14159258063370128,138,0.025,REAL,5
vendor_06,0.3803549301067294,0.3108485612423848,1.0,0.648548987231877,0.002071796631635849,0.6464771906002412,9,0.26819405712514766,138,0.0,fake,6
vendor_11,0.3520744283237006,0.2814658438748056,1.0,0.3786301830213626,0.20366169630830266,0.17496848671305992,9,0.02655575469766197,138,0.0,fake,7
vendor_07,0.11297810288635166,0.09125679507674474,0.6666666666666666,0.24508012351117775,-0.053834291010189654,0.2989144145213674,9,0.1321020206248261,138,0.0,fake,8
vendor_05,0.08851296064812793,0.0748800429914581,0.3333333333333333,0.5035688606685735,-0.1593813700977343,0.6629502307663078,9,0.4150559000204456,138,0.0,fake,9
vendor_09,-0.4606258690901931,-0.3712876622218957,0.0,-0.24976715908561337,-0.483710043398282,0.23394288431266863,9,0.21085871000457973,138,0.0,fake,10
vendor_08,-0.5010305603763971,-0.4078709076621428,0.0,-0.09220549368824081,-0.6795032272008615,0.5872977335126207,9,0.4088250666881563,138,0.0,fake,11
vendor_10,-0.599107864123033,-0.47769662239123345,0.0,-0.32349937587140426,-0.6995414866905564,0.3760421108191521,9,0.2756084882516287,138,0.0,fake,12
vendor_01,2.5881788458734905,2.259395589358014,1.0,2.688122295227245,1.7098122747236275,0.9783100205036177,9,0.09994344935375477,139,0.04,REAL,1
vendor_00,2.557051300362447,2.3143864615250194,1.0,2.5042233751815344,2.0162771499578307,0.4879462252237037,9,-0.052827925180912505,139,0.05,REAL,2
vendor_02,1.8092910302540153,1.5377495108641908,1.0,1.570869012858392,1.481936143146598,0.08893286971179393,9,-0.2384220173956233,139,0.03,REAL,3
vendor_03,1.3751839071777303,1.1405966014453157,1.0,1.3069238653872695,0.8984548906484519,0.4084689747388176,9,-0.06826004179046086,139,0.025,REAL,4
vendor_04,0.8663049848018605,0.6936257975144727,1.0,0.8148405283571134,0.5047968619321185,0.3100436664249949,9,-0.051464456444747064,139,0.01,REAL,5
vendor_10,0.5209776511383578,0.4101193998864247,1.0,0.9021827119800815,0.03280565971648906,0.8693770522635924,9,0.3812050608417237,139,0.0,fake,6
vendor_09,0.3641742669919877,0.3064510442126785,0.6666666666666666,0.987946256218895,-0.12032145721263222,1.1082677134315273,9,0.6237719892269074,139,0.0,fake,7
vendor_08,0.31910726932112227,0.25784082624588445,1.0,0.3536597413808587,0.1731428189691575,0.1805169224117012,9,0.03455247205973644,139,0.0,fake,8
vendor_07,0.2140736843516623,0.17741857610685757,1.0,0.3337098112857921,0.07064951027946421,0.2630603010063279,9,0.11963612693412978,139,0.0,fake,9
vendor_05,0.03467574153375313,0.031079646936124385,0.4444444444444444,0.22978414189265317,-0.1476351415514237,0.3774192834440769,9,0.19510840035890004,139,0.0,fake,10
vendor_11,-0.2972162723713673,-0.23646539487677476,0.1111111111111111,0.01313992626786691,-0.5586535742175535,0.5717935004854203,9,0.3103561986392342,139,0.0,fake,11
vendor_06,-0.36324448353777616,-0.2916434930327136,0.0,-0.12475614734194616,-0.5428898396125778,0.4181336922706316,9,0.23848833619583,139,0.0,fake,12
vendor_00,2.117264787940434,1.8752610895040835,1.0,2.105242832564952,1.5277869266208253,0.5774559059441269,9,-0.012021955375481674,140,0.05,REAL,1
vendor_01,1.8516109344927174,1.6156774683544255,1.0,1.92663038244709,1.203759386059901,0.7228709963871891,9,0.07501944795437265,140,0.04,REAL,2
vendor_02,1.5834106716524587,1.339410695072937,1.0,1.5524806114807093,1.0881052788429897,0.4643753326377196,9,-0.030930060171749485,140,0.03,REAL,3
vendor_03,1.3000035280708035,1.091884058741996,1.0,1.3766898710029556,0.8725043156085355,0.5041855553944201,9,0.07668634293215204,140,0.025,REAL,4
vendor_09,0.6187497330104231,0.4928476223979512,1.0,0.6681212768136902,0.3252020967375597,0.3429191800761305,9,0.049371543803267026,140,0.0,fake,5
vendor_11,0.19360750696453394,0.15108625261942604,0.6666666666666666,0.42475026914248804,-0.32280020086975475,0.7475504700122428,9,0.2311427621779541,140,0.0,fake,6
vendor_04,0.15822028458258514,0.13370699536837166,0.6666666666666666,0.365361671206295,-0.10635411469018005,0.471715785896475,9,0.20714138662370984,140,0.01,REAL,7
vendor_10,0.15467657548991157,0.11874651205814435,0.6666666666666666,0.4599978499063474,-0.16300186712984469,0.6229997170361921,9,0.30532127441643586,140,0.0,fake,8
vendor_05,0.08627330280436893,0.07089266108313508,1.0,0.11499659230687453,0.04024179364317809,0.07475479866369644,9,0.028723289502505606,140,0.0,fake,9
vendor_07,-0.2780386401814073,-0.22571752809209958,0.0,-0.05398763052400227,-0.4534446636489515,0.3994570331249492,9,0.22405100965740501,140,0.0,fake,10
vendor_06,-0.4372439074061911,-0.35630335417677067,0.0,-0.03867086055010045,-0.9038183522928266,0.8651474917427261,9,0.3985730468560907,140,0.0,fake,11
vendor_08,-0.5657703771988837,-0.4560359196156759,0.0,-0.14142954725848472,-0.7783310231910642,0.6369014759325795,9,0.42434082994039896,140,0.0,fake,12
vendor_00,1.5294723118701088,1.369981543656432,1.0,1.6914391188323663,0.7740245332194303,0.917414585612936,9,0.16196680696225751,141,0.05,REAL,1
vendor_01,1.5294723118701088,1.369981543656432,1.0,1.6914391188323663,0.7740245332194303,0.917414585612936,9,0.16196680696225751,141,0.04,REAL,2
vendor_02,1.5003791039944259,1.3152430232152836,1.0,1.5001974445754183,1.0224150888851644,0.47778235569025385,9,-0.00018165941900760707,141,0.03,REAL,3
vendor_03,1.0201525667836653,0.8493106119351487,1.0,1.086888803348902,0.42504343326651467,0.6618453700823872,9,0.06673623656523664,141,0.025,REAL,4
vendor_08,0.6326078366671207,0.5185220634047014,1.0,0.8725726376322026,0.283342569065074,0.5892300685671286,9,0.23996480096508188,141,0.0,fake,5
vendor_07,0.489488637847008,0.4044705351664464,0.6666666666666666,0.8342320138893841,-0.03905222252311483,0.8732842364124989,9,0.34474337604237604,141,0.0,fake,6
vendor_05,0.3670725878934902,0.2918653149606832,1.0,0.35350234543723563,0.19037662891211135,0.16312571652512428,9,-0.013570242456254544,141,0.0,fake,7
vendor_04,0.07683862198556785,0.061114011221774144,0.6666666666666666,0.26079717089704507,-0.1845369167954778,0.44533408769252286,9,0.18395854891147723,141,0.01,REAL,8
vendor_06,-0.05589514370552458,-0.0486747766832096,0.5555555555555556,0.1316708308859957,-0.2791917335618704,0.41086256444786606,9,0.1875659745915203,141,0.0,fake,9
vendor_10,-0.3293520295323002,-0.2625597451947046,0.1111111111111111,0.08300750013382599,-0.6257412218663817,0.7087487220002077,9,0.4123595296661262,141,0.0,fake,10
vendor_09,-0.3533351176351829,-0.2835100572332908,0.0,-0.04500705941449202,-0.45277490189825975,0.40776784248376774,9,0.30832805822069087,141,0.0,fake,11
vendor_11,-0.4404986964739922,-0.35188597822627093,0.0,-0.00435771890963491,-0.6842426285987114,0.6798849096890766,9,0.43614097756435727,141,0.0,fake,12
vendor_00,1.134697625588651,1.0287676791853582,1.0,1.1498340899872064,0.8257096047385954,0.3241244852486109,9,0.015136464398555427,142,0.05,REAL,1
vendor_01,1.134697625588651,1.028767679185358,1.0,1.149834089987206,0.8257096047385954,0.3241244852486105,9,0.015136464398554983,142,0.04,REAL,2
vendor_02,1.134697625588651,1.0287676791853582,1.0,1.149834089987206,0.8257096047385954,0.3241244852486105,9,0.015136464398554983,142,0.03,REAL,3
vendor_03,1.134697625588651,1.0287676791853582,1.0,1.1498340899872064,0.8257096047385954,0.3241244852486109,9,0.015136464398555427,142,0.025,REAL,4
vendor_08,0.666604572582543,0.542840046447651,1.0,0.859714607943892,0.05264335381968942,0.8070712541242026,9,0.19311003536134896,142,0.0,fake,5
vendor_04,0.5540799601036467,0.44860875626942953,1.0,0.7897600658281119,0.20117555512055826,0.5885845107075536,9,0.23568010572446518,142,0.01,REAL,6
vendor_05,0.4721408089261389,0.3821657674414644,1.0,0.6120605185943905,0.09641915912145783,0.5156413594729327,9,0.13991970966825157,142,0.0,fake,7
vendor_09,-0.10417248379838213,-0.08501342275390128,0.3333333333333333,0.06705343771848014,-0.2223956083549624,0.2894490460734425,9,0.17122592151686228,142,0.0,fake,8
vendor_11,-0.19673523866949955,-0.15038447436951666,0.6666666666666666,0.1695508511120509,-0.7231730579344476,0.8927239090464986,9,0.3662860897815504,142,0.0,fake,9
vendor_10,-0.24274239845685686,-0.18487574236113838,0.3333333333333333,0.24382759254833633,-0.5791235761295971,0.8229511686779334,9,0.48656999100519316,142,0.0,fake,10
vendor_06,-0.5395166365197931,-0.42165401554979637,0.0,-0.017061224531887013,-0.6852289727175722,0.6681677481856853,9,0.5224554119879061,142,0.0,fake,11
vendor_07,-0.8402110656070993,-0.6664797202199695,0.0,-0.5835567922386997,-0.8087627035320877,0.22520591129338796,9,0.25665427336839963,142,0.0,fake,12
vendor_02,1.469590925665005,1.304180174954534,1.0,1.6056758319203739,0.8528424932865378,0.7528333386338361,9,0.13608490625536884,143,0.03,REAL,1
vendor_00,1.409398174199219,1.2703257968532968,1.0,1.5500043599411686,0.8142913333109745,0.7357130266301941,9,0.1406061857419496,143,0.05,REAL,2
vendor_01,1.409398174199219,1.270325796853297,1.0,1.5500043599411686,0.8142913333109748,0.7357130266301938,9,0.1406061857419496,143,0.04,REAL,3
vendor_03,1.301133757115529,1.1373380429369269,1.0,1.4820100661174438,0.7654700034213191,0.7165400626961247,9,0.18087630900191476,143,0.025,REAL,4
vendor_04,0.48173051360863406,0.3954953371131458,1.0,0.5149428542036432,0.29833666928726243,0.21660618491638073,9,0.033212340595009104,143,0.01,REAL,5
vendor_07,0.19469426897051395,0.1530849891696192,0.7777777777777778,0.3320221437409529,-0.052988909504012735,0.38501105324496565,9,0.13732787477043895,143,0.0,fake,6
vendor_11,0.19465966036464705,0.15849457407365936,0.5555555555555556,0.6111053221801206,-0.15433990201965378,0.7654452241997743,9,0.41644566181547354,143,0.0,fake,7
vendor_05,0.009156592537742786,0.006685905709732618,0.4444444444444444,0.2113964670949901,-0.14728210752972223,0.3586785746247123,9,0.20223987455724732,143,0.0,fake,8
vendor_09,-0.2590364001177337,-0.2059595145127044,0.3333333333333333,0.04557327234766114,-0.6362207232008064,0.6817939955484675,9,0.30460967246539483,143,0.0,fake,9
vendor_08,-0.3892340331593548,-0.31917116972292736,0.0,-0.23490366537752097,-0.4583772549374339,0.22347358955991295,9,0.15433036778183382,143,0.0,fake,10
vendor_06,-0.5487083342387243,-0.43939035625793277,0.0,-0.2395200355223131,-0.6758546933977682,0.43633465787545506,9,0.30918829871641124,143,0.0,fake,11
vendor_10,-0.5569189508186296,-0.44332038011043834,0.0,-0.08942554789858308,-0.8633828254923558,0.7739572775937728,9,0.46749340292004654,143,0.0,fake,12
vendor_00,1.1748418966450218,1.0658093788849214,1.0,1.198611555668088,0.959860130620322,0.23875142504776603,9,0.02376965902306627,144,0.05,REAL,1
vendor_01,1.1748418966450218,1.0658093788849214,1.0,1.198611555668088,0.959860130620322,0.23875142504776603,9,0.02376965902306627,144,0.04,REAL,2
vendor_03,1.1748418966450218,1.0658093788849214,1.0,1.198611555668088,0.959860130620322,0.23875142504776603,9,0.02376965902306627,144,0.025,REAL,3
vendor_02,1.1748418966450216,1.0658093788849214,1.0,1.198611555668088,0.959860130620322,0.23875142504776603,9,0.02376965902306649,144,0.03,REAL,4
vendor_04,0.8587872571139724,0.7097931711252263,1.0,0.8355145572881498,0.564217764539092,0.2712967927490578,9,-0.023272699825822585,144,0.01,REAL,5
vendor_09,0.7033691944244056,0.5697599816527117,1.0,0.7362505308124305,0.3821972655538545,0.354053265258576,9,0.03288133638802493,144,0.0,fake,6
vendor_06,0.4019629982594767,0.3220967268607865,0.6666666666666666,0.6820146338078497,-0.0933836270518347,0.7753982608596843,9,0.280051635548373,144,0.0,fake,7
vendor_07,0.2446427635163365,0.19479809061588363,0.8888888888888888,0.337996356884994,-0.02466684580021093,0.36266320268520497,9,0.09335359336865753,144,0.0,fake,8
vendor_08,0.005841922751782568,0.00884429120145603,0.6666666666666666,0.23388250592397603,-0.30383913462838347,0.5377216405523595,9,0.22804058317219345,144,0.0,fake,9
vendor_05,-0.16667060217141302,-0.13705862778417593,0.0,-0.07381989639505364,-0.23252443145288282,0.15870453505782917,9,0.09285070577635939,144,0.0,fake,10
vendor_11,-0.24742796382212875,-0.2038019290211396,0.0,-0.10265857378117685,-0.33340154098380576,0.2307429672026289,9,0.1447693900409519,144,0.0,fake,11
vendor_10,-0.3026633829605162,-0.25348582187979196,0.3333333333333333,0.11403484848129693,-0.6282799761189757,0.7423148246002726,9,0.4166982314418131,144,0.0,fake,12
vendor_02,1.740250625951218,1.5398845951185636,1.0,1.7076293089018713,1.4316564741807694,0.2759728347211019,9,-0.03262131704934679,145,0.03,REAL,1
vendor_00,1.6293788810229168,1.4966778720211273,1.0,1.622559320578763,1.3709163656747763,0.2516429549039867,9,-0.006819560444153883,145,0.05,REAL,2
vendor_01,1.6293788810229168,1.4966778720211276,1.0,1.622559320578763,1.3709163656747763,0.2516429549039867,9,-0.006819560444153883,145,0.04,REAL,3
vendor_03,1.22385552796925,1.076842886894882,1.0,1.3369686525867965,0.745561394138635,0.5914072584481616,9,0.11311312461754652,145,0.025,REAL,4
vendor_04,0.8125427976384352,0.6527454247824637,1.0,1.012335101516914,0.36041332680632243,0.6519217747105915,9,0.1997923038784788,145,0.01,REAL,5
vendor_09,0.5467859206800936,0.4428749302728007,1.0,0.5470187386855289,0.3307550003756302,0.21626373830989865,9,0.00023281800543528686,145,0.0,fake,6
vendor_06,0.5178166245198278,0.4050595750190922,1.0,0.7070131990894303,0.04469895099096761,0.6623142480984626,9,0.18919657456960248,145,0.0,fake,7
vendor_10,0.3564452728997083,0.2901364190807123,1.0,0.48953469933324884,0.04679317026787577,0.44274152906537306,9,0.13308942643354055,145,0.0,fake,8
vendor_11,0.15559755204358863,0.13152199547448368,0.6666666666666666,0.31137696894038963,-0.09331930683291695,0.4046962757733066,9,0.155779416896801,145,0.0,fake,9
vendor_08,0.004916268816470026,0.006870584306548448,0.3333333333333333,0.6053003350544078,-0.44199290574832806,1.0472932408027358,9,0.6003840662379378,145,0.0,fake,10
vendor_05,-0.08373315387881683,-0.07438873102125615,0.3333333333333333,0.34600824208119635,-0.46552182104776235,0.8115300631289587,9,0.42974139596001315,145,0.0,fake,11
vendor_07,-0.5443277473820632,-0.4390701736130953,0.0,-0.3391789916649968,-0.5468782554447171,0.2076992637797203,9,0.20514875571706642,145,0.0,fake,12
vendor_00,1.281585275994036,1.1509891701188757,1.0,1.7547267219904072,0.4005486723565147,1.3541780496338927,9,0.4731414459963712,146,0.05,REAL,1
vendor_01,1.281585275994036,1.1509891701188757,1.0,1.7547267219904072,0.40054867235651465,1.3541780496338927,9,0.4731414459963712,146,0.04,REAL,2
vendor_02,1.1132089591361094,0.9712005822665977,1.0,1.3611619350614534,0.4243027408436244,0.936859194217829,9,0.24795297592534404,146,0.03,REAL,3
vendor_03,0.7487807474378524,0.6471188087624172,1.0,1.2986912317031358,0.18558597927066237,1.1131052524324734,9,0.5499104842652834,146,0.025,REAL,4
vendor_07,0.4913834710792761,0.3861870026109634,1.0,0.6882176974545152,0.10170204563812282,0.5865156518163924,9,0.19683422637523912,146,0.0,fake,5
vendor_09,0.43408588144417654,0.349152638946924,0.6666666666666666,0.7840097148832734,-0.1742058145333635,0.9582155294166369,9,0.3499238334390969,146,0.0,fake,6
vendor_04,0.4237791669745671,0.3510495203771663,1.0,0.6450684834062408,0.08051836951576315,0.5645501138904776,9,0.2212893164316737,146,0.01,REAL,7
vendor_11,0.16163974179161592,0.13882973733716228,0.6666666666666666,0.4689645922308888,-0.27975354873068814,0.748718140961577,9,0.30732485043927293,146,0.0,fake,8
vendor_06,0.11570647724079738,0.08113186183528591,0.6666666666666666,0.4567449418890924,-0.5612427722762533,1.0179877141653457,9,0.341038464648295,146,0.0,fake,9
vendor_10,-0.0860391423226063,-0.07408241623952008,0.6666666666666666,0.13372664004021806,-0.4068535921485058,0.5405802321887239,9,0.21976578236282435,146,0.0,fake,10
vendor_05,-0.340207555346021,-0.28486939776754966,0.3333333333333333,0.23044278039881075,-0.673810107975225,0.9042528883740357,9,0.5706503357448317,146,0.0,fake,11
vendor_08,-0.594569316703858,-0.4823680337261727,0.0,-0.2287461785559236,-0.7672490408137642,0.5385028622578406,9,0.36582313814793443,146,0.0,fake,12
vendor_01,1.610240773308491,1.4495305711848248,1.0,2.0579332533774677,0.6228710912971361,1.4350621620803317,9,0.4476924800689768,147,0.04,REAL,1
vendor_00,1.5777245401975604,1.4425887516062026,1.0,2.0312005888614357,0.5995796837792344,1.4316209050822013,9,0.45347604866387536,147,0.05,REAL,2
vendor_03,1.540754283047423,1.3058471890286314,1.0,1.6918321990182994,0.7489637564416729,0.9428684425766265,9,0.1510779159708764,147,0.025,REAL,3
vendor_02,1.4145590625823865,1.2372760701338608,1.0,1.6626855034132904,0.5385730133446841,1.1241124900686064,9,0.24812644083090385,147,0.03,REAL,4
vendor_08,0.6907206505985997,0.5535943799947849,1.0,0.8313419152417891,0.3489570961223705,0.4823848191194186,9,0.14062126464318947,147,0.0,fake,5
vendor_09,0.37664309002321483,0.3038243430121297,1.0,0.5397071395269507,0.16757047025284832,0.3721366692741024,9,0.16306404950373588,147,0.0,fake,6
vendor_11,0.29172966474501244,0.23956720047568045,1.0,0.5006133836109883,0.050311008463062745,0.45030237514792554,9,0.20888371886597584,147,0.0,fake,7
vendor_04,0.1746111479658261,0.1393965060654051,0.6666666666666666,0.3298536817854592,-0.18239643818947668,0.5122501199749359,9,0.1552425338196331,147,0.01,REAL,8
vendor_07,0.028013675303064794,0.023292607395416845,0.6666666666666666,0.4630439762913632,-0.6077032802393733,1.0707472565307365,9,0.43503030098829837,147,0.0,fake,9
vendor_05,0.011031994727374315,-0.0022821463547250615,0.5555555555555556,0.3246739618153832,-0.3386696342695744,0.6633435960849576,9,0.3136419670880089,147,0.0,fake,10
vendor_06,-0.03223855146661012,-0.02887262889756321,0.3333333333333333,0.10095189885713658,-0.17158238778099935,0.27253428663813595,9,0.1331904503237467,147,0.0,fake,11
vendor_10,-0.1127121077110402,-0.09147774192393877,0.6666666666666666,0.10927006275501609,-0.40987147495306897,0.519141537708085,9,0.22198217046605628,147,0.0,fake,12
vendor_00,2.2038945177210247,2.0065769432730574,1.0,2.213131419354819,1.657942413286395,0.5551890060684241,9,0.009236901633794314,148,0.05,REAL,1
vendor_01,2.0965339071304228,1.8647071709032668,1.0,2.047813386106252,1.6661275671958855,0.38168581891036646,9,-0.04872052102417079,148,0.04,REAL,2
vendor_02,1.5612453274433737,1.3668658222963854,1.0,1.5526023839476486,1.0409579374743083,0.5116444464733403,9,-0.008642943495725142,148,0.03,REAL,3
vendor_03,1.365500499585675,1.1464537199215217,1.0,1.5162853147831103,0.7579529038813458,0.7583324109017645,9,0.15078481519743536,148,0.025,REAL,4
vendor_04,0.7203850882710181,0.5860934514499385,1.0,0.8609851099872694,0.09689344251390292,0.7640916674733664,9,0.1406000217162513,148,0.01,REAL,5
vendor_10,0.006427371899718738,0.0025822375870699125,0.3333333333333333,0.2516174550542117,-0.16459322930318238,0.41621068435739406,9,0.24519008315449295,148,0.0,fake,6
vendor_08,-0.0023689513988249915,0.003101052277889587,0.3333333333333333,0.43227316250894926,-0.35163616308750595,0.7839093255964552,9,0.43464211390777424,148,0.0,fake,7
vendor_05,-0.3179701653673784,-0.2511094020728473,0.2222222222222222,0.06721444079175347,-0.7898903353502258,0.8571047761419792,9,0.38518460615913186,148,0.0,fake,8
vendor_07,-0.36197863311552353,-0.2904201159078739,0.0,-0.10193401588008445,-0.45749546103165983,0.3555614451515754,9,0.2600446172354391,148,0.0,fake,9
vendor_11,-0.40988291283517186,-0.3342264030425499,0.0,-0.03410200820455439,-0.5584670918143687,0.5243650836098144,9,0.3757809046306175,148,0.0,fake,10
vendor_09,-0.8483959607232511,-0.6666310333687668,0.0,-0.19139892002579753,-1.0233729025482274,0.8319739825224299,9,0.6569970406974536,148,0.0,fake,11
vendor_06,-0.9316459636477681,-0.7503114864749878,0.0,-0.5886413304962774,-0.959410329749212,0.3707689992529346,9,0.34300463315149066,148,0.0,fake,12
vendor_00,2.211123386446946,2.0004851237320036,1.0,2.31911061723166,1.4379077675769656,0.8812028496546942,9,0.10798723078471362,149,0.05,REAL,1
vendor_01,2.130442229209794,1.8721024500927024,1.0,2.1983446925058105,1.375249426467783,0.8230952660380275,9,0.06790246329601635,149,0.04,REAL,2
vendor_03,1.7411030213697163,1.4458841438324268,1.0,1.761405814482687,1.2826720066598294,0.47873380782285757,9,0.020302793112970674,149,0.025,REAL,3
vendor_02,1.5602153570892991,1.3228168659181612,1.0,1.4481342166606463,1.2034631710069505,0.2446710456536958,9,-0.1120811404286528,149,0.03,REAL,4
vendor_11,0.38477440404831537,0.3139039699739889,1.0,0.5398875178895055,0.07979433417695045,0.46009318371255503,9,0.15511311384119014,149,0.0,fake,5
vendor_10,0.3237276814742904,0.2518480817864655,1.0,0.6199014175555404,0.009996682528334935,0.6099047350272054,9,0.29617373608125,149,0.0,fake,6
vendor_04,0.22218657109712578,0.18340606618330446,0.8888888888888888,0.3750135848259464,-0.07674778979811228,0.45176137462405863,9,0.1528270137288206,149,0.01,REAL,7
vendor_09,0.09300877878026383,0.06351072466305949,0.3333333333333333,0.7530965922389725,-0.4210793010779276,1.1741758933169002,9,0.6600878134587087,149,0.0,fake,8
vendor_07,0.07907795840405406,0.061744307765689635,0.6666666666666666,0.24399684649068182,-0.14960263892234266,0.3935994854130245,9,0.16491888808662775,149,0.0,fake,9
vendor_06,0.018127791078047503,0.015861166638614796,0.6666666666666666,0.19430431193504694,-0.22105193791404754,0.41535624984909447,9,0.17617652085699942,149,0.0,fake,10
vendor_08,-0.08494551686949245,-0.06768526258768115,0.3333333333333333,0.14185408520118614,-0.2857186422172332,0.42757272741841934,9,0.2267996020706786,149,0.0,fake,11
vendor_05,-0.3240137961287274,-0.2651093585921159,0.0,-0.07425307953415153,-0.3947323135750645,0.32047923404091294,9,0.24976071659457585,149,0.0,fake,12
vendor_02,1.9072275614053953,1.6950157312174932,1.0,2.0126404654499392,1.295992191514722,0.7166482739352174,9,0.10541290404454395,150,0.03,REAL,1
vendor_00,1.8391545950131882,1.6604088235647914,1.0,1.9632607746041097,1.3357437314718246,0.6275170431322852,9,0.12410617959092152,150,0.05,REAL,2
vendor_01,1.8391545950131882,1.6604088235647914,1.0,1.96326077460411,1.3357437314718246,0.6275170431322854,9,0.12410617959092174,150,0.04,REAL,3
vendor_03,1.6628119923457225,1.4415975596756505,1.0,1.9382420118794381,1.0634998951579373,0.8747421167215008,9,0.2754300195337156,150,0.025,REAL,4
vendor_04,0.8015916926830073,0.6544755376139939,1.0,1.0347696285071568,0.13310838683684142,0.9016612416703154,9,0.23317793582414947,150,0.01,REAL,5
vendor_06,0.34274116442505964,0.2739192276664945,1.0,0.43130228532342785,0.04840865586397934,0.3828936294594485,9,0.0885611208983682,150,0.0,fake,6
vendor_09,0.21752141368553873,0.18442185444906734,0.6666666666666666,0.6747079603553829,-0.5302843413669056,1.2049923017222886,9,0.4571865466698442,150,0.0,fake,7
vendor_05,-0.05293511436743601,-0.04567039681334856,0.5555555555555556,0.15554638865377346,-0.24583540585106017,0.40138179450483363,9,0.20848150302120946,150,0.0,fake,8
vendor_11,-0.12362734766602194,-0.09748223736005743,0.0,-0.021882123279026153,-0.15480709223299507,0.13292496895396894,9,0.10174522438699579,150,0.0,fake,9
vendor_07,-0.38975062310021447,-0.3154941871693269,0.0,-0.12917436712527983,-0.48892289895698055,0.35974853183170075,9,0.2605762559749346,150,0.0,fake,10
vendor_08,-1.0730166456071175,-0.8612469402429958,0.0,-0.7901684495973431,-0.9336969081641409,0.14352845856679775,9,0.2828481960097744,150,0.0,fake,11
vendor_10,-1.1986022594772836,-0.97229359619074,0.0,-0.822816830881396,-1.1054685286258668,0.28265169774447074,9,0.3757854285958876,150,0.0,fake,12
vendor_00,1.8103401437334465,1.6521529037049931,1.0,2.156785725097071,1.0726091682378052,1.0841765568592658,9,0.34644558136362447,151,0.05,REAL,1
vendor_02,1.67985842331021,1.4533716851549412,1.0,1.9928624228447496,0.9646383904379511,1.0282240324067984,9,0.3130039995345395,151,0.03,REAL,2
vendor_01,1.556036445885338,1.4074097578486056,1.0,1.823849952813929,0.853450023743931,0.970399929069998,9,0.26781350692859096,151,0.04,REAL,3
vendor_03,1.1161965132944782,0.9477963022349299,1.0,1.2429255339150074,0.6011438871668903,0.6417816467481171,9,0.12672902062052915,151,0.025,REAL,4
vendor_04,0.6192092796707451,0.4971935914441404,1.0,0.9164817116747863,0.10163138606529185,0.8148503256094944,9,0.2972724320040412,151,0.01,REAL,5
vendor_08,0.29914398885531873,0.23149994087696996,0.6666666666666666,0.6247165991646813,-0.16398587091225034,0.7887024700769316,9,0.3255726103093625,151,0.0,fake,6
vendor_07,0.2087686958689355,0.16910068237021314,0.6666666666666666,0.3242545640793345,-0.03065172797256198,0.3549062920518965,9,0.115485868210399,151,0.0,fake,7
vendor_09,-0.05398895920563197,-0.04396231349841029,0.6666666666666666,0.21226786762499128,-0.4256989891305557,0.637966856755547,9,0.26625682683062324,151,0.0,fake,8
vendor_10,-0.06997108888504938,-0.04947551403923886,0.2222222222222222,0.1213723961768754,-0.13081348647520308,0.2521858826520785,9,0.19134348506192478,151,0.0,fake,9
vendor_11,-0.0953949348298073,-0.06743630298891813,0.3333333333333333,0.21581586043248993,-0.2723017756303912,0.48811763606288117,9,0.3112107952622972,151,0.0,fake,10
vendor_05,-0.11446896732646789,-0.08853543070980523,0.6666666666666666,0.27384656024615023,-0.6266079506360082,0.9004545108821584,9,0.3883155275726181,151,0.0,fake,11
vendor_06,-0.23674747834906118,-0.18719858929556718,0.0,-0.10454999384388323,-0.2694665863734055,0.16491659252952223,9,0.13219748450517793,151,0.0,fake,12
vendor_02,1.300197437141223,1.1681826004978721,1.0,1.2700930578881253,1.0083488130826272,0.26174424480549807,9,-0.030104379253097724,152,0.03,REAL,1
vendor_00,1.3001974371412226,1.1681826004978721,1.0,1.2700930578881253,1.0083488130826272,0.26174424480549807,9,-0.03010437925309728,152,0.05,REAL,2
vendor_01,1.3001974371412226,1.1681826004978724,1.0,1.270093057888125,1.0083488130826272,0.26174424480549785,9,-0.030104379253097502,152,0.04,REAL,3
vendor_03,1.058433055288557,0.9390208124753641,1.0,1.0932147349304688,0.7668080097250373,0.32640672520543157,9,0.03478167964191181,152,0.025,REAL,4
vendor_11,0.9891815726317525,0.8066910608434241,1.0,1.1294611776454229,0.36149450690343365,0.7679666707419892,9,0.14027960501367032,152,0.0,fake,5
vendor_04,0.7297085645535922,0.60008423688054,1.0,0.7894488066398778,0.31894668005066434,0.4705021265892135,9,0.05974024208628559,152,0.01,REAL,6
vendor_07,0.33167550399765444,0.26814058060866264,1.0,0.43323047663867076,0.14658308347705745,0.2866473931616133,9,0.10155497264101632,152,0.0,fake,7
vendor_05,0.3183628302210506,0.25987683843620396,1.0,0.4122556566776711,0.07217914799533495,0.3400765086823362,9,0.0938928264566205,152,0.0,fake,8
vendor_09,0.2767483647325488,0.21852651159258799,0.6666666666666666,0.5062067925148886,-0.045911516830585385,0.552118309345474,9,0.22945842778233982,152,0.0,fake,9
vendor_06,-0.17433749752651803,-0.13068773628120078,0.5555555555555556,0.14322474715302047,-0.5956990471357161,0.7389237942887366,9,0.31756224467953853,152,0.0,fake,10
vendor_08,-0.33332274189198347,-0.26047980962586564,0.0,-0.009786657030062486,-0.4708025834435126,0.46101592641345013,9,0.323536084861921,152,0.0,fake,11
vendor_10,-0.645422769808947,-0.5147030260512637,0.0,-0.3204622281498456,-0.7345227066679374,0.4140604785180918,9,0.3249605416591014,152,0.0,fake,12
vendor_00,1.3968287251020297,1.268785476987244,1.0,1.6654598836345968,0.7716079337473633,0.8938519498872336,9,0.26863115853256714,153,0.05,REAL,1
vendor_01,1.3968287251020295,1.268785476987244,1.0,1.6654598836345968,0.7716079337473633,0.8938519498872336,9,0.26863115853256736,153,0.04,REAL,2
vendor_02,1.2748461044414412,1.1249818455879876,1.0,1.3999888644554555,0.6172243926072544,0.7827644718482011,9,0.12514276001401425,153,0.03,REAL,3
vendor_03,0.9862638857058098,0.8508236258161991,1.0,1.1719011862031656,0.6389108180497483,0.5329903681534174,9,0.18563730049735583,153,0.025,REAL,4
vendor_11,0.4135263963702585,0.3336062093172989,1.0,0.5238520387930725,0.12725060565349436,0.3966014331395782,9,0.11032564242281401,153,0.0,fake,5
vendor_06,0.4064898107917189,0.31828819351678156,1.0,0.5346827969401496,0.04056344526334842,0.4941193516768012,9,0.12819298614843072,153,0.0,fake,6
vendor_04,0.2988686524920366,0.25203903777851555,0.6666666666666666,0.5058545325315339,-0.18167783000589716,0.687532362537431,9,0.2069858800394973,153,0.01,REAL,7
vendor_09,0.1531385836411074,0.1261439056195729,0.6666666666666666,0.537317616014849,-0.46484142243277693,1.0021590384476258,9,0.3841790323737415,153,0.0,fake,8
vendor_07,0.08028020475840243,0.05954472254964208,0.6666666666666666,0.2714652931060873,-0.1219269382828662,0.3933922313889535,9,0.19118508834768488,153,0.0,fake,9
vendor_05,0.001131604220151524,0.005196230378212513,0.3333333333333333,0.30406169669429806,-0.14555746906782546,0.4496191657621235,9,0.30293009247414654,153,0.0,fake,10
vendor_10,-0.11277651180766303,-0.08623858649749082,0.5555555555555556,0.06314536312307288,-0.2973410823981659,0.3604864455212388,9,0.1759218749307359,153,0.0,fake,11
vendor_08,-0.48168919593515436,-0.402771894063115,0.0,-0.05490058517140628,-0.6466541884954825,0.5917536033240762,9,0.4267886107637481,153,0.0,fake,12
vendor_00,2.188761195841874,2.011822286356509,1.0,2.3327621988380347,1.4693135425251984,0.8634486563128363,9,0.14400100299616092,154,0.05,REAL,1
vendor_01,2.1880184564745324,1.9290757418375566,1.0,2.1550727429982404,1.526503910106914,0.6285688328913264,9,-0.03294571347629205,154,0.04,REAL,2
vendor_02,1.403918262484713,1.2056678276113608,1.0,1.5337777167997133,0.8016665785431406,0.7321111382565727,9,0.12985945431500023,154,0.03,REAL,3
vendor_03,1.1089165471529903,0.9334506610546218,1.0,1.1153299963085865,0.8170513281782054,0.2982786681303812,9,0.006413449155596274,154,0.025,REAL,4
vendor_10,0.5441657356756358,0.428911732938266,1.0,0.812175504383531,0.18801630816758416,0.6241591962159468,9,0.2680097687078953,154,0.0,fake,5
vendor_09,0.425590015772498,0.331315639589379,1.0,0.5633161531623709,0.11397198900748405,0.44934416415488687,9,0.13772613738987294,154,0.0,fake,6
vendor_04,0.34344376024612017,0.2767128393932062,0.5555555555555556,0.8822426947628419,-0.03967125059543294,0.9219139453582749,9,0.5387989345167217,154,0.01,REAL,7
vendor_11,0.2989084535057256,0.24118851087654022,1.0,0.44731995620338244,0.03612088581589111,0.4111990703874913,9,0.14841150269765685,154,0.0,fake,8
vendor_08,-0.04191719106950197,-0.028224401082590785,0.6666666666666666,0.3938730704064453,-0.5039368905358247,0.8978099609422701,9,0.4357902614759473,154,0.0,fake,9
vendor_05,-0.1697908887675974,-0.13548667187803456,0.3333333333333333,0.20952832700838406,-0.3252347465143892,0.5347630735227733,9,0.3793192157759815,154,0.0,fake,10
vendor_07,-0.19503489023000853,-0.15934977796023897,0.3333333333333333,0.18374280654478306,-0.3875513504132826,0.5712941569580656,9,0.37877769677479156,154,0.0,fake,11
vendor_06,-0.5320340712153379,-0.4295559364832563,0.0,-0.34134150590776857,-0.5249298541028784,0.18358834819510983,9,0.19069256530756928,154,0.0,fake,12
vendor_01,2.164221258696728,1.8850551180687363,1.0,2.460203596414781,1.197428759641926,1.262774836772855,9,0.29598233771805305,155,0.04,REAL,1
vendor_00,2.095226049790876,1.8520710101222795,1.0,2.2777230385615743,1.0775130435785003,1.200209994983074,9,0.1824969887706982,155,0.05,REAL,2
vendor_02,1.9032498454345137,1.5772654553221492,1.0,1.9628060205300224,1.2806239927123129,0.6821820278177095,9,0.0595561750955087,155,0.03,REAL,3
vendor_03,1.506430496453948,1.2281681734401129,1.0,1.5564151593992976,0.6818271108179023,0.8745880485813954,9,0.049984662945349534,155,0.025,REAL,4
vendor_04,1.287241181035409,1.0358722955403994,1.0,1.2699986071425626,0.6775489127904447,0.5924496943521179,9,-0.017242573892846336,155,0.01,REAL,5
vendor_07,0.23566557335306848,0.18775899015898978,1.0,0.370682326253425,0.0298315276318289,0.3408507986215961,9,0.13501675290035653,155,0.0,fake,6
vendor_10,0.01906510400830701,0.019605548524103303,0.3333333333333333,0.40983728076501946,-0.32522407504986117,0.7350613558148806,9,0.39077217675671244,155,0.0,fake,7
vendor_09,-0.0037517116949179943,-0.003391873075900942,0.3333333333333333,0.4168409172824044,-0.36664784169688636,0.7834887589792907,9,0.4205926289773224,155,0.0,fake,8
vendor_06,-0.007421097129125991,0.0033890616312986263,0.3333333333333333,0.49365024459852225,-0.2750903063693181,0.7687405509678403,9,0.5010713417276482,155,0.0,fake,9
vendor_08,-0.05963923485287392,-0.0547189965148793,0.3333333333333333,0.3760762927309725,-0.3138168912796903,0.6898931840106628,9,0.4357155275838464,155,0.0,fake,10
vendor_11,-0.10153215818734633,-0.0825604042473293,0.3333333333333333,0.2947904898404729,-0.3219043939627274,0.6166948838032003,9,0.39632264802781925,155,0.0,fake,11
vendor_05,-0.30163790767269794,-0.22728734012085627,0.3333333333333333,0.46775566662255175,-0.8997872804411865,1.3675429470637384,9,0.7693935742952497,155,0.0,fake,12
vendor_00,1.85848589180854,1.6774973916442173,1.0,2.0038762315525065,1.453131327193597,0.5507449043589094,9,0.14539033974396642,156,0.05,REAL,1
vendor_01,1.85848589180854,1.6774973916442173,1.0,2.0038762315525065,1.4531313271935966,0.5507449043589099,9,0.14539033974396642,156,0.04,REAL,2
vendor_02,1.7402596372879007,1.556343662008599,1.0,1.826674724625513,1.3281677374784104,0.4985069871471026,9,0.08641508733761238,156,0.03,REAL,3
vendor_03,1.606537639315532,1.388664468069325,1.0,1.6050295953298686,1.1894876602536169,0.4155419350762517,9,-0.0015080439856633987,156,0.025,REAL,4
vendor_11,0.7586261487523243,0.6098319890955126,1.0,1.2699998481792032,0.02724022210694294,1.2427596260722602,9,0.5113736994268789,156,0.0,fake,5
vendor_04,0.6512097890184602,0.5128269259854067,1.0,0.6497151092775585,0.3177100066506558,0.3320051026269027,9,-0.001494679740901672,156,0.01,REAL,6
vendor_07,-0.07803697671933325,-0.06018894762148968,0.6666666666666666,0.1336872665690098,-0.386289733485118,0.5199770000541278,9,0.21172424328834305,156,0.0,fake,7
vendor_06,-0.2274056934184354,-0.17198503740382545,0.4444444444444444,0.23583311909417526,-0.7049675081976259,0.9408006272918011,9,0.4632388125126107,156,0.0,fake,8
vendor_09,-0.24538625043471013,-0.19159330882597017,0.0,-0.10161647210526131,-0.3855052494369178,0.28388877733165646,9,0.14376977832944882,156,0.0,fake,9
vendor_10,-0.4595762813554108,-0.370658752080754,0.0,-0.10506571320067032,-0.6369058048254058,0.5318400916247354,9,0.35451056815474047,156,0.0,fake,10
vendor_08,-0.48086908539459244,-0.3830912905427033,0.0,-0.015482875469685957,-0.775098646957655,0.759615771487969,9,0.4653862099249065,156,0.0,fake,11
vendor_05,-1.2352054374468036,-0.9911842950131814,0.0,-0.790404905111774,-1.1989539257326138,0.40854902062083986,9,0.4448005323350296,156,0.0,fake,12
vendor_00,1.7995791584753495,1.6239670950521337,1.0,2.1012608406709745,1.0301534409017852,1.0711073997691893,9,0.30168168219562497,157,0.05,REAL,1
vendor_02,1.6967484261172348,1.4559395140826719,1.0,1.903427752901761,0.946131096065372,0.9572966568363889,9,0.20667932678452616,157,0.03,REAL,2
vendor_01,1.5361399643753564,1.365268610382015,1.0,1.715158840754844,0.8896497872211345,0.8255090535337094,9,0.17901887637948755,157,0.04,REAL,3
vendor_03,1.0447134448874145,0.887596487145103,1.0,1.1735782746450392,0.4089406413013617,0.7646376333436775,9,0.1288648297576247,157,0.025,REAL,4
vendor_09,0.7400920362214889,0.5884594788254349,1.0,1.0415202591744628,0.30219414664397415,0.7393261125304886,9,0.3014282229529739,157,0.0,fake,5
vendor_04,0.4671572720745252,0.38926351230508355,1.0,0.6824443245432332,0.1573173362820632,0.52512698826117,9,0.21528705246870805,157,0.01,REAL,6
vendor_05,0.33748884647035865,0.26941908721396934,1.0,0.44601552629550195,0.05591702968377434,0.39009849661172763,9,0.1085266798251433,157,0.0,fake,7
vendor_07,0.17574468065061657,0.14139369850884462,0.6666666666666666,0.33538605575107083,-0.04317551776175051,0.3785615735128213,9,0.15964137510045426,157,0.0,fake,8
vendor_11,-0.17242718072026042,-0.14585989896485768,0.5555555555555556,0.13252160015205283,-0.5854620538825298,0.7179836540345826,9,0.30494878087231325,157,0.0,fake,9
vendor_10,-0.3170141534233815,-0.258918360181594,0.3333333333333333,0.315044571965601,-0.9004917116705728,1.2155362836361738,9,0.6320587253889824,157,0.0,fake,10
vendor_08,-0.3370111000676873,-0.2644275149695775,0.3333333333333333,0.4105923460268256,-0.9010956187313893,1.311687964758215,9,0.7476034460945129,157,0.0,fake,11
vendor_06,-0.7567648189235652,-0.6115149022404069,0.0,-0.3550742872405113,-0.8788124664989863,0.523738179258475,9,0.40169053168305385,157,0.0,fake,12
vendor_01,2.7859347067561404,2.400288640371074,1.0,3.0759064264239586,1.644471401055888,1.4314350253680705,9,0.2899717196678182,158,0.04,REAL,1
vendor_00,2.5263467269217226,2.257140716876926,1.0,2.585187619119326,1.7723348279702724,0.8128527911490535,9,0.058840892197603356,158,0.05,REAL,2
vendor_03,1.800624449473182,1.4632927135278264,1.0,1.9440993280056647,0.9522528298290964,0.9918464981765682,9,0.14347487853248264,158,0.025,REAL,3
vendor_02,1.544960663260488,1.2975940904805938,1.0,1.5303672897494915,1.1205196267192232,0.4098476630302683,9,-0.014593373510996432,158,0.03,REAL,4
vendor_04,0.3338700544291516,0.2598204623388734,1.0,0.6330451221879121,0.022798803513281937,0.6102463186746302,9,0.2991750677587605,158,0.01,REAL,5
vendor_11,-0.06234794890514077,-0.043487697216675,0.6666666666666666,0.2638235365059506,-0.5120406134300682,0.7758641499360188,9,0.32617148541109137,158,0.0,fake,6
vendor_05,-0.07969949573806362,-0.06048736820958134,0.4444444444444444,0.20598609668685952,-0.30789772671797516,0.5138838234048346,9,0.28568559242492314,158,0.0,fake,7
vendor_07,-0.09628479137690783,-0.07481892510909176,0.3333333333333333,0.04929457567111959,-0.24853012182456094,0.2978246974956805,9,0.14557936704802743,158,0.0,fake,8
vendor_06,-0.16074753548888013,-0.1283422189974176,0.0,-0.00024563581146796825,-0.21936517972602643,0.21911954391455846,9,0.16050189967741216,158,0.0,fake,9
vendor_09,-0.22029576284580685,-0.1895056368467232,0.3333333333333333,0.21293863978998717,-0.4357310580102641,0.6486696978002513,9,0.43323440263579405,158,0.0,fake,10
vendor_08,-0.34566260786930664,-0.2739276756939677,0.1111111111111111,0.007725238060171018,-0.5486797700981321,0.5564050081583031,9,0.35338784592947764,158,0.0,fake,11
vendor_10,-0.5922339880073513,-0.47869519568977903,0.0,-0.3461199672549678,-0.5550946330964106,0.2089746658414428,9,0.24611402075238348,158,0.0,fake,12
vendor_02,1.3715520402406511,1.237192594884648,1.0,1.6706959348277304,0.6416686288735282,1.029027305954202,9,0.29914389458707924,159,0.03,REAL,1
vendor_00,1.3111211253749382,1.1929405611297694,1.0,1.5138968862336697,0.6710418068301164,0.8428550794035533,9,0.2027757608587315,159,0.05,REAL,2
vendor_01,1.3111211253749382,1.1929405611297694,1.0,1.5138968862336697,0.6710418068301164,0.8428550794035533,9,0.2027757608587315,159,0.04,REAL,3
vendor_03,1.1782866366615707,1.0299981619267855,1.0,1.3937231713834783,0.6142198590106224,0.779503312372856,9,0.2154365347219076,159,0.025,REAL,4
vendor_04,0.5594006813693272,0.460357752946885,1.0,0.8736946904569143,0.05779870038043142,0.8158959900764828,9,0.3142940090875871,159,0.01,REAL,5
vendor_05,0.5009013389441604,0.4098277719311449,1.0,0.5392825905845976,0.25238835823749695,0.28689423234710065,9,0.03838125164043715,159,0.0,fake,6
vendor_06,0.2589925589123084,0.21218629230568553,1.0,0.36464123226190387,0.015285407556559782,0.3493558247053441,9,0.10564867334959549,159,0.0,fake,7
vendor_08,0.2554738597482145,0.2060755336554559,1.0,0.4541426165737228,0.034423398705419946,0.41971921786830285,9,0.19866875682550827,159,0.0,fake,8
vendor_09,0.04694919244885498,0.043007286704166744,0.4444444444444444,0.39780142026275006,-0.21726608876544512,0.6150675090281952,9,0.3508522278138951,159,0.0,fake,9
vendor_11,-0.06365177451866187,-0.057848535610851286,0.3333333333333333,0.22144837140255555,-0.24465779742656943,0.466106168829125,9,0.2851001459212174,159,0.0,fake,10
vendor_07,-0.2961458365248214,-0.2327088912920197,0.0,-0.10192835178445177,-0.368930678250971,0.2670023264665192,9,0.19421748474036965,159,0.0,fake,11
vendor_10,-0.31807266106523613,-0.2567461409809023,0.0,-0.1092358037238821,-0.3739138981756246,0.2646780944517425,9,0.20883685734135404,159,0.0,fake,12
vendor_03,1.7132798952330905,1.4872768228609765,1.0,1.8424371841260458,1.041484765073949,0.8009524190520969,9,0.1291572888929553,160,0.025,REAL,1
vendor_01,1.648854705438954,1.519677063047512,1.0,1.9759948530632694,1.1784451406171645,0.7975497124461048,9,0.3271401476243154,160,0.04,REAL,2
vendor_00,1.5877842211922395,1.4652745188155878,1.0,1.817344626429823,1.1448705294680708,0.6724740969617522,9,0.22956040523758348,160,0.05,REAL,3
vendor_02,1.2500877345788008,1.0898217901886815,1.0,1.2974449007730495,0.9565796525375322,0.34086524823551734,9,0.04735716619424868,160,0.03,REAL,4
vendor_06,1.0894635000439437,0.864499460133777,1.0,1.6050282025124472,0.4079600826969921,1.1970681198154551,9,0.5155647024685035,160,0.0,fake,5
vendor_11,0.27394491431168483,0.20655620784644974,0.6666666666666666,0.4970306436039114,-0.15845661802626612,0.6554872616301776,9,0.2230857292922266,160,0.0,fake,6
vendor_09,0.21542018392935294,0.17271364572250766,0.7777777777777778,0.5191449921050371,-0.05524221455686293,0.5743872066619,9,0.30372480817568415,160,0.0,fake,7
vendor_04,0.10274920702659351,0.08181719942473469,0.3333333333333333,0.49468007741310577,-0.15895736142993824,0.653637438843044,9,0.39193087038651225,160,0.01,REAL,8
vendor_10,0.08487437250244156,0.07186240294913339,0.6666666666666666,0.2723805332542721,-0.08641835014235984,0.3587988833966319,9,0.18750616075183052,160,0.0,fake,9
vendor_08,-0.1561133008350143,-0.12080648489160056,0.3333333333333333,0.20609322119928916,-0.6170462858162257,0.8231395070155149,9,0.3622065220343035,160,0.0,fake,10
vendor_05,-0.18219682090535885,-0.14535187158706486,0.6666666666666666,0.07905575992951383,-0.5807183111367966,0.6597740710663105,9,0.2612525808348727,160,0.0,fake,11
vendor_07,-0.2078667560492588,-0.16978209929453303,0.3333333333333333,0.0030445120544543678,-0.489521115864206,0.4925656279186604,9,0.21091126810371316,160,0.0,fake,12
vendor_02,1.5760071304807304,1.408448557242297,1.0,1.7288621219035636,1.225124930599954,0.5037371913036095,9,0.1528549914228332,161,0.03,REAL,1
vendor_03,1.4443441612721872,1.2547649972317898,1.0,1.536309929457028,1.0910532256036907,0.44525670385333727,9,0.0919657681848407,161,0.025,REAL,2
vendor_01,1.423160048619594,1.2945946567826623,1.0,1.6264023393247125,1.109319291578923,0.5170830477457895,9,0.20324229070511834,161,0.04,REAL,3
vendor_00,1.423160048619594,1.2945946567826623,1.0,1.6264023393247125,1.109319291578923,0.5170830477457895,9,0.20324229070511834,161,0.05,REAL,4
vendor_04,1.0516380424913654,0.8619208795207246,1.0,1.0738949926585606,0.6545270267838766,0.41936796587468395,9,0.0222569501671952,161,0.01,REAL,5
vendor_06,0.2839679947861791,0.2263960671451263,0.8888888888888888,0.4526890186774329,-0.011053235011279399,0.4637422536887123,9,0.16872102389125376,161,0.0,fake,6
vendor_09,0.08033382928435637,0.06714849690720186,0.5555555555555556,0.23550696955038036,-0.09787562161091835,0.3333825911612987,9,0.155173140266024,161,0.0,fake,7
vendor_11,-0.12147749258387482,-0.10475807349854938,0.3333333333333333,0.4068498794392949,-0.4369095344126403,0.8437594138519352,9,0.5283273720231697,161,0.0,fake,8
vendor_10,-0.19983039565749705,-0.164387748584904,0.1111111111111111,0.04356496792896211,-0.2889722384586089,0.332537206387571,9,0.24339536358645916,161,0.0,fake,9
vendor_05,-0.5029220151283649,-0.4244467955093255,0.3333333333333333,0.3143080862306625,-1.149113832960984,1.4634219191916464,9,0.8172301013590273,161,0.0,fake,10
vendor_07,-0.7714343212700702,-0.6078736907922079,0.0,-0.41690941707072715,-0.8760542190809469,0.4591448020102198,9,0.354524904199343,161,0.0,fake,11
vendor_08,-1.1768535605237824,-0.957594072932065,0.0,-0.8954730267792411,-1.0148127573499128,0.11933973057067171,9,0.2813805337445413,161,0.0,fake,12
vendor_02,1.7132447503294783,1.5236562183757485,1.0,1.6748645906515833,1.3736279308017763,0.3012366598498071,9,-0.03838015967789499,162,0.03,REAL,1
vendor_00,1.6429061249005525,1.469381251876057,1.0,1.540466740032426,1.4119645839129429,0.128502156119483,9,-0.10243938486812665,162,0.05,REAL,2
vendor_01,1.6429061249005525,1.469381251876057,1.0,1.540466740032426,1.4119645839129429,0.128502156119483,9,-0.10243938486812665,162,0.04,REAL,3
vendor_03,1.5170523804626699,1.316448769805054,1.0,1.5944349825420652,0.9884692642327206,0.6059657183093445,9,0.07738260207939529,162,0.025,REAL,4
vendor_06,0.6581208062194103,0.5202153868949605,1.0,0.6814818979279321,0.35224332547502796,0.32923857245290417,9,0.023361091708521853,162,0.0,fake,5
vendor_08,0.5824365912905527,0.47577927528139674,1.0,0.7239417119206323,0.32014637233379145,0.40379533958684083,9,0.14150512063007958,162,0.0,fake,6
vendor_10,0.44407641921786356,0.36569832684752934,1.0,0.47855214418170094,0.2646005992018896,0.21395154497981134,9,0.034475724963837384,162,0.0,fake,7
vendor_04,0.022844874488109422,0.01680908245947922,0.6666666666666666,0.12120536153813391,-0.15115952922406767,0.2723648907622016,9,0.09836048705002448,162,0.01,REAL,8
vendor_11,0.004932397762043106,-0.00246807562211015,0.3333333333333333,0.3607820779679213,-0.3353344288690588,0.6961165068369801,9,0.35584968020587815,162,0.0,fake,9
vendor_05,-0.1531479229879819,-0.12451867838481537,0.3333333333333333,0.2308303215048743,-0.33257759124475106,0.5634079127496253,9,0.3839782444928562,162,0.0,fake,10
vendor_07,-0.4553756154488171,-0.36200859396474805,0.0,-0.15397709927878966,-0.5432112833937986,0.389234184115009,9,0.30139851617002744,162,0.0,fake,11
vendor_09,-0.5195270241004474,-0.41645702911040616,0.0,-0.09069232400268706,-0.9460921552467548,0.8553998312440678,9,0.4288347000977603,162,0.0,fake,12
vendor_00,1.399657416810209,1.2707396147646526,1.0,1.6240812286235926,0.7175086555372362,0.9065725730863564,9,0.22442381181338367,163,0.05,REAL,1
vendor_01,1.399657416810209,1.2707396147646526,1.0,1.6240812286235926,0.7175086555372365,0.9065725730863561,9,0.22442381181338367,163,0.04,REAL,2
vendor_02,1.399657416810209,1.2707396147646526,1.0,1.6240812286235926,0.7175086555372364,0.9065725730863562,9,0.22442381181338367,163,0.03,REAL,3
vendor_03,1.2211155308385213,1.0870360128158443,1.0,1.3131153882632944,0.6596643026508103,0.6534510856124841,9,0.09199985742477312,163,0.025,REAL,4
vendor_04,0.5336053664664495,0.4311944719937995,1.0,0.678302189366024,0.24183920262310107,0.43646298674292294,9,0.14469682289957453,163,0.01,REAL,5
vendor_09,0.4103168165722037,0.33197205296283233,1.0,0.4194375176573937,0.20853342642438857,0.2109040912330051,9,0.009120701085189975,163,0.0,fake,6
vendor_11,0.26882000940766,0.22091463334827055,0.6666666666666666,0.5147581140990376,-0.14997459021627316,0.6647327043153107,9,0.2459381046913776,163,0.0,fake,7
vendor_10,0.20876930322505635,0.16912200177467554,0.7777777777777778,0.43605792472469485,-0.032374974987055105,0.46843289971174995,9,0.2272886214996385,163,0.0,fake,8
vendor_06,0.2043624024796771,0.16980247791006703,1.0,0.2936486682437333,0.0530114307175009,0.24063723752623242,9,0.08928626576405621,163,0.0,fake,9
vendor_07,-0.12154168414531512,-0.09466476044790914,0.2222222222222222,0.1295744825805852,-0.3100934544074931,0.43966793698807827,9,0.2511161667259003,163,0.0,fake,10
vendor_05,-0.5468838520228875,-0.4392562477875778,0.2222222222222222,0.043021524051641426,-0.8063757960293795,0.8493973200810209,9,0.5899053760745289,163,0.0,fake,11
vendor_08,-0.5479264590815566,-0.44612580811188746,0.0,-0.11728654558611903,-0.7522818044316302,0.6349952588455111,9,0.4306399134954375,163,0.0,fake,12
vendor_01,1.6403617658236012,1.5015337951090042,1.0,1.875110300497747,1.053848835065583,0.8212614654321639,9,0.2347485346741458,164,0.04,REAL,1
vendor_00,1.640361765823601,1.5015337951090042,1.0,1.8751103004977467,1.0538488350655832,0.8212614654321635,9,0.2347485346741458,164,0.05,REAL,2
vendor_03,1.6340352436776981,1.409576415715172,1.0,1.8134136697901242,0.8711610717610253,0.9422525980290989,9,0.17937842611242605,164,0.025,REAL,3
vendor_02,1.398862055458651,1.2411760236296727,1.0,1.4963546704383068,0.7383473353912722,0.7580073350470347,9,0.09749261497965578,164,0.03,REAL,4
vendor_04,0.5289905828804289,0.430804583097254,0.6666666666666666,1.0835064754937644,-0.15532503488076616,1.2388315103745307,9,0.5545158926133356,164,0.01,REAL,5
vendor_07,0.3346281017511144,0.2620675713275118,1.0,0.4323249280354893,0.03733884446016357,0.3949860835753257,9,0.09769682628437487,164,0.0,fake,6
vendor_10,0.11608348721481833,0.07950126728067128,0.3333333333333333,0.8208829175380904,-0.5036508691787138,1.3245337867168043,9,0.7047994303232721,164,0.0,fake,7
vendor_11,-0.07546410329595701,-0.06416860792034086,0.3333333333333333,0.19506033534574344,-0.22355813664792118,0.41861847199366464,9,0.27052443864170045,164,0.0,fake,8
vendor_05,-0.1060651187424031,-0.08677721712097511,0.2222222222222222,0.1023067429583976,-0.2168499776869282,0.3191567206453258,9,0.2083718617008007,164,0.0,fake,9
vendor_08,-0.22097669067803538,-0.17770292425892445,0.3333333333333333,0.18482077806942385,-0.44950947642932904,0.6343302544987529,9,0.40579746874745926,164,0.0,fake,10
vendor_09,-0.24021769861307765,-0.19372827960151545,0.1111111111111111,0.004718910436289126,-0.40250806912643455,0.4072269795627237,9,0.2449366090493668,164,0.0,fake,11
vendor_06,-0.5759207606356199,-0.4622867453195682,0.0,-0.2704741349435621,-0.6950872554870667,0.42461312054350464,9,0.3054466256920578,164,0.0,fake,12
vendor_00,2.199777093172727,1.9752915320851174,1.0,2.3636737892816164,1.2684801808306236,1.0951936084509928,9,0.16389669610888946,165,0.05,REAL,1
vendor_01,1.8938959006644212,1.6608622736994603,1.0,1.973815444696388,1.1661153486636215,0.8077000960327665,9,0.07991954403196688,165,0.04,REAL,2
vendor_02,1.6813073581753037,1.4357445927614023,1.0,1.873400845192495,0.8086711042214921,1.064729740971003,9,0.1920934870171913,165,0.03,REAL,3
vendor_03,1.1203938866851508,0.9428001389298396,1.0,1.1038903371746065,0.792057109146443,0.3118332280281635,9,-0.016503549510544335,165,0.025,REAL,4
vendor_04,0.7706431347576707,0.613810899283222,1.0,1.1028017293843377,0.027353248553268858,1.075448480831069,9,0.3321585946266671,165,0.01,REAL,5
vendor_06,0.5686727596402,0.45806471303815816,1.0,0.5965249934637321,0.18537701665228132,0.41114797681145077,9,0.02785223382353208,165,0.0,fake,6
vendor_11,0.08078372294872109,0.06835738806475047,0.6666666666666666,0.2445151358391069,-0.15431050534380422,0.3988256411829111,9,0.16373141289038579,165,0.0,fake,7
vendor_08,0.02923897146304398,0.029185521657069304,0.3333333333333333,0.3308375950445866,-0.23322200023491996,0.5640595952795066,9,0.3015986235815426,165,0.0,fake,8
vendor_07,-0.5250619082766415,-0.41502759694993163,0.0,-0.04536627195865882,-0.7944165044473648,0.749050232488706,9,0.4796956363179826,165,0.0,fake,9
vendor_05,-0.5602679667461521,-0.44576322310475003,0.0,-0.1560016512468793,-0.7648484887576288,0.6088468375107494,9,0.4042663154992728,165,0.0,fake,10
vendor_10,-0.6530125730647101,-0.5230381391427167,0.0,-0.39048114474712825,-0.6056949168725732,0.2152137721254449,9,0.2625314283175818,165,0.0,fake,11
vendor_09,-0.889900018676871,-0.7244490435922294,0.0,-0.45991337939609095,-1.1299860416702394,0.6700726622741484,9,0.42998663928078,165,0.0,fake,12
vendor_00,1.599522805499354,1.4528736461240324,1.0,1.7697657300359382,1.1052861841308719,0.6644795459050663,9,0.17024292453658418,166,0.05,REAL,1
vendor_01,1.599522805499354,1.4528736461240324,1.0,1.7697657300359382,1.1052861841308719,0.6644795459050663,9,0.17024292453658418,166,0.04,REAL,2
vendor_03,1.4290510781499997,1.2429856878179681,1.0,1.5163011852209087,1.0055814358927784,0.5107197493281304,9,0.08725010707090908,166,0.025,REAL,3
vendor_02,1.343623623007577,1.1971066293455037,1.0,1.520076683263423,0.9233915531964749,0.596685130066948,9,0.17645306025584584,166,0.03,REAL,4
vendor_04,0.539373410045309,0.43672311642188866,1.0,0.9056016008307851,0.03466021297252458,0.8709413878582606,9,0.3662281907854761,166,0.01,REAL,5
vendor_08,0.167413505490531,0.14342447504671044,0.6666666666666666,0.5892808437906981,-0.4286279042195413,1.0179087480102393,9,0.4218673383001671,166,0.0,fake,6
vendor_09,0.0418065101766877,0.03408046147662965,0.6666666666666666,0.10077366701876922,-0.10325178470574752,0.20402545172451675,9,0.05896715684208152,166,0.0,fake,7
vendor_07,0.029500932306366648,0.03235590183291683,0.3333333333333333,0.25311126361552605,-0.12200310664074264,0.3751143702562687,9,0.22361033130915942,166,0.0,fake,8
vendor_11,0.00018585926329760792,-0.0056976278323036846,0.3333333333333333,0.4195659442159275,-0.33624264180866315,0.7558085860245907,9,0.4193800849526299,166,0.0,fake,9
vendor_05,-0.22103818672493902,-0.1845047411715979,0.3333333333333333,0.10596353012412688,-0.5371488706365534,0.6431124007606802,9,0.32700171684906587,166,0.0,fake,10
vendor_10,-0.2639954577734346,-0.21496779843578734,0.0,-0.06807818510005206,-0.3954087708702331,0.32733058577018104,9,0.19591727267338252,166,0.0,fake,11
vendor_06,-1.0799108369426151,-0.866447453497277,0.0,-0.6225571594331709,-1.0137339590623642,0.3911767996291933,9,0.4573536775094442,166,0.0,fake,12
vendor_00,2.318223471640529,2.1096658744959327,1.0,2.2657427416323497,1.925839367025509,0.3399033746068407,9,-0.05248073000817932,167,0.05,REAL,1
vendor_01,1.9570869059592446,1.7652412990079978,1.0,1.8970010039692573,1.6152829727146367,0.2817180312546206,9,-0.06008590198998731,167,0.04,REAL,2
vendor_02,1.9550009009213611,1.6801825294646595,1.0,1.826490872100253,1.551471304253429,0.27501956784682413,9,-0.12851002882110807,167,0.03,REAL,3
vendor_03,1.2648691954186986,1.075873655142056,1.0,1.2799608417124266,0.9244377057665295,0.35552313594589713,9,0.015091646293728056,167,0.025,REAL,4
vendor_07,0.8814468743549393,0.694995003745417,1.0,0.8633742936276384,0.5802004524550128,0.28317384117262556,9,-0.01807258072730089,167,0.0,fake,5
vendor_06,0.5268054694115387,0.41454585752451073,1.0,0.49783404658516733,0.30903293823760786,0.18880110834755948,9,-0.028971422826371385,167,0.0,fake,6
vendor_04,0.26004602352047285,0.20766240100726813,0.6666666666666666,0.510654379261742,-0.09865655280521657,0.6093109320669585,9,0.2506083557412691,167,0.01,REAL,7
vendor_09,0.2166765737304839,0.18086629531922266,0.6666666666666666,0.38795209257730373,-0.09990514221960171,0.48785723479690546,9,0.17127551884681982,167,0.0,fake,8
vendor_10,-0.16457215486677632,-0.14282425827529166,0.3333333333333333,0.17667704068870574,-0.4662866503478675,0.6429636910365732,9,0.34124919555548205,167,0.0,fake,9
vendor_05,-0.35624231469164575,-0.28379900385034085,0.0,-0.1588026873221775,-0.4763537309148242,0.3175510435926467,9,0.19743962736946824,167,0.0,fake,10
vendor_08,-0.5093875345589974,-0.41439960551325594,0.3333333333333333,0.11328276983591422,-0.7233252420936255,0.8366080119295397,9,0.6226703043949117,167,0.0,fake,11
vendor_11,-0.6155029309796345,-0.49744645724762143,0.0,-0.20209932753267934,-0.7406003182775319,0.5385009907448526,9,0.41340360344695515,167,0.0,fake,12
vendor_00,2.0050538319591547,1.8109765962948003,1.0,2.1005156804257585,1.5849076417495769,0.5156080386761817,9,0.09546184846660388,168,0.05,REAL,1
vendor_01,1.9293307952148777,1.7052341120902874,1.0,1.9180139652045285,1.546480329562776,0.37153363564175246,9,-0.011316830010349221,168,0.04,REAL,2
vendor_03,1.4498207494517565,1.2171077609643408,1.0,1.50844220153531,1.028123468430614,0.4803187331046961,9,0.058621452083553516,168,0.025,REAL,3
vendor_02,1.0510224506798815,0.900700951261943,1.0,1.3179910474472851,0.5474469023058769,0.7705441451414082,9,0.2669685967674036,168,0.03,REAL,4
vendor_08,0.6269768750520959,0.5029134163239262,1.0,0.6431728507213893,0.36272524364627795,0.28044760707511135,9,0.016195975669293428,168,0.0,fake,5
vendor_04,0.5436508205693023,0.4350657548770711,1.0,0.6100627246943869,0.3146518644519962,0.2954108602423907,9,0.06641190412508469,168,0.01,REAL,6
vendor_10,0.3535083241150656,0.28041854744439587,1.0,0.39714417235924093,0.11657558189252774,0.2805685904667132,9,0.043635848244175324,168,0.0,fake,7
vendor_06,0.08390876449310516,0.0729225651323771,0.6666666666666666,0.4004392514286902,-0.263562967172342,0.6640022186010321,9,0.31653048693558505,168,0.0,fake,8
vendor_09,0.07334761756321753,0.055407815309911894,0.6666666666666666,0.36719603737230777,-0.3800134836648729,0.7472095210371807,9,0.29384841980909027,168,0.0,fake,9
vendor_11,-0.08002333745109444,-0.04967725372186801,0.6666666666666666,0.3475220416037472,-0.5284407106460508,0.875962752249798,9,0.4275453790548417,168,0.0,fake,10
vendor_07,-0.16196626940929262,-0.12472438626344735,0.3333333333333333,0.2515210448398562,-0.45032017233931715,0.7018412171791734,9,0.41348731424914886,168,0.0,fake,11
vendor_05,-0.37768552103358427,-0.3038631094594947,0.0,-0.10779084317557953,-0.5293354707209754,0.4215446275453959,9,0.26989467785800475,168,0.0,fake,12
vendor_00,1.3030769189775155,1.1865999978617905,1.0,1.703889019620543,0.7845504910248152,0.9193385285957277,9,0.4008121006430274,169,0.05,REAL,1
vendor_01,1.3030769189775155,1.1865999978617905,1.0,1.703889019620543,0.7845504910248152,0.9193385285957277,9,0.4008121006430274,169,0.04,REAL,2
vendor_02,1.2348725892503893,1.1074664702998227,1.0,1.5597518447288203,0.6806419211055837,0.8791099236232366,9,0.324879255478431,169,0.03,REAL,3
vendor_03,1.1590055050547023,0.9992053312956928,1.0,1.0833606514889451,0.9138557423635928,0.16950490912535232,9,-0.07564485356575723,169,0.025,REAL,4
vendor_11,0.7864057575202797,0.6248338428970431,0.6666666666666666,1.0593426662685341,-0.22960530707097537,1.2889479733395095,9,0.2729369087482544,169,0.0,fake,5
vendor_07,0.5212093626899118,0.40989355794900634,1.0,0.6839221298947323,0.1566571973184291,0.5272649325763032,9,0.16271276720482053,169,0.0,fake,6
vendor_08,0.42083466720292007,0.33522182248720167,1.0,0.5851863800461539,0.007459020361967043,0.5777273596841869,9,0.1643517128432338,169,0.0,fake,7
vendor_06,0.16678866123481853,0.1413725544843127,0.6666666666666666,0.5013555678095603,-0.16587113489710537,0.6672267027066656,9,0.33456690657474175,169,0.0,fake,8
vendor_09,-0.11580287686142214,-0.0911998855637902,0.5555555555555556,0.24229320572275279,-0.5198106840816596,0.7621038898044125,9,0.3580960825841749,169,0.0,fake,9
vendor_04,-0.21780492597642737,-0.1773520967581075,0.3333333333333333,0.3145556179755604,-0.4582428337931962,0.7727984517687566,9,0.5323605439519878,169,0.01,REAL,10
vendor_05,-0.4724267601079186,-0.38352155353587025,0.0,-0.10816282217685394,-0.7123679385292976,0.6042051163524437,9,0.3642639379310647,169,0.0,fake,11
vendor_10,-0.8330664638160906,-0.6649116261101982,0.0,-0.31756268330808207,-0.9220655698979482,0.6045028865898661,9,0.5155037805080085,169,0.0,fake,12
vendor_02,1.8875394825770622,1.6760723529959585,1.0,1.8466813520080316,1.499229331045955,0.3474520209620766,9,-0.04085813056903054,170,0.03,REAL,1
vendor_01,1.8070857873807231,1.6580565064921158,1.0,1.8081073078768954,1.3903866804263607,0.41772062745053473,9,0.0010215204961723234,170,0.04,REAL,2
vendor_00,1.8070857873807225,1.6580565064921153,1.0,1.8081073078768954,1.3903866804263607,0.41772062745053473,9,0.0010215204961729896,170,0.05,REAL,3
vendor_03,1.1583115979649183,0.9978921736137748,1.0,1.206784612032389,0.8827215825774407,0.32406302945494836,9,0.04847301406747073,170,0.025,REAL,4
vendor_04,0.6953573767119376,0.5792406091813558,1.0,0.7646793542417607,0.27025176013181773,0.49442759410994297,9,0.06932197752982305,170,0.01,REAL,5
vendor_06,0.2864341291515992,0.2265305258520158,0.6666666666666666,0.6578657735707387,-0.2019075887215379,0.8597733622922766,9,0.3714316444191395,170,0.0,fake,6
vendor_08,0.23943765876687922,0.1890621145785645,0.7777777777777778,0.343040252838693,-0.03391373244943912,0.3769539852881321,9,0.10360259407181377,170,0.0,fake,7
vendor_09,0.21430085897039322,0.1742883585690883,0.6666666666666666,0.6449483768539307,-0.3834369623191297,1.0283853391730604,9,0.4306475178835375,170,0.0,fake,8
vendor_05,-0.06949504539745756,-0.04228313628404795,0.3333333333333333,0.5000483532932012,-0.48390704029433046,0.9839553935875316,9,0.5695433986906587,170,0.0,fake,9
vendor_07,-0.23943594833112017,-0.20429803575611424,0.3333333333333333,0.1889523849447962,-0.7265689436958376,0.9155213286406337,9,0.42838833327591636,170,0.0,fake,10
vendor_10,-0.24588982088238748,-0.19778093919002093,0.0,-0.05756435646237933,-0.3771317538910068,0.31956739742862744,9,0.18832546442000814,170,0.0,fake,11
vendor_11,-0.5975188452505642,-0.47438960928518425,0.3333333333333333,0.09213816610141655,-1.1240197936102343,1.2161579597116507,9,0.6896570113519808,170,0.0,fake,12
vendor_00,1.6469607428438473,1.4953875975816677,1.0,1.7766074132823726,1.1307954019416318,0.6458120113407408,9,0.1296466704385253,171,0.05,REAL,1
vendor_01,1.6469607428438473,1.4953875975816677,1.0,1.7766074132823726,1.1307954019416318,0.6458120113407408,9,0.1296466704385253,171,0.04,REAL,2
vendor_02,1.5595692168677697,1.3800976562471636,1.0,1.6435102046044843,0.9558447988259755,0.6876654057785088,9,0.08394098773671455,171,0.03,REAL,3
vendor_03,1.2472171340920897,1.086807172404801,1.0,1.4035329639165495,0.8672114781888843,0.5363214857276651,9,0.1563158298244598,171,0.025,REAL,4
vendor_07,0.8331208411687369,0.6726845898480344,1.0,1.0372205826593182,0.4813270461964024,0.5558935364629158,9,0.2040997414905813,171,0.0,fake,5
vendor_04,0.5790980571652997,0.4698534398684678,1.0,0.7345342563362584,0.12363172193025951,0.6109025344059988,9,0.15543619917095863,171,0.01,REAL,6
vendor_08,0.5027020907056609,0.4022040595639841,1.0,0.5426480579197743,0.21390138757266272,0.3287466703471116,9,0.039945967214113476,171,0.0,fake,7
vendor_05,0.40857017732153533,0.32928490073927735,1.0,0.6646779290593068,0.03818185045384539,0.6264960786054614,9,0.25610775173777145,171,0.0,fake,8
vendor_06,-0.24849693946647952,-0.19580333921135645,0.0,-0.09970746516462477,-0.3162696416862738,0.21656217652164905,9,0.14878947430185474,171,0.0,fake,9
vendor_10,-0.2822204195604293,-0.2300101585963328,0.0,-0.006126401522890419,-0.36821647580607947,0.36209007428318907,9,0.2760940180375389,171,0.0,fake,10
vendor_09,-0.28836625577552266,-0.22722575250597116,0.0,-0.08489112227322383,-0.4954902635481983,0.4105991412749745,9,0.20347513350229884,171,0.0,fake,11
vendor_11,-0.37524950187439204,-0.297784026707726,0.3333333333333333,0.07947971336722597,-0.6993259698719488,0.7788056832391748,9,0.454729215241618,171,0.0,fake,12
vendor_00,1.7746160086976426,1.5985981097455535,1.0,2.087850508444848,0.8655038198551123,1.2223466885897358,9,0.3132344997472054,172,0.05,REAL,1
vendor_01,1.7746160086976421,1.5985981097455535,1.0,2.087850508444848,0.8655038198551123,1.2223466885897358,9,0.31323449974720585,172,0.04,REAL,2
vendor_02,1.4533586285262818,1.2738030823107662,1.0,1.781686368281807,0.671159772019169,1.110526596262638,9,0.3283277397555251,172,0.03,REAL,3
vendor_03,1.188682634787962,1.0161576434985398,1.0,1.4066419349969332,0.6831154875215252,0.7235264474754081,9,0.21795930020897125,172,0.025,REAL,4
vendor_04,0.3457181514066483,0.2828184326707205,0.6666666666666666,0.577417583237091,-0.1302984060606977,0.7077159892977887,9,0.23169943183044273,172,0.01,REAL,5
vendor_05,0.13153614693432777,0.10443823455568785,0.6666666666666666,0.23185785197758818,-0.09982262370366102,0.3316804756812492,9,0.1003217050432604,172,0.0,fake,6
vendor_06,-0.013602579710987403,-0.01869491692994745,0.6666666666666666,0.18119953855386206,-0.3757791529118996,0.5569786914657617,9,0.19480211826484947,172,0.0,fake,7
vendor_10,-0.09418024524764249,-0.07442823388343306,0.3333333333333333,0.1284402242961834,-0.1961494021289463,0.3245896264251297,9,0.2226204695438259,172,0.0,fake,8
vendor_11,-0.19867730904635206,-0.16381692491048913,0.3333333333333333,0.3951064702915116,-0.7194661010267451,1.1145725713182566,9,0.5937837793378636,172,0.0,fake,9
vendor_08,-0.29138626089356356,-0.23636200268678045,0.1111111111111111,0.006004490739253997,-0.4346670424671294,0.4406715332063834,9,0.2973907516328176,172,0.0,fake,10
vendor_09,-0.2914803968261987,-0.23021340642281707,0.1111111111111111,0.003166512731788037,-0.33487468605153253,0.33804119878332056,9,0.2946469095579867,172,0.0,fake,11
vendor_07,-0.4845763684562388,-0.39515345303901267,0.0,-0.07235156895153856,-0.6370955226883318,0.5647439537367932,9,0.41222479950470026,172,0.0,fake,12
vendor_00,1.3298755121604209,1.2025378742148631,1.0,1.4765510567468818,0.7733916703276394,0.7031593864192424,9,0.14667554458646093,173,0.05,REAL,1
vendor_01,1.3298755121604209,1.202537874214863,1.0,1.4765510567468818,0.7733916703276391,0.7031593864192427,9,0.14667554458646093,173,0.04,REAL,2
vendor_02,1.3298755121604209,1.202537874214863,1.0,1.4765510567468818,0.7733916703276393,0.7031593864192425,9,0.14667554458646093,173,0.03,REAL,3
vendor_03,1.2678804934712935,1.1293568863426031,1.0,1.4938663289997172,0.713271811783846,0.7805945172158711,9,0.22598583552842366,173,0.025,REAL,4
vendor_04,0.7686156218330028,0.6230877968808459,1.0,0.9172167000576029,0.351015804673499,0.5662008953841039,9,0.1486010782246001,173,0.01,REAL,5
vendor_09,0.5664560103910281,0.448402687576056,1.0,0.6816615695593131,0.185323532494183,0.49633803706513013,9,0.11520555916828501,173,0.0,fake,6
vendor_05,0.45996896216777056,0.3776232741457068,0.6666666666666666,0.6690430096969434,-0.06653446568956993,0.7355774753865133,9,0.20907404752917286,173,0.0,fake,7
vendor_06,0.3474092849652651,0.27723133098875397,1.0,0.5163697365315628,0.061450480156824576,0.45491925637473823,9,0.16896045156629774,173,0.0,fake,8
vendor_11,0.15350481232139204,0.11590152415457593,0.6666666666666666,0.41799339453371914,-0.16607571101875443,0.5840691055524736,9,0.2644885822123271,173,0.0,fake,9
vendor_08,0.11572438913740418,0.0950021438445121,0.6666666666666666,0.6116501861926444,-0.7083565902179136,1.320006776410558,9,0.49592579705524026,173,0.0,fake,10
vendor_10,-0.005417299798730067,-0.0042668125199152125,0.6666666666666666,0.10930940266829885,-0.14753901819806844,0.2568484208663673,9,0.11472670246702892,173,0.0,fake,11
vendor_07,-0.5328227765388958,-0.4262510680343182,0.0,-0.2759000398286115,-0.604312864384187,0.32841282455557547,9,0.25692273671028426,173,0.0,fake,12
vendor_00,2.181614877147616,1.9906294339294648,1.0,2.514545190396147,1.31250162808543,1.2020435623107169,9,0.33293031324853084,174,0.05,REAL,1
vendor_01,2.071252716468708,1.850329698961286,1.0,2.256453913143534,1.3427221652236419,0.9137317479198923,9,0.18520119667482637,174,0.04,REAL,2
vendor_02,1.870328494665437,1.6113619642829737,1.0,1.9010477166221027,1.2309872986520305,0.6700604179700722,9,0.030719221956665654,174,0.03,REAL,3
vendor_03,1.5740863758144692,1.3282534369755081,1.0,1.4762503217897034,1.1879655430580636,0.2882847787316398,9,-0.0978360540247658,174,0.025,REAL,4
vendor_07,0.6670568433387067,0.542794765051767,1.0,0.9477935810322771,0.17333414264179495,0.7744594383904821,9,0.2807367376935703,174,0.0,fake,5
vendor_08,0.3331920449058138,0.2721007778308139,0.6666666666666666,0.7338446572029707,-0.035419190288414705,0.7692638474913853,9,0.4006526122971569,174,0.0,fake,6
vendor_10,0.21616981247801473,0.1687672869821126,0.8888888888888888,0.43469581271319396,-0.012629591779134372,0.4473254044923283,9,0.21852600023517924,174,0.0,fake,7
vendor_11,0.1296254760729015,0.09682836323297167,0.6666666666666666,0.23477659496385822,-0.10448165157260886,0.3392582465364671,9,0.10515111889095671,174,0.0,fake,8
vendor_05,0.041339453619170186,0.03211583640050046,0.6666666666666666,0.1307620126401925,-0.037894820745498825,0.16865683338569132,9,0.08942255902102231,174,0.0,fake,9
vendor_09,-0.24126363230014636,-0.18909749629766381,0.6666666666666666,0.1394711528752094,-0.7874963789656735,0.9269675318408829,9,0.38073478517535575,174,0.0,fake,10
vendor_06,-0.27229515378526864,-0.2180382595463749,0.0,-0.09348915911890572,-0.30749960664093734,0.21401044752203163,9,0.17880599466636293,174,0.0,fake,11
vendor_04,-0.2858132070386883,-0.23237782192458323,0.0,-0.02771714510107884,-0.36279131842406936,0.3350741733229905,9,0.2580960619376095,174,0.01,REAL,12
vendor_00,1.6269911738410963,1.4967425459413217,1.0,1.8736542052942127,1.0905699949776768,0.7830842103165359,9,0.2466630314531164,175,0.05,REAL,1
vendor_01,1.5530200056011043,1.421823163268047,1.0,1.7766056988149042,1.000124884960971,0.7764808138539332,9,0.22358569321379984,175,0.04,REAL,2
vendor_03,1.5066560984491129,1.288235638154019,1.0,1.4787090829331322,0.9375978427212289,0.5411112402119033,9,-0.027947015515980667,175,0.025,REAL,3
vendor_02,1.4391229024874739,1.2467935785278577,1.0,1.636695681830004,0.8332290554500966,0.8034666263799074,9,0.19757277934253015,175,0.03,REAL,4
vendor_04,0.9783901830636232,0.7995750997666109,1.0,1.294776069269383,0.5176627960463528,0.7771132732230303,9,0.3163858862057598,175,0.01,REAL,5
vendor_09,0.5485706327168826,0.43939485000468914,1.0,0.5346584651658801,0.3362883882867541,0.198370076879126,9,-0.013912167551002441,175,0.0,fake,6
vendor_08,0.33048650312525113,0.2739180128304264,0.7777777777777778,0.7787665007374182,-0.039168514623829705,0.8179350153612479,9,0.448279997612167,175,0.0,fake,7
vendor_10,0.22638734348135808,0.18682804565719568,0.6666666666666666,0.5538044508830335,-0.4119313101128442,0.9657357609958777,9,0.32741710740167546,175,0.0,fake,8
vendor_07,0.09190350398641774,0.07520058790316807,0.3333333333333333,0.6413783879929397,-0.3575438435492959,0.9989222315422356,9,0.5494748840065219,175,0.0,fake,9
vendor_11,-0.06741515382955912,-0.05696148269992686,0.5555555555555556,0.16077063950172826,-0.33739585257740157,0.49816649207912983,9,0.22818579333128738,175,0.0,fake,10
vendor_06,-0.0853946008023856,-0.06524577215694337,0.3333333333333333,0.18015047956778238,-0.2597223674946851,0.43987284706246743,9,0.265545080370168,175,0.0,fake,11
vendor_05,-0.25439805750049654,-0.2026365349271265,0.2222222222222222,0.010791046722128187,-0.39460343869622827,0.40539448541835643,9,0.2651891042226247,175,0.0,fake,12
vendor_01,1.9807961661904385,1.7996284506883649,1.0,2.1562973836566384,1.2627111361368342,0.8935862475198042,9,0.17550121746619984,176,0.04,REAL,1
vendor_00,1.8434191251402416,1.6794390302570372,1.0,1.957414979289417,1.2270027969315862,0.7304121823578309,9,0.11399585414917546,176,0.05,REAL,2
vendor_02,1.752154325580513,1.5145920218340876,1.0,1.8704751617023785,1.1735578469126304,0.696917314789748,9,0.1183208361218655,176,0.03,REAL,3
vendor_03,1.5887530592220176,1.3784183112758588,1.0,1.6297768656478178,0.9323150452019013,0.6974618204459164,9,0.04102380642580017,176,0.025,REAL,4
vendor_04,0.9271963839463471,0.7472656518989507,1.0,0.9059468593114355,0.5584969376418226,0.34744992166961286,9,-0.021249524634911587,176,0.01,REAL,5
vendor_09,0.4703255634623608,0.37584864400111306,0.6666666666666666,0.7413953349858428,-0.2567071950800039,0.9981025300658466,9,0.27106977152348194,176,0.0,fake,6
vendor_11,0.4409027980600686,0.35468338768119656,1.0,0.793285833656508,0.09577520737011243,0.6975106262863955,9,0.35238303559643935,176,0.0,fake,7
vendor_05,0.41764528761031655,0.3303765098903771,1.0,0.48646459857756025,0.07162089904761053,0.4148436995299497,9,0.0688193109672437,176,0.0,fake,8
vendor_07,0.21566549629326673,0.18328476681487813,0.6666666666666666,0.6245265420932608,-0.3888489359177093,1.01337547801097,9,0.40886104579999405,176,0.0,fake,9
vendor_08,0.1937529670760555,0.16136904118039397,0.6666666666666666,0.3408862104671164,-0.12115423639984363,0.46204044686696005,9,0.14713324339106093,176,0.0,fake,10
vendor_10,-0.08741909635650799,-0.07415961169629144,0.4444444444444444,0.04622340494346585,-0.2681172509779709,0.31434065592143673,9,0.13364250129997385,176,0.0,fake,11
vendor_06,-0.66215030238211,-0.5324828379555074,0.0,-0.43599572385544777,-0.6067159091174645,0.17072018526201677,9,0.22615457852666226,176,0.0,fake,12
vendor_00,1.0998614629197219,1.0043853919422088,1.0,1.3080084192241226,0.7854875303720853,0.5225208888520373,9,0.20814695630440072,177,0.05,REAL,1
vendor_01,1.0998614629197219,1.0043853919422088,1.0,1.3080084192241226,0.7854875303720853,0.5225208888520373,9,0.20814695630440072,177,0.04,REAL,2
vendor_02,1.0998614629197219,1.0043853919422088,1.0,1.3080084192241226,0.7854875303720857,0.5225208888520368,9,0.20814695630440072,177,0.03,REAL,3
vendor_03,0.9698321175366579,0.8692383010607249,1.0,1.0517642265980258,0.5849589807922184,0.4668052458058074,9,0.08193210906136794,177,0.025,REAL,4
vendor_07,0.6018132922703006,0.47916100175505805,1.0,0.8611067022493544,0.10149661778970176,0.7596100844596526,9,0.2592934099790538,177,0.0,fake,5
vendor_04,0.5839011688123422,0.48216705821256345,1.0,0.9969952532632753,0.10240057373633339,0.8945946795269419,9,0.4130940844509331,177,0.01,REAL,6
vendor_09,0.5172513335204383,0.42450066477743387,1.0,0.747963260894711,0.13749588544067542,0.6104673754540355,9,0.2307119273742727,177,0.0,fake,7
vendor_05,0.22637261579603593,0.19443283446034,0.3333333333333333,0.7719386826181536,-0.11252366634042003,0.8844623489585736,9,0.5455660668221176,177,0.0,fake,8
vendor_11,0.0838727274502444,0.05891620518730482,0.3333333333333333,0.6695852194583576,-0.28249476693644465,0.9520799863948022,9,0.5857124920081132,177,0.0,fake,9
vendor_10,0.01915011083565333,0.0133257688429077,0.3333333333333333,0.3641257609371692,-0.19846245426114256,0.5625882151983117,9,0.3449756501015159,177,0.0,fake,10
vendor_08,-0.4440825617719311,-0.35677704891727485,0.0,-0.16746013863562978,-0.44708045362460547,0.27962031498897566,9,0.27662242313630137,177,0.0,fake,11
vendor_06,-0.6169504679393083,-0.4936263928613255,0.1111111111111111,0.012968753634383618,-0.9029176474214696,0.9158864010558533,9,0.629919221573692,177,0.0,fake,12
vendor_01,1.9729051231160526,1.769118199512509,1.0,2.0704946758301883,1.4933168782038586,0.5771777976263297,9,0.09758955271413572,178,0.04,REAL,1
vendor_00,1.9727784952907128,1.813349224758307,1.0,2.127715481280536,1.4357912642548865,0.6919242170256497,9,0.1549369859898233,178,0.05,REAL,2
vendor_02,1.2307240901289258,1.0485991017956793,1.0,1.2980035069588545,0.8716574056147551,0.42634610134409934,9,0.06727941682992866,178,0.03,REAL,3
vendor_03,0.8626638129710608,0.7204223921432289,1.0,0.9813710870109226,0.42891688890287466,0.552454198108048,9,0.11870727403986181,178,0.025,REAL,4
vendor_05,0.4224780420537955,0.33802928754065226,1.0,0.5218244509762311,0.14297566031964404,0.37884879065658705,9,0.09934640892243557,178,0.0,fake,5
vendor_09,0.378652306704135,0.305315917403748,1.0,0.5191266381926001,0.15703037493413974,0.36209626325846034,9,0.14047433148846505,178,0.0,fake,6
vendor_11,0.3636020230224331,0.3007983314465783,1.0,0.7592823556879863,0.020734790557206017,0.7385475651307802,9,0.3956803326655532,178,0.0,fake,7
vendor_07,0.2586319175739253,0.19827646578198638,0.6666666666666666,0.552528855632412,-0.08531926909443181,0.6378481247268438,9,0.29389693805848677,178,0.0,fake,8
vendor_04,0.17601051214755087,0.13566953073894858,0.6666666666666666,0.47947249192373065,-0.18557018239412637,0.665042674317857,9,0.3034619797761798,178,0.01,REAL,9
vendor_10,-0.16795898089967815,-0.13316701789391375,0.3333333333333333,0.18997395712870138,-0.47757669310937817,0.6675506502380796,9,0.35793293802837955,178,0.0,fake,10
vendor_08,-0.4818262228995727,-0.39308237454417827,0.3333333333333333,0.04456106966870216,-0.6558462271114311,0.7004072967801334,9,0.5263872925682749,178,0.0,fake,11
vendor_06,-0.558643803591024,-0.45418771677793374,0.0,-0.24069347891989973,-0.6669945805777482,0.42630110165784846,9,0.3179503246711242,178,0.0,fake,12
vendor_01,1.4709329353923932,1.334279297702022,1.0,1.5280090606483736,1.2010524680497556,0.326956592598618,9,0.05707612525598038,179,0.04,REAL,1
vendor_00,1.470932935392393,1.334279297702022,1.0,1.5280090606483736,1.2010524680497556,0.326956592598618,9,0.0570761252559806,179,0.05,REAL,2
vendor_02,1.4501031029117046,1.2976032498701116,1.0,1.4729869676005583,1.1787786151753878,0.2942083524251704,9,0.022883864688853617,179,0.03,REAL,3
vendor_03,1.1067625330139534,0.9672574591166456,1.0,1.1973742231000815,0.7270942446692417,0.4702799784308398,9,0.09061169008612802,179,0.025,REAL,4
vendor_04,0.7364765021239832,0.6072529556491058,1.0,0.6792499628842867,0.5365906646947551,0.1426592981895316,9,-0.05722653923969645,179,0.01,REAL,5
vendor_05,0.4491878790926806,0.3679512555782445,1.0,0.7321212972161478,0.05891394912419263,0.6732073480919551,9,0.28293341812346723,179,0.0,fake,6
vendor_09,0.32462129711269117,0.2618982962154168,1.0,0.5867120630159457,0.007359354385792139,0.5793527086301535,9,0.26209076590325453,179,0.0,fake,7
vendor_11,0.18729218534344985,0.14822359560270662,0.8888888888888888,0.42696308927121107,-0.020413063684738584,0.4473761529559497,9,0.23967090392776122,179,0.0,fake,8
vendor_06,0.11970292673577697,0.1082493969108092,0.6666666666666666,0.36145052149487583,-0.0790885807655968,0.44053910226047266,9,0.24174759475909885,179,0.0,fake,9
vendor_08,-0.3176581329069402,-0.2572536616589087,0.0,-0.08682095274284304,-0.43267219237780086,0.3458512396349578,9,0.23083718016409718,179,0.0,fake,10
vendor_10,-0.4867604663849983,-0.38304217001026053,0.3333333333333333,0.2751940663002553,-0.8007781362519946,1.0759722025522498,9,0.7619545326852536,179,0.0,fake,11
vendor_07,-0.5134514528787646,-0.40825227883257603,0.0,-0.14514587030327708,-0.6321103582889062,0.4869644879856291,9,0.3683055825754875,179,0.0,fake,12
vendor_01,1.0366369507179232,0.9398460520097023,1.0,1.3062384925216064,0.5202163187298487,0.7860221737917577,9,0.26960154180368323,180,0.04,REAL,1
vendor_00,1.0366369507179227,0.9398460520097023,1.0,1.3062384925216064,0.5202163187298487,0.7860221737917577,9,0.2696015418036837,180,0.05,REAL,2
vendor_02,1.0366369507179227,0.9398460520097023,1.0,1.3062384925216064,0.5202163187298487,0.7860221737917577,9,0.2696015418036837,180,0.03,REAL,3
vendor_03,1.0366369507179227,0.9398460520097023,1.0,1.3062384925216064,0.5202163187298487,0.7860221737917577,9,0.2696015418036837,180,0.025,REAL,4
vendor_04,0.15716738667373945,0.13573445422380925,0.6666666666666666,0.4010976466048833,-0.26428200350003594,0.6653796501049192,9,0.24393025993114384,180,0.01,REAL,5
vendor_06,0.07026922019923273,0.05334725992949737,0.5555555555555556,0.36835933889710776,-0.22646745444733138,0.5948267933444391,9,0.29809011869787505,180,0.0,fake,6
vendor_05,0.008824740397805822,0.012029861210189292,0.4444444444444444,0.09734230069403534,-0.05873678505165955,0.1560790857456949,9,0.08851756029622951,180,0.0,fake,7
vendor_08,-0.1361341040433014,-0.10122826916523138,0.2222222222222222,0.028432203139275605,-0.2944520585244644,0.32288426166373996,9,0.164566307182577,180,0.0,fake,8
vendor_10,-0.1443809179626604,-0.12267230129683226,0.3333333333333333,0.2612971598875564,-0.5373978679626613,0.7986950278502177,9,0.4056780778502168,180,0.0,fake,9
vendor_07,-0.18533930885676736,-0.15586309511171956,0.4444444444444444,0.1268996144198114,-0.5906940300133782,0.7175936444331896,9,0.31223892327657876,180,0.0,fake,10
vendor_09,-0.21309997275059211,-0.16932574171065426,0.3333333333333333,0.2605193425006216,-0.656071469085958,0.9165908115865796,9,0.4736193152512137,180,0.0,fake,11
vendor_11,-0.586990881840947,-0.470549972001739,0.0,-0.14765315517548708,-0.833496970579881,0.685843815404394,9,0.43933772666546,180,0.0,fake,12
vendor_00,1.7643964967270989,1.6077581524688556,1.0,2.0771835120405684,1.2834243376806287,0.7937591743599397,9,0.31278701531346953,181,0.05,REAL,1
vendor_03,1.5912711887366457,1.3661018560051401,1.0,1.4474057650729522,1.2389459569888057,0.20845980808414644,9,-0.1438654236636936,181,0.025,REAL,2
vendor_01,1.5553411445747722,1.401601789120503,1.0,1.7856670523765066,1.1054413352868204,0.6802257170896862,9,0.23032590780173434,181,0.04,REAL,3
vendor_02,1.1784929275603908,1.0170303854725111,1.0,1.1153616751520816,0.8461960218519972,0.26916565330008446,9,-0.06313125240830919,181,0.03,REAL,4
vendor_08,0.8078531585558678,0.6520482230686626,1.0,0.896153215993661,0.4138436714477354,0.4823095445459257,9,0.08830005743779323,181,0.0,fake,5
vendor_10,0.7367260921781005,0.6017441078371746,1.0,0.9386112291837597,0.054929270087403434,0.8836819590963563,9,0.20188513700565924,181,0.0,fake,6
vendor_04,0.34820166788270607,0.27351504587631736,1.0,0.43895063133014356,0.07283663683724263,0.36611399449290094,9,0.09074896344743749,181,0.01,REAL,7
vendor_09,0.12904305382446904,0.0934321373827163,0.5555555555555556,0.5553347691801782,-0.22363436549412558,0.7789691346743037,9,0.4262917153557092,181,0.0,fake,8
vendor_11,0.013437938033342164,0.013968611583486619,0.4444444444444444,0.4984157129092249,-0.408216286796434,0.9066319997056589,9,0.48497777487588273,181,0.0,fake,9
vendor_07,-0.41462421680095524,-0.33901350102396455,0.3333333333333333,0.11583926754794988,-0.6415441716363516,0.7573834391843015,9,0.5304634843489051,181,0.0,fake,10
vendor_06,-0.4350353314418953,-0.3511215942292586,0.0,-0.20599251677747285,-0.44353221459176184,0.237539697814289,9,0.22904281466442247,181,0.0,fake,11
vendor_05,-0.7052085963212159,-0.5664174134407884,0.0,-0.42462806442183343,-0.6632871198767413,0.23865905545490784,9,0.2805805318993825,181,0.0,fake,12
vendor_00,1.657913398015181,1.5048404239012934,1.0,1.9440559236243193,0.8470145824601858,1.0970413411641335,9,0.28614252560913833,182,0.05,REAL,1
vendor_01,1.657913398015181,1.5048404239012934,1.0,1.9440559236243193,0.8470145824601858,1.0970413411641335,9,0.28614252560913833,182,0.04,REAL,2
vendor_02,1.332267252406341,1.1695340766899083,1.0,1.5008596086849457,0.650886766174994,0.8499728425099518,9,0.1685923562786047,182,0.03,REAL,3
vendor_04,1.1971843375152882,0.9622629669602717,1.0,1.1703127339154182,0.6608949174604226,0.5094178164549956,9,-0.026871603599869953,182,0.01,REAL,4
vendor_03,1.0458008270160897,0.8953226310974848,1.0,1.1042393641665917,0.535719543323555,0.5685198208430368,9,0.05843853715050207,182,0.025,REAL,5
vendor_07,0.6270021669794598,0.4988662287867873,1.0,0.6292051014597793,0.36469494817050835,0.2645101532892709,9,0.002202934480319496,182,0.0,fake,6
vendor_06,0.5672269670351693,0.4631392514136841,1.0,0.6623311222361825,0.17070548636213784,0.4916256358740447,9,0.09510415520101323,182,0.0,fake,7
vendor_08,0.5323007343327455,0.43160596208258156,1.0,0.6109652691790215,0.21342092652648142,0.3975443426525401,9,0.078664534846276,182,0.0,fake,8
vendor_09,0.49251390704899767,0.4041947860362114,1.0,0.7519456744578976,0.13904755575365713,0.6128981187042405,9,0.25943176740889995,182,0.0,fake,9
vendor_10,0.027913803138564734,0.024518288892856257,0.3333333333333333,0.2426984300503935,-0.09551550820116421,0.3382139382515577,9,0.21478462691182876,182,0.0,fake,10
vendor_05,0.02702077891374038,0.021237221807872183,0.3333333333333333,0.4079627685531271,-0.2301024479631776,0.6380652165163047,9,0.3809419896393867,182,0.0,fake,11
vendor_11,-0.460798496236685,-0.3636026983496393,0.0,-0.0945726583502155,-0.517132312096037,0.42255965374582155,9,0.3662258378864695,182,0.0,fake,12
vendor_01,1.7981774294898891,1.6220279243693612,1.0,1.8463801983413277,1.23967802613811,0.6067021722032178,9,0.04820276885143859,183,0.04,REAL,1
vendor_00,1.7981774294898885,1.6220279243693612,1.0,1.8463801983413277,1.23967802613811,0.6067021722032178,9,0.04820276885143926,183,0.05,REAL,2
vendor_03,1.7337985764438983,1.479665483360682,1.0,1.8097893253329993,1.1710356760841931,0.6387536492488062,9,0.07599074888910096,183,0.025,REAL,3
vendor_02,1.4158214633384818,1.2429707470983153,1.0,1.4955480959125733,1.0737931454198701,0.4217549504927032,9,0.07972663257409152,183,0.03,REAL,4
vendor_04,0.6206440243821973,0.511073146446092,1.0,0.7818044593045687,0.34639814953687337,0.4354063097676953,9,0.1611604349223713,183,0.01,REAL,5
vendor_09,0.48362471068224366,0.37762644892050046,1.0,0.9030742238510805,0.06765072968764148,0.835423494163439,9,0.41944951316883683,183,0.0,fake,6
vendor_08,0.3547290448113078,0.2692906610901435,0.6666666666666666,0.6687992518926064,-0.333683032333172,1.0024822842257783,9,0.31407020708129857,183,0.0,fake,7
vendor_11,0.3404543199317031,0.2701222974210122,0.6666666666666666,0.4838799479720829,-0.10286551243383439,0.5867454604059172,9,0.14342562804037978,183,0.0,fake,8
vendor_06,-0.13067863670476615,-0.10377346068832195,0.3333333333333333,0.3367720010363211,-0.3776103655495028,0.7143823665858239,9,0.46745063774108725,183,0.0,fake,9
vendor_07,-0.16999645096362778,-0.12878171939625138,0.5555555555555556,0.2589817833414605,-0.6823797489239322,0.9413615322653927,9,0.4289782343050883,183,0.0,fake,10
vendor_05,-0.21079555165273683,-0.17592822993670992,0.3333333333333333,0.09161168990191841,-0.34769011692580526,0.4393018068277237,9,0.30240724155465526,183,0.0,fake,11
vendor_10,-0.9299710025489724,-0.7534503495861299,0.0,-0.27114941633701817,-1.1190005281547424,0.8478511118177242,9,0.6588215862119542,183,0.0,fake,12
vendor_03,1.7659976730713354,1.51482038164348,1.0,1.7825764345589095,1.1242397137886098,0.6583367207702997,9,0.01657876148757409,184,0.025,REAL,1
vendor_00,1.5713976770959612,1.4383665649269886,1.0,1.7049701446440853,1.034924687596505,0.6700454570475802,9,0.13357246754812402,184,0.05,REAL,2
vendor_01,1.5007688802186063,1.3662121982591522,1.0,1.7565817388709206,0.943754802514918,0.8128269363560027,9,0.2558128586523143,184,0.04,REAL,3
vendor_04,1.266799533445239,1.0371990682482637,1.0,1.3267923885091186,0.8367489825763794,0.4900434059327392,9,0.059992855063879524,184,0.01,REAL,4
vendor_02,1.2376901996326604,1.0812194471503318,1.0,1.367523485205847,0.7718019509134639,0.5957215342923832,9,0.12983328557318674,184,0.03,REAL,5
vendor_10,0.39489964258552396,0.31462629289184746,1.0,0.4302994022030441,0.22394193898397963,0.20635746321906445,9,0.03539975961752012,184,0.0,fake,6
vendor_11,0.25735603144838765,0.20050725882172393,0.6666666666666666,0.5918632574601563,-0.1895407170106309,0.7814039744707872,9,0.3345072260117687,184,0.0,fake,7
vendor_06,0.18951916942612843,0.147445775543189,1.0,0.2982348244795314,0.02113238890360417,0.27710243557592723,9,0.108715655053403,184,0.0,fake,8
vendor_07,0.016933899789196554,0.02063146813819601,0.3333333333333333,0.4250927858274093,-0.23940881232372682,0.6645015981511361,9,0.4081588860382127,184,0.0,fake,9
vendor_09,-0.12775779085875652,-0.09750943641820796,0.1111111111111111,0.0026044391542589707,-0.2003474867516711,0.2029519259059301,9,0.1303622300130155,184,0.0,fake,10
vendor_08,-0.28000915449000124,-0.22182483302527045,0.2222222222222222,0.03340401725559939,-0.3798048928808093,0.4132089101364087,9,0.3134131717456006,184,0.0,fake,11
vendor_05,-0.362248812115685,-0.2899499597799683,0.3333333333333333,0.0476687528092887,-0.6187358718963496,0.6664046247056383,9,0.40991756492497367,184,0.0,fake,12
vendor_03,1.0701717395194859,0.9547368049594951,1.0,1.2957564544006175,0.49611445956601713,0.7996419948346003,9,0.22558471488113163,185,0.025,REAL,1
vendor_00,0.9993041203490146,0.899695212248153,1.0,1.2949476872121557,0.39095338624357867,0.903994300968577,9,0.2956435668631411,185,0.05,REAL,2
vendor_01,0.9993041203490146,0.899695212248153,1.0,1.2949476872121557,0.39095338624357867,0.903994300968577,9,0.2956435668631411,185,0.04,REAL,3
vendor_02,0.9993041203490146,0.899695212248153,1.0,1.2949476872121557,0.39095338624357867,0.903994300968577,9,0.2956435668631411,185,0.03,REAL,4
vendor_04,0.600932401290916,0.48213473395549894,1.0,0.576384033141467,0.41289008017630785,0.16349395296515917,9,-0.02454836814944894,185,0.01,REAL,5
vendor_09,0.4406187196265465,0.3544870370199311,1.0,0.5293488580526445,0.2208655601235798,0.3084832979290647,9,0.08873013842609806,185,0.0,fake,6
vendor_05,0.3205525790218223,0.26318734436004154,0.6666666666666666,0.7414718013566831,-0.113452117302485,0.8549239186591682,9,0.4209192223348608,185,0.0,fake,7
vendor_10,-0.03546849629138117,-0.0344448990534583,0.5555555555555556,0.15307363566114868,-0.2331537428855005,0.3862273785466492,9,0.18854213195252983,185,0.0,fake,8
vendor_08,-0.1878936397799421,-0.16058250986833852,0.6666666666666666,0.13113175025656218,-0.6135584011650331,0.7446901514215953,9,0.3190253900365043,185,0.0,fake,9
vendor_07,-0.5351734677954043,-0.4235853752964412,0.0,-0.0422205391624041,-0.7460063125266477,0.7037857733642436,9,0.4929529286330002,185,0.0,fake,10
vendor_11,-0.5569488388566378,-0.4560313282099029,0.0,-0.09730316887474257,-0.6894007940869423,0.5920976252121998,9,0.45964566998189527,185,0.0,fake,11
vendor_06,-0.9107917091005097,-0.7406482320635629,0.0,-0.28824660391045553,-0.9739469543848606,0.685700350474405,9,0.6225451051900541,185,0.0,fake,12
vendor_03,1.3315573430005863,1.2213259689206046,1.0,1.4242228491985738,0.973419253670234,0.4508035955283398,9,0.09266550619798752,186,0.025,REAL,1
vendor_01,1.27463488284728,1.1745490548152824,1.0,1.3546074440652742,0.9335837381316622,0.42102370593361205,9,0.07997256121799423,186,0.04,REAL,2
vendor_02,1.27463488284728,1.1745490548152822,1.0,1.3546074440652742,0.9335837381316621,0.42102370593361216,9,0.07997256121799423,186,0.03,REAL,3
vendor_00,1.2746348828472798,1.1745490548152822,1.0,1.3546074440652742,0.9335837381316621,0.42102370593361216,9,0.07997256121799445,186,0.05,REAL,4
vendor_11,0.7115686453444457,0.581155739460879,1.0,0.8691741495737519,0.30382570459202807,0.5653484449817239,9,0.1576055042293062,186,0.0,fake,5
vendor_04,0.5999470663425991,0.49467209428334236,1.0,0.7648762099042127,0.3072708297668995,0.45760538013731317,9,0.1649291435616136,186,0.01,REAL,6
vendor_07,0.49738861005373486,0.4052445758002991,0.6666666666666666,0.7644653523894362,-0.19589869658928807,0.9603640489787243,9,0.2670767423357014,186,0.0,fake,7
vendor_09,0.44650610399888724,0.35516517674324627,1.0,0.5031993165474256,0.07872247348898492,0.42447684305844063,9,0.05669321254853832,186,0.0,fake,8
vendor_06,0.07445629962532435,0.050836071267638096,0.6666666666666666,0.3953170234977386,-0.33427580313812877,0.7295928266358673,9,0.32086072387241427,186,0.0,fake,9
vendor_08,-0.13514155504076725,-0.10258272317451445,0.3333333333333333,0.3218885492143296,-0.4645478795049533,0.7864364287192829,9,0.4570301042550968,186,0.0,fake,10
vendor_10,-0.29381155896746214,-0.2367708216932668,0.0,-0.0024371254167926677,-0.45764316445039155,0.4552060390335989,9,0.2913744335506695,186,0.0,fake,11
vendor_05,-0.3222258553667223,-0.24931486960559893,0.2222222222222222,0.011377658843201782,-0.69151690119575,0.7028945600389518,9,0.3336035142099241,186,0.0,fake,12
vendor_00,1.4588786248835222,1.3339590474314051,1.0,1.5735586573542388,1.0120706260485395,0.5614880313056994,9,0.11468003247071668,187,0.05,REAL,1
vendor_01,1.4588786248835222,1.3339590474314051,1.0,1.5735586573542388,1.0120706260485395,0.5614880313056994,9,0.11468003247071668,187,0.04,REAL,2
vendor_02,1.357230106331712,1.2082109140549315,1.0,1.3740357584859493,0.9796029495220029,0.3944328089639464,9,0.01680565215423724,187,0.03,REAL,3
vendor_03,1.182807078287144,1.0390415640220203,1.0,1.451344433389108,0.589074535322222,0.8622698980668859,9,0.26853735510196386,187,0.025,REAL,4
vendor_08,0.6084644229866626,0.4787830029536966,1.0,0.7294031095541563,0.2496289886380915,0.47977412091606486,9,0.12093868656749374,187,0.0,fake,5
vendor_07,0.40527005373721914,0.3183746057148913,0.6666666666666666,0.7129935678751887,-0.0807962784235274,0.7937898462987162,9,0.3077235141379696,187,0.0,fake,6
vendor_05,-0.08816833165645578,-0.06751558232013027,0.3333333333333333,0.03612210060112978,-0.175351639874815,0.21147374047594478,9,0.12429043225758557,187,0.0,fake,7
vendor_04,-0.10492798203527819,-0.09086457605809146,0.6666666666666666,0.2717118881751535,-0.6697931693472107,0.9415050575223642,9,0.3766398702104317,187,0.01,REAL,8
vendor_11,-0.3488836744802018,-0.28458313796880236,0.0,-0.1789113464751172,-0.45049032613469175,0.27157897965957456,9,0.1699723280050846,187,0.0,fake,9
vendor_06,-0.3626504108779433,-0.3064188207680894,0.3333333333333333,0.41392828009101484,-0.7592777056199561,1.173205985710971,9,0.7765786909689582,187,0.0,fake,10
vendor_10,-0.5815597966046936,-0.4643114981913378,0.3333333333333333,0.1568723250376139,-0.9612582216992699,1.1181305467368838,9,0.7384321216423075,187,0.0,fake,11
vendor_09,-0.9306544408958388,-0.7415014751467499,0.0,-0.5572060871107789,-1.0015070116146965,0.44430092450391756,9,0.3734483537850599,187,0.0,fake,12
vendor_00,2.092553908904228,1.9067037051262572,1.0,2.095855558551207,1.573163184578011,0.5226923739731959,9,0.003301649646978877,188,0.05,REAL,1
vendor_01,1.8956991108314716,1.6829418227273052,1.0,1.8680365406313164,1.4205030641475622,0.4475334764837542,9,-0.027662570200155168,188,0.04,REAL,2
vendor_03,1.7473560264123613,1.4675706061435005,1.0,1.6793647432202539,1.172963149345105,0.5064015938751489,9,-0.06799128319210745,188,0.025,REAL,3
vendor_02,1.4442286329237246,1.2325131356426482,1.0,1.3914262097005285,1.0553232815334954,0.33610292816703313,9,-0.05280242322319606,188,0.03,REAL,4
vendor_04,1.0663602051108805,0.8778265980939762,1.0,1.0063379104579584,0.7075339786451988,0.29880393181275955,9,-0.06002229465292208,188,0.01,REAL,5
vendor_07,0.8360084791748379,0.6849038212340742,1.0,1.095143151329951,0.3844841644756863,0.7106589868542648,9,0.2591346721551131,188,0.0,fake,6
vendor_06,0.3488470736482288,0.28399825145213364,1.0,0.3891447328419362,0.19126263429707616,0.19788209854486002,9,0.04029765919370737,188,0.0,fake,7
vendor_08,0.2018251171442628,0.15778595332385714,0.6666666666666666,0.39109755331389173,-0.04986975650189806,0.4409673098157898,9,0.18927243616962894,188,0.0,fake,8
vendor_11,0.19330976539716052,0.14715241753405542,0.7777777777777778,0.283198746388887,-0.01977562449577969,0.30297437088466667,9,0.08988898099172646,188,0.0,fake,9
vendor_09,0.18990448739893454,0.1488482609545732,0.3333333333333333,0.6917534204609985,-0.17143490437309533,0.8631883248340939,9,0.501848933062064,188,0.0,fake,10
vendor_10,0.1552315157662445,0.12754401120695621,1.0,0.260132927069117,0.028800754304326142,0.23133217276479087,9,0.1049014113028725,188,0.0,fake,11
vendor_05,-0.5369829405054141,-0.42334901021485405,0.0,-0.1948340885783041,-0.6081506020763271,0.413316513498023,9,0.34214885192711,188,0.0,fake,12
vendor_02,1.2766828430426183,1.1792510902789353,1.0,1.5663913806830037,0.9069587556332566,0.6594326250497471,9,0.2897085376403854,189,0.03,REAL,1
vendor_00,1.2621821812611567,1.1686797406985763,1.0,1.475206012029516,1.0129258116038986,0.46228020042561746,9,0.2130238307683594,189,0.05,REAL,2
vendor_01,1.2621821812611567,1.1686797406985763,1.0,1.475206012029516,1.0129258116038986,0.46228020042561746,9,0.2130238307683594,189,0.04,REAL,3
vendor_03,0.9400453554708931,0.8438105089153695,1.0,1.0031969873418136,0.6924328679086059,0.3107641194332077,9,0.06315163187092054,189,0.025,REAL,4
vendor_04,0.8706173202212792,0.7093113218415094,1.0,1.1370382093663103,0.36719932238486924,0.769838886981441,9,0.26642088914503104,189,0.01,REAL,5
vendor_09,0.4017728456907307,0.32429070162223356,1.0,0.5723750088100189,0.05534607509486451,0.5170289337151543,9,0.17060216311928822,189,0.0,fake,6
vendor_06,0.3365653991191893,0.26625401765734596,1.0,0.4080241715587215,0.15062087015733314,0.25740330140138834,9,0.07145877243953219,189,0.0,fake,7
vendor_08,0.06370501763987321,0.05588334723011896,0.6666666666666666,0.2877997529042901,-0.17212006724356285,0.45991982014785293,9,0.2240947352644169,189,0.0,fake,8
vendor_11,-0.07201917858027236,-0.054574159422864095,0.6666666666666666,0.39710151509684305,-0.5558119406857068,0.9529134557825498,9,0.4691206936771154,189,0.0,fake,9
vendor_05,-0.1427014703921193,-0.1211135925443282,0.3333333333333333,0.42090729236758434,-0.6274563023434239,1.0483635947110082,9,0.5636087627597036,189,0.0,fake,10
vendor_07,-0.46096750085958665,-0.3787237112749152,0.0,-0.12112730605233644,-0.7346700648908353,0.6135427588384988,9,0.3398401948072502,189,0.0,fake,11
vendor_10,-0.5495854029891578,-0.4364030624515903,0.0,-0.24453230481052332,-0.613379667295294,0.3688473624847707,9,0.30505309817863446,189,0.0,fake,12
vendor_00,0.8874803281544654,0.8144993284890263,1.0,1.3854772780006126,0.03596849482409532,1.3495087831765173,9,0.4979969498461472,190,0.05,REAL,1
vendor_01,0.8874803281544652,0.8144993284890263,1.0,1.385477278000613,0.03596849482409532,1.3495087831765178,9,0.49799694984614784,190,0.04,REAL,2
vendor_02,0.8874803281544652,0.8144993284890262,1.0,1.3854772780006126,0.03596849482409532,1.3495087831765173,9,0.4979969498461474,190,0.03,REAL,3
vendor_03,0.6712027577917808,0.6143656902169927,0.8888888888888888,1.0407047480409424,-0.0019211385566775085,1.04262588659762,9,0.3695019902491615,190,0.025,REAL,4
vendor_04,0.6044876537751811,0.5082035303795528,0.6666666666666666,1.1297372449280438,-0.2800891369556577,1.4098263818837016,9,0.5252495911528627,190,0.01,REAL,5
vendor_10,0.21427465457064374,0.18820574689891567,0.6666666666666666,0.5515111389147941,-0.023428065216606446,0.5749392041314005,9,0.3372364843441503,190,0.0,fake,6
vendor_08,0.18060116444279162,0.14745330295529813,1.0,0.2640627999995858,0.04259825736952272,0.2214645426300631,9,0.0834616355567942,190,0.0,fake,7
vendor_05,0.13424903700346913,0.11115686952390634,0.6666666666666666,0.2616185911267517,-0.11815851936239619,0.37977711048914786,9,0.12736955412328255,190,0.0,fake,8
vendor_11,-0.05504671889825323,-0.048884822569591424,0.3333333333333333,0.4044959783136697,-0.4154698096533294,0.819965787966999,9,0.4595426972119229,190,0.0,fake,9
vendor_06,-0.12141164911076957,-0.10027645304760363,0.3333333333333333,0.16085365883221128,-0.33748103665908197,0.4983346954912933,9,0.2822653079429809,190,0.0,fake,10
vendor_09,-0.18980820063237663,-0.15174894246771756,0.1111111111111111,0.007135892855448541,-0.4116149452833497,0.4187508381387982,9,0.19694409348782518,190,0.0,fake,11
vendor_07,-0.3085601014513936,-0.25086335191124515,0.2222222222222222,0.05106553416431395,-0.43651635434649994,0.48758188851081385,9,0.3596256356157076,190,0.0,fake,12
vendor_00,2.100071417298086,1.901392882105398,1.0,2.237863063318454,1.305000912348303,0.9328621509701509,9,0.13779164602036786,191,0.05,REAL,1
vendor_01,1.9403942908696536,1.718970995055021,1.0,2.126492428778425,1.3224584123612733,0.8040340164171518,9,0.1860981379087714,191,0.04,REAL,2
vendor_02,1.4679169504598977,1.2415247509285283,1.0,1.6103020725033714,0.9175911690233965,0.6927109034799749,9,0.14238512204347376,191,0.03,REAL,3
vendor_03,1.1737037819737794,0.9830557173058033,1.0,1.4260294211246956,0.6541934059932455,0.7718360151314501,9,0.2523256391509161,191,0.025,REAL,4
vendor_04,0.64524033717575,0.519622766224233,1.0,0.5729322916290197,0.43626960597244185,0.13666268565657785,9,-0.07230804554673032,191,0.01,REAL,5
vendor_06,0.5703212025775317,0.46131774415115473,1.0,0.8782296021755803,0.16590817493155297,0.7123214272440274,9,0.3079083995980486,191,0.0,fake,6
vendor_10,0.1624252585332535,0.13508646735137939,0.6666666666666666,0.3441178247606943,-0.06033040986848248,0.4044482346291768,9,0.1816925662274408,191,0.0,fake,7
vendor_09,0.022768961717065758,0.018966904982743598,0.6666666666666666,0.24740702893466768,-0.31133322333265673,0.5587402522673244,9,0.22463806721760193,191,0.0,fake,8
vendor_05,-0.1389273524296555,-0.1110686462662757,0.6666666666666666,0.11064974601797802,-0.47490484092902274,0.5855545869470008,9,0.24957709844763354,191,0.0,fake,9
vendor_11,-0.20690362611576651,-0.17240172750016847,0.4444444444444444,0.4627692535863303,-0.9524058662950485,1.415175119881379,9,0.6696728797020968,191,0.0,fake,10
vendor_07,-0.21891523812237884,-0.18568564090022888,0.6666666666666666,0.1803192520070679,-0.8165335494086451,0.996852801415713,9,0.39923449012944673,191,0.0,fake,11
vendor_08,-1.0414763602018422,-0.8408453429782954,0.0,-0.17886762809332452,-1.772664221820936,1.5937965937276115,9,0.8626087321085176,191,0.0,fake,12
vendor_01,1.7965997279551664,1.626668794902319,1.0,1.9170855081144311,1.2486284484942842,0.6684570596201469,9,0.1204857801592647,192,0.04,REAL,1
vendor_00,1.7195036505442662,1.565573962447357,1.0,1.9171868354377044,1.1448442417759261,0.7723425936617783,9,0.19768318489343817,192,0.05,REAL,2
vendor_02,1.6796712972350774,1.4637107319347509,1.0,1.7586476380753642,1.0708466428400218,0.6878009952353423,9,0.07897634084028682,192,0.03,REAL,3
vendor_03,1.380599445170666,1.1824996738293663,1.0,1.265919131787541,1.0787663486965786,0.18715278309096228,9,-0.11468031338312512,192,0.025,REAL,4
vendor_09,0.3708424477435222,0.29278356107735326,0.6666666666666666,0.7453089093949549,-0.06642517431356774,0.8117340837085226,9,0.37446646165143266,192,0.0,fake,5
vendor_04,0.31287442530401255,0.24659663512114852,1.0,0.43890250531958913,0.09083419450884407,0.3480683108107451,9,0.12602808001557658,192,0.01,REAL,6
vendor_10,0.2572526386558957,0.21064352611372827,0.6666666666666666,0.6555204088512563,-0.236066655324769,0.8915870641760253,9,0.3982677701953606,192,0.0,fake,7
vendor_05,-0.18835985555499127,-0.15227621368943145,0.0,-0.0300342392277587,-0.3069767697772193,0.2769425305494606,9,0.15832561632723258,192,0.0,fake,8
vendor_06,-0.2140095936769464,-0.1748069559888854,0.3333333333333333,0.07724145012983158,-0.5641943901580203,0.6414358402878519,9,0.291251043806778,192,0.0,fake,9
vendor_11,-0.3127584454644298,-0.2437529276065694,0.3333333333333333,0.1908392665494771,-0.7142029349083413,0.9050422014578184,9,0.5035977120139069,192,0.0,fake,10
vendor_07,-0.48387697005573,-0.38757679426607405,0.0,-0.25042722849344046,-0.5672812355878173,0.31685400709437683,9,0.23344974156228954,192,0.0,fake,11
vendor_08,-0.7015033446477399,-0.5676566787490199,0.0,-0.3634581984265949,-0.857179235541191,0.49372103711459614,9,0.338045146221145,192,0.0,fake,12
vendor_02,1.4399660260067744,1.29696126597186,1.0,1.532957166182125,0.9433210458695674,0.5896361203125576,9,0.0929911401753507,193,0.03,REAL,1
vendor_03,1.4032616769882869,1.2456235966112417,1.0,1.465093691860333,1.0154905891833597,0.44960310267697334,9,0.06183201487204615,193,0.025,REAL,2
vendor_01,1.3844417912139368,1.2518648215196875,1.0,1.5173157518208342,0.9398744036109535,0.5774413482098807,9,0.13287396060689738,193,0.04,REAL,3
vendor_00,1.3844417912139368,1.2518648215196875,1.0,1.5173157518208342,0.9398744036109533,0.5774413482098809,9,0.13287396060689738,193,0.05,REAL,4
vendor_09,0.27097841104124276,0.22012218444024856,1.0,0.4355815797367276,0.011973765685822802,0.4236078140509048,9,0.16460316869548486,193,0.0,fake,5
vendor_08,0.2029523964487929,0.15935730092899364,1.0,0.21714649199326339,0.07312097099887083,0.14402552099439256,9,0.014194095544470486,193,0.0,fake,6
vendor_10,0.14969637631865867,0.12412732287026786,0.6666666666666666,0.3157620536336093,-0.15041569542181912,0.4661777490554284,9,0.16606567731495064,193,0.0,fake,7
vendor_04,0.050438194568428844,0.04377562391483622,0.8888888888888888,0.10573780441339264,-0.00813084853800799,0.11386865295140064,9,0.0552996098449638,193,0.01,REAL,8
vendor_05,-0.07364434526834608,-0.05789731951561697,0.3333333333333333,0.2029535948137515,-0.21096050812865394,0.41391410294240544,9,0.2765979400820976,193,0.0,fake,9
vendor_06,-0.1250709242828827,-0.10277153020200262,0.3333333333333333,0.14251763841637557,-0.2562352470947507,0.3987528855111263,9,0.26758856269925824,193,0.0,fake,10
vendor_11,-0.15141152678915515,-0.11094908228384447,0.3333333333333333,0.23546700652913116,-0.5061707678969662,0.7416377744260974,9,0.3868785333182863,193,0.0,fake,11
vendor_07,-0.1674013174792566,-0.14150899240463088,0.1111111111111111,0.0051795634970238135,-0.37578569130684336,0.38096525480386717,9,0.1725808809762804,193,0.0,fake,12
vendor_00,1.4962960315353302,1.3731700549988146,1.0,1.9182694945446381,0.7592667582798301,1.1590027362648079,9,0.42197346300930794,194,0.05,REAL,1
vendor_03,1.4171235796064576,1.2272642650281185,1.0,1.8057996925424993,0.5667579957411653,1.239041696801334,9,0.38867611293604165,194,0.025,REAL,2
vendor_01,1.3865547548734178,1.2680061551515458,1.0,1.81071216900391,0.7096627123055358,1.1010494566983744,9,0.42415741413049224,194,0.04,REAL,3
vendor_02,1.133894210218367,1.01601719449494,1.0,1.4561273472136511,0.42953268816588913,1.026594659047762,9,0.3222331369952842,194,0.03,REAL,4
vendor_08,0.5743145008271302,0.46201025655050515,1.0,0.6704971487903834,0.2633727433417972,0.40712440544858614,9,0.09618264796325315,194,0.0,fake,5
vendor_11,0.4082014989109793,0.3225669965495742,1.0,0.5428032637480519,0.11617338703867922,0.4266298767093727,9,0.1346017648370726,194,0.0,fake,6
vendor_09,0.06924513493565365,0.05880898070105278,0.6666666666666666,0.22994574671824425,-0.22733298779955127,0.45727873451779555,9,0.1607006117825906,194,0.0,fake,7
vendor_10,0.0507340525918733,0.04237250426237447,0.6666666666666666,0.2954186869171748,-0.25385486333533197,0.5492735502525068,9,0.24468463432530152,194,0.0,fake,8
vendor_07,0.04729207430572336,0.039685360422600485,0.6666666666666666,0.2518030159491206,-0.16316322572909017,0.4149662416782107,9,0.20451094164339723,194,0.0,fake,9
vendor_05,0.039727262104652335,0.027340241018847158,0.6666666666666666,0.12000436393480733,-0.10008645379762951,0.22009081773243683,9,0.08027710183015499,194,0.0,fake,10
vendor_04,-0.08895519691643633,-0.06627647036610038,0.3333333333333333,0.27295308661804174,-0.2888078215923411,0.5617609082103828,9,0.36190828353447807,194,0.01,REAL,11
vendor_06,-0.4109883569826332,-0.3231169094787189,0.0,-0.15268387168733735,-0.5984213247122925,0.44573745302495515,9,0.2583044852952958,194,0.0,fake,12
vendor_00,1.8334527671689984,1.649473555747946,1.0,2.1960016077455853,1.0756193185861245,1.1203822891594608,9,0.3625488405765869,195,0.05,REAL,1
vendor_01,1.526745942087517,1.3560222093307435,1.0,1.9399320511519904,0.8299807749209729,1.1099512762310175,9,0.4131861090644735,195,0.04,REAL,2
vendor_03,1.2730478357560828,1.0540117257858226,1.0,1.3839146859640634,0.7703128612143293,0.6136018247497341,9,0.1108668502079806,195,0.025,REAL,3
vendor_02,1.2614750382739046,1.082077736629789,1.0,1.391745603625317,0.8698734434451418,0.5218721601801752,9,0.13027056535141246,195,0.03,REAL,4
vendor_11,0.3980510472523715,0.3208085889643604,1.0,0.4216736128226932,0.15092593947274477,0.2707476733499484,9,0.02362256557032172,195,0.0,fake,5
vendor_07,0.3688294086340934,0.28498044952581025,0.6666666666666666,1.040788955909941,-0.22263776504787056,1.2634267209578116,9,0.6719595472758476,195,0.0,fake,6
vendor_10,0.030195253566753316,0.01577708047348143,0.4444444444444444,0.3449989887413724,-0.1915296934249741,0.5365286821663465,9,0.3148037351746191,195,0.0,fake,7
vendor_09,0.005652372392266574,-0.0030270355673585048,0.3333333333333333,0.3539652303890677,-0.22980586529587246,0.5837710956849401,9,0.3483128579968011,195,0.0,fake,8
vendor_04,-0.10051763353108373,-0.08398691888450233,0.3333333333333333,0.2642218264091503,-0.3965318924718292,0.6607537188809796,9,0.36473945994023405,195,0.01,REAL,9
vendor_08,-0.12258379089729597,-0.09504720956359762,0.3333333333333333,0.17548021864171892,-0.2753667377810941,0.450846956422813,9,0.2980640095390149,195,0.0,fake,10
vendor_06,-0.2690967220134393,-0.22068952324553362,0.3333333333333333,0.07781253632810552,-0.5924503851766247,0.6702629215047302,9,0.34690925834154485,195,0.0,fake,11
vendor_05,-0.416162008133358,-0.33035099883125146,0.3333333333333333,0.10970778174066309,-0.7330609473669529,0.842768729107616,9,0.5258697898740211,195,0.0,fake,12
vendor_00,1.661350396234753,1.506984830227522,1.0,1.8376790978874955,1.0404685020073177,0.7972105958801778,9,0.17632870165274261,196,0.05,REAL,1
vendor_01,1.661350396234753,1.5069848302275217,1.0,1.8376790978874955,1.0404685020073177,0.7972105958801778,9,0.17632870165274261,196,0.04,REAL,2
vendor_02,1.6402757202347886,1.4453149809224817,1.0,1.7094645653525453,1.181256362515754,0.5282082028367914,9,0.06918884511775669,196,0.03,REAL,3
vendor_03,1.1189161460227868,0.9493738832000312,1.0,1.2363582422477661,0.7322368926692294,0.5041213495785367,9,0.11744209622497936,196,0.025,REAL,4
vendor_06,0.7595780113022048,0.6274972866032645,1.0,0.9990295455872469,0.2636773834476993,0.7353521621395476,9,0.23945153428504207,196,0.0,fake,5
vendor_04,0.6704671859821788,0.5370364191318855,1.0,0.8089340597350813,0.25418664086699977,0.5547474188680814,9,0.13846687375290245,196,0.01,REAL,6
vendor_09,0.49609928743965837,0.40453139478203326,1.0,0.6360131822785753,0.23155146465265497,0.4044617176259203,9,0.13991389483891692,196,0.0,fake,7
vendor_11,0.3000459565489282,0.2369679735489443,0.8888888888888888,0.5230374520928573,-0.005677755717269301,0.5287152078101266,9,0.22299149554392916,196,0.0,fake,8
vendor_08,0.21893525121505403,0.16848654311658207,0.6666666666666666,0.3858274947746858,-0.04679256926797552,0.43262006404266135,9,0.16689224355963178,196,0.0,fake,9
vendor_05,0.025956642892569014,0.026193700917126944,0.6666666666666666,0.2076330958487718,-0.16984404593871424,0.37747714178748604,9,0.18167645295620277,196,0.0,fake,10
vendor_07,-0.14899009140319924,-0.13363713956695403,0.3333333333333333,0.523976305083727,-0.7117494296990619,1.2357257347827888,9,0.6729663964869261,196,0.0,fake,11
vendor_10,-0.45334969550936277,-0.3491062809739139,0.3333333333333333,0.06616585347416465,-0.743411700287878,0.8095775537620427,9,0.5195155489835275,196,0.0,fake,12
vendor_00,1.8790477460574164,1.7180452438686955,1.0,2.040304969187354,1.392750735330403,0.6475542338569509,9,0.1612572231299374,197,0.05,REAL,1
vendor_01,1.619341872521839,1.4560571714957715,1.0,1.7847177496998834,1.14089419066802,0.6438235590318635,9,0.16537587717804447,197,0.04,REAL,2
vendor_02,1.3440542251262761,1.1604514242398647,1.0,1.2083767025402807,1.0919570351950199,0.11641966734526088,9,-0.1356775225859954,197,0.03,REAL,3
vendor_03,1.2955421251160302,1.0893164678081666,1.0,1.279893300270322,0.9196584135908354,0.36023488667948667,9,-0.015648824845708065,197,0.025,REAL,4
vendor_04,0.7601287715668454,0.6091804410304619,1.0,0.6781110951621571,0.4440544526273983,0.23405664253475877,9,-0.08201767640468838,197,0.01,REAL,5
vendor_10,0.6817628623287492,0.5441605015463714,1.0,0.6721084633748298,0.4303963203586115,0.2417121430162183,9,-0.009654398953919396,197,0.0,fake,6
vendor_07,0.39445336450471746,0.3215682968524025,0.6666666666666666,0.8587090331917574,-0.2947080169944745,1.153417050186232,9,0.46425566868703994,197,0.0,fake,7
vendor_06,0.1494018853653477,0.12060257205110424,1.0,0.25648843604096117,0.019706007756608777,0.2367824282843524,9,0.10708655067561346,197,0.0,fake,8
vendor_09,0.10949711896424158,0.09488402658076583,0.6666666666666666,0.3691860502441014,-0.25199203274496296,0.6211780829890643,9,0.2596889312798598,197,0.0,fake,9
vendor_08,-0.2818600835694401,-0.222446834856896,0.3333333333333333,0.061496287133217954,-0.4284196469118126,0.4899159340450306,9,0.34335637070265806,197,0.0,fake,10
vendor_11,-0.6680907497201192,-0.5405783245904089,0.0,-0.02190766978571467,-0.9721928692634914,0.9502851994777767,9,0.6461830799344045,197,0.0,fake,11
vendor_05,-0.8265838051691262,-0.6715307687004889,0.0,-0.44225635971931865,-1.0518943050431615,0.6096379453238429,9,0.38432744544980757,197,0.0,fake,12
vendor_00,1.993336057049998,1.8373544976158027,1.0,2.011431850351819,1.5548390332851507,0.45659281706666843,9,0.018095793301821095,198,0.05,REAL,1
vendor_01,1.8430976654440319,1.6640742719035164,1.0,1.7239965172660727,1.609936478511445,0.11406003875462778,9,-0.11910114817795914,198,0.04,REAL,2
vendor_02,1.8091444027360537,1.5845749539703684,1.0,1.6966771451178861,1.3961610832000444,0.30051606191784175,9,-0.11246725761816756,198,0.03,REAL,3
vendor_04,1.5404644492507318,1.2133106748673517,1.0,1.8538239095323534,0.49856569771488496,1.3552582118174685,9,0.31335946028162165,198,0.01,REAL,4
vendor_03,1.245173654112044,1.0617280010355872,1.0,1.4721906220796164,0.7298578152610119,0.7423328068186045,9,0.22701696796757243,198,0.025,REAL,5
vendor_11,0.7249625547098237,0.5666246607035896,1.0,0.7755775351604621,0.3280198141090993,0.4475577210513628,9,0.05061498045063839,198,0.0,fake,6
vendor_08,0.6406650155476268,0.5112892557046342,1.0,0.8795226914844828,0.23986891426294743,0.6396537772215354,9,0.23885767593685603,198,0.0,fake,7
vendor_05,0.4690464390187063,0.37994628514178325,1.0,0.7256486008644958,0.006607258554262878,0.7190413423102329,9,0.2566021618457895,198,0.0,fake,8
vendor_09,0.37810529059058906,0.3056291176005715,1.0,0.481428427658985,0.08733593203629372,0.39409249562269133,9,0.10332313706839596,198,0.0,fake,9
vendor_07,0.20084832401806743,0.15750215078790994,0.6666666666666666,0.584844596594378,-0.4257627974321721,1.01060739402655,9,0.38399627257631064,198,0.0,fake,10
vendor_10,0.0747603666370078,0.05891287718403252,0.6666666666666666,0.24667321628710256,-0.1874405948030138,0.4341138110901164,9,0.17191284965009476,198,0.0,fake,11
vendor_06,-0.16392111588360092,-0.12635499691046054,0.3333333333333333,0.1400775376287947,-0.4144307355836459,0.5545082732124407,9,0.30399865351239563,198,0.0,fake,12
vendor_00,1.6640969927062508,1.5144001735505592,1.0,1.6027367126578462,1.4410292264667945,0.16170748619105169,9,-0.06136028004840455,199,0.05,REAL,1
vendor_01,1.6640969927062506,1.5144001735505592,1.0,1.6027367126578462,1.4410292264667945,0.16170748619105169,9,-0.061360280048404325,199,0.04,REAL,2
vendor_02,1.6501378268762608,1.4998815713800226,1.0,1.627360351887011,1.4223504110699097,0.20500994081710133,9,-0.022777474989249757,199,0.03,REAL,3
vendor_03,1.6268658770729791,1.4413686565307744,1.0,1.629513001695636,1.1366856917499122,0.4928273099457239,9,0.0026471246226569267,199,0.025,REAL,4
vendor_04,1.1628189437577872,0.9425559651519411,1.0,1.109671005779015,0.777305904367963,0.3323651014110519,9,-0.053147937978772264,199,0.01,REAL,5
vendor_08,0.5130522300839621,0.4127439887110989,1.0,0.6428422226820459,0.21880135802141965,0.4240408646606263,9,0.12978999259808388,199,0.0,fake,6
vendor_09,0.3293839761783831,0.2749722642049098,1.0,0.42586927481343717,0.08462216063752863,0.34124711417590853,9,0.09648529863505406,199,0.0,fake,7
vendor_06,-0.020422172973230738,-0.017581556442463484,0.5555555555555556,0.31813290051528936,-0.3702822823803351,0.6884151828956244,9,0.3385550734885201,199,0.0,fake,8
vendor_07,-0.28052591300806784,-0.22780398257506634,0.0,-0.10389402733682915,-0.3466076544612629,0.24271362712443376,9,0.1766318856712387,199,0.0,fake,9
vendor_10,-0.3499457133174455,-0.2782341110204579,0.0,-0.0998630573147439,-0.46867897547078924,0.3688159181560453,9,0.25008265600270163,199,0.0,fake,10
vendor_11,-0.3629989209268751,-0.28792072151798487,0.0,-0.2367825801073903,-0.36840603208731454,0.13162345197992423,9,0.12621634081948477,199,0.0,fake,11
vendor_05,-0.5373139591686874,-0.43215053777476636,0.0,-0.15540780980505917,-0.8882607734719077,0.7328529636668485,9,0.3819061493636282,199,0.0,fake,12
