vendor,single_sharpe,best_sharpe,best_config,n_configs_tried,seed,true_ic,kind,rank
vendor_00,1.9765324025322577,1.9919519378738086,smooth1_top25,9,0,0.05,REAL,1
vendor_01,1.9829733187559448,1.9829733187559448,smooth1_all,9,0,0.04,REAL,2
vendor_02,1.3152409869916013,1.3303913724348455,smooth20_top25,9,0,0.03,REAL,3
vendor_03,1.17422091170175,1.2595603622365452,smooth1_top25,9,0,0.025,REAL,4
vendor_04,0.1771175203777978,0.9531443844634397,smooth5_top25,9,0,0.01,REAL,5
vendor_06,0.4979769721660886,0.7300089109803766,smooth20_all,9,0,0.0,fake,6
vendor_07,0.21901466398619227,0.5471671195075367,smooth5_top50,9,0,0.0,fake,7
vendor_10,0.21184671898335788,0.4084790908047164,smooth5_top25,9,0,0.0,fake,8
vendor_08,0.060231854400573714,0.15050473353711247,smooth5_top25,9,0,0.0,fake,9
vendor_05,-0.5100297493984924,0.045779566414300026,smooth20_all,9,0,0.0,fake,10
vendor_11,-0.25089400888196883,0.03137698520139056,smooth20_all,9,0,0.0,fake,11
vendor_09,-0.18105245214061141,-0.07781779154602184,smooth1_top25,9,0,0.0,fake,12
vendor_02,1.4485920510045889,1.9298419098635624,smooth5_all,9,1,0.03,REAL,1
vendor_00,1.8990630094087706,1.8990630094087706,smooth1_all,9,1,0.05,REAL,2
vendor_01,1.6655028467658137,1.6655028467658137,smooth1_all,9,1,0.04,REAL,3
vendor_03,0.7018937986918471,1.2080857518715604,smooth5_top50,9,1,0.025,REAL,4
vendor_09,0.5969312997047509,0.6276431911195218,smooth1_top25,9,1,0.0,fake,5
vendor_04,0.20119273403055865,0.4976931685868251,smooth5_top50,9,1,0.01,REAL,6
vendor_10,0.3692291694877265,0.4747064081366263,smooth5_top25,9,1,0.0,fake,7
vendor_05,-0.11949139889175159,0.20902933233618204,smooth5_top50,9,1,0.0,fake,8
vendor_11,-1.1578943389501075,0.0435842246480429,smooth20_top25,9,1,0.0,fake,9
vendor_08,-0.520613433360519,-0.07768629242804441,smooth20_top25,9,1,0.0,fake,10
vendor_07,-0.16641538968046332,-0.13516693571581925,smooth1_top25,9,1,0.0,fake,11
vendor_06,-0.5355315326073766,-0.1912825038153859,smooth5_top50,9,1,0.0,fake,12
vendor_00,2.637081216450395,2.749996984658057,smooth5_top25,9,2,0.05,REAL,1
vendor_01,1.9028355354762745,2.5753669358715734,smooth5_top25,9,2,0.04,REAL,2
vendor_02,1.426525030383816,2.0517546071404316,smooth5_all,9,2,0.03,REAL,3
vendor_03,0.6850938775135313,1.1242032619348261,smooth20_top50,9,2,0.025,REAL,4
vendor_04,0.6354172729585753,1.0271675054854406,smooth5_top25,9,2,0.01,REAL,5
vendor_08,0.16682923926486032,0.7408321272470441,smooth20_top25,9,2,0.0,fake,6
vendor_11,-0.47276787148037447,0.47960886379799955,smooth5_top25,9,2,0.0,fake,7
vendor_09,0.11251537690249748,0.355966700629384,smooth5_top50,9,2,0.0,fake,8
vendor_05,-0.36790305097252785,0.19876356773084214,smooth20_top25,9,2,0.0,fake,9
vendor_06,-0.6926565577462876,0.19831189165253604,smooth20_top50,9,2,0.0,fake,10
vendor_07,-0.40031170625018603,-0.06374918972472239,smooth20_all,9,2,0.0,fake,11
vendor_10,-0.6489070879748619,-0.18780738291349364,smooth20_top50,9,2,0.0,fake,12
vendor_01,2.143380696996443,2.143380696996443,smooth1_all,9,3,0.04,REAL,1
vendor_00,2.0678469613482053,2.0678469613482053,smooth1_all,9,3,0.05,REAL,2
vendor_02,1.393446345217271,1.648253310132651,smooth5_top50,9,3,0.03,REAL,3
vendor_03,1.2521866403375388,1.2799353739289303,smooth1_top25,9,3,0.025,REAL,4
vendor_11,0.7883815531486904,0.8034547678043291,smooth1_top50,9,3,0.0,fake,5
vendor_09,-0.27734433905411504,0.6450005017952708,smooth20_top25,9,3,0.0,fake,6
vendor_06,0.4890645828836351,0.577019479398859,smooth20_all,9,3,0.0,fake,7
vendor_08,0.20043370569307453,0.2687385007583146,smooth1_top25,9,3,0.0,fake,8
vendor_04,-0.05885856393651447,0.130144666066712,smooth20_all,9,3,0.01,REAL,9
vendor_07,-0.3337543517533712,-0.021219228297664653,smooth20_top25,9,3,0.0,fake,10
vendor_05,-0.2669883019139733,-0.02271412053411695,smooth5_top50,9,3,0.0,fake,11
vendor_10,-0.3166253501863046,-0.3166253501863046,smooth1_all,9,3,0.0,fake,12
vendor_00,1.6665535961359879,1.6867732982812107,smooth1_top50,9,4,0.05,REAL,1
vendor_01,1.6665535961359879,1.6867732982812107,smooth1_top50,9,4,0.04,REAL,2
vendor_02,1.4902958249697504,1.575175052016397,smooth20_top50,9,4,0.03,REAL,3
vendor_04,1.0102782544955553,1.523462592020907,smooth20_all,9,4,0.01,REAL,4
vendor_03,1.2221080043483286,1.4116862849366119,smooth20_all,9,4,0.025,REAL,5
vendor_07,0.6952432731858421,0.7129721904194676,smooth1_top25,9,4,0.0,fake,6
vendor_05,0.029913193164954336,0.6806316484415152,smooth20_all,9,4,0.0,fake,7
vendor_06,0.23120962967842246,0.4209942983703307,smooth5_top50,9,4,0.0,fake,8
vendor_09,0.2824251542286123,0.3292071451376093,smooth5_all,9,4,0.0,fake,9
vendor_08,0.004058988751434596,0.14158953299235774,smooth5_all,9,4,0.0,fake,10
vendor_11,-0.0013049585301564996,-0.0013049585301564996,smooth1_all,9,4,0.0,fake,11
vendor_10,-0.7180070449532566,-0.07756269782260303,smooth5_top25,9,4,0.0,fake,12
vendor_01,1.708180529457533,2.040044987628966,smooth20_all,9,5,0.04,REAL,1
vendor_00,1.7081805294575332,2.0400449876289657,smooth20_all,9,5,0.05,REAL,2
vendor_02,1.5960247880530507,2.036210731108902,smooth20_top25,9,5,0.03,REAL,3
vendor_03,1.1154706205595737,1.7996251361098847,smooth20_top25,9,5,0.025,REAL,4
vendor_04,0.7075076595568269,1.0878341552034512,smooth5_top50,9,5,0.01,REAL,5
vendor_11,0.17561560423620673,0.4615948791622057,smooth20_top50,9,5,0.0,fake,6
vendor_05,-0.45347948726698667,0.3235975659592958,smooth20_all,9,5,0.0,fake,7
vendor_07,-0.07160451039018714,0.2020349660175169,smooth20_top25,9,5,0.0,fake,8
vendor_06,0.141094260899777,0.141094260899777,smooth1_all,9,5,0.0,fake,9
vendor_09,0.10767636149733696,0.11967474099466631,smooth1_top25,9,5,0.0,fake,10
vendor_10,-0.25377888660791287,0.10525906105987841,smooth20_all,9,5,0.0,fake,11
vendor_08,-0.5744145031350663,-0.1940165308316627,smooth20_top50,9,5,0.0,fake,12
vendor_00,1.5783998737233325,1.8122627172328198,smooth5_top50,9,6,0.05,REAL,1
vendor_01,1.5783998737233325,1.8122627172328198,smooth5_top50,9,6,0.04,REAL,2
vendor_02,1.131671714719901,1.646118915004457,smooth5_top25,9,6,0.03,REAL,3
vendor_03,1.2228669369797922,1.6007406085504217,smooth5_top25,9,6,0.025,REAL,4
vendor_04,0.9575943985811779,1.0168916102122918,smooth1_top25,9,6,0.01,REAL,5
vendor_08,-0.4581691119834376,0.6813794861551127,smooth20_top50,9,6,0.0,fake,6
vendor_05,-0.09289864337001838,0.5735317717872139,smooth5_top25,9,6,0.0,fake,7
vendor_06,0.4823134337050936,0.5490072097960799,smooth1_top25,9,6,0.0,fake,8
vendor_10,0.3020735890922897,0.5244868206300781,smooth20_top25,9,6,0.0,fake,9
vendor_11,-0.03237167387216661,0.28890525737008266,smooth20_top25,9,6,0.0,fake,10
vendor_09,0.16332025332738848,0.16332025332738848,smooth1_all,9,6,0.0,fake,11
vendor_07,0.10796648243850805,0.10796648243850805,smooth1_all,9,6,0.0,fake,12
vendor_00,1.4614269197905003,1.4976827688182954,smooth1_top50,9,7,0.05,REAL,1
vendor_01,1.4614269197905003,1.4976827688182954,smooth1_top50,9,7,0.04,REAL,2
vendor_02,1.1173501224200992,1.4124910600736715,smooth5_top50,9,7,0.03,REAL,3
vendor_03,1.3243210523494997,1.3959099777143256,smooth5_top50,9,7,0.025,REAL,4
vendor_10,0.7831702154408641,0.8981211423344047,smooth5_top25,9,7,0.0,fake,5
vendor_04,0.5272891952468615,0.5272891952468615,smooth1_all,9,7,0.01,REAL,6
vendor_06,-0.21977475462476964,0.49626839834651,smooth5_top50,9,7,0.0,fake,7
vendor_05,0.4845596999474127,0.4903221353352918,smooth1_top50,9,7,0.0,fake,8
vendor_08,0.31517429908728745,0.39182558224689956,smooth1_top25,9,7,0.0,fake,9
vendor_09,-0.24875392017676945,0.3821873589496827,smooth20_top50,9,7,0.0,fake,10
vendor_07,-0.07033322847483121,-0.043322382394388265,smooth20_top50,9,7,0.0,fake,11
vendor_11,-0.5337277671289365,-0.1208986783578744,smooth20_top50,9,7,0.0,fake,12
vendor_00,2.1725708901956797,2.2011261304373475,smooth1_top25,9,8,0.05,REAL,1
vendor_03,1.5791646411940587,1.703517609856002,smooth1_top25,9,8,0.025,REAL,2
vendor_02,1.6240775480983445,1.6759016333800505,smooth1_top50,9,8,0.03,REAL,3
vendor_01,1.5828896307226874,1.6133781603280737,smooth1_top50,9,8,0.04,REAL,4
vendor_09,0.8409446276019451,1.3424515878449337,smooth5_top50,9,8,0.0,fake,5
vendor_04,1.1534144889065954,1.2338726075259165,smooth1_top25,9,8,0.01,REAL,6
vendor_11,0.9142653743175122,0.9689936792277083,smooth1_top25,9,8,0.0,fake,7
vendor_05,0.6516332258851023,0.6516332258851023,smooth1_all,9,8,0.0,fake,8
vendor_10,0.3677658506221296,0.3677658506221296,smooth1_all,9,8,0.0,fake,9
vendor_08,0.21808569826928886,0.3478555799677794,smooth20_top25,9,8,0.0,fake,10
vendor_06,-0.00043510075051058755,0.010739330274852488,smooth1_top50,9,8,0.0,fake,11
vendor_07,-0.46953125827500913,-0.46953125827500913,smooth1_all,9,8,0.0,fake,12
vendor_02,1.7440696884513296,1.761378286519046,smooth1_top25,9,9,0.03,REAL,1
vendor_00,1.6485514493555737,1.7219283866130297,smooth1_top25,9,9,0.05,REAL,2
vendor_01,1.6485514493555737,1.7219283866130297,smooth1_top25,9,9,0.04,REAL,3
vendor_03,1.3387881281257172,1.3387881281257172,smooth1_all,9,9,0.025,REAL,4
vendor_06,0.5752025230326492,0.5880401081670837,smooth1_top25,9,9,0.0,fake,5
vendor_08,0.5789147778099526,0.5789147778099526,smooth1_all,9,9,0.0,fake,6
vendor_11,-0.27574693516094045,0.5404323336398927,smooth5_all,9,9,0.0,fake,7
vendor_09,0.5225037555694425,0.5338902192634127,smooth1_top25,9,9,0.0,fake,8
vendor_04,0.35310153741776157,0.485407370827137,smooth5_all,9,9,0.01,REAL,9
vendor_10,0.04891138913180921,0.2598706768057762,smooth5_top50,9,9,0.0,fake,10
vendor_05,-0.15827461557639488,0.24385201871319018,smooth5_top50,9,9,0.0,fake,11
vendor_07,-0.3877993062298694,0.10024601516810527,smooth5_top25,9,9,0.0,fake,12
vendor_00,2.3308325528007887,2.3856082611974307,smooth5_all,9,10,0.05,REAL,1
vendor_01,1.6141265810977896,2.1671663933479244,smooth5_top50,9,10,0.04,REAL,2
vendor_03,0.5539905909142306,1.7811041840444448,smooth5_top25,9,10,0.025,REAL,3
vendor_02,0.9271195394729208,1.5637077583668144,smooth5_top25,9,10,0.03,REAL,4
vendor_06,0.15269764189618742,1.1414772489945917,smooth5_all,9,10,0.0,fake,5
vendor_04,0.7590955938686297,1.1271479431305484,smooth20_top50,9,10,0.01,REAL,6
vendor_08,-0.25123994500285124,0.6348497278261439,smooth20_top50,9,10,0.0,fake,7
vendor_05,0.6035976229421338,0.6331510340517535,smooth1_top25,9,10,0.0,fake,8
vendor_09,0.5566626218897112,0.6037138748319675,smooth1_top25,9,10,0.0,fake,9
vendor_10,0.05984625357505513,0.3819718845856607,smooth20_all,9,10,0.0,fake,10
vendor_07,-0.11041813453559066,0.11997368915958315,smooth20_top25,9,10,0.0,fake,11
vendor_11,-0.3112989177784536,-0.11103503932489157,smooth5_top25,9,10,0.0,fake,12
vendor_00,2.011401698060258,2.011401698060258,smooth1_all,9,11,0.05,REAL,1
vendor_01,1.8627048145602272,1.8829927382133451,smooth1_top50,9,11,0.04,REAL,2
vendor_02,1.566820812358705,1.566820812358705,smooth1_all,9,11,0.03,REAL,3
vendor_08,0.8765320941823662,0.9450682696556326,smooth1_top25,9,11,0.0,fake,4
vendor_03,0.8574894349658939,0.9143311419843809,smooth1_top25,9,11,0.025,REAL,5
vendor_04,0.10749328093455261,0.6448467964209467,smooth20_top50,9,11,0.01,REAL,6
vendor_11,0.5536609417722674,0.5861693293629763,smooth1_top25,9,11,0.0,fake,7
vendor_07,0.15242810460668924,0.43100904394132966,smooth20_top25,9,11,0.0,fake,8
vendor_09,0.24085623521484886,0.3202620325384679,smooth5_all,9,11,0.0,fake,9
vendor_06,0.0939224170361738,0.15555341075339318,smooth20_top25,9,11,0.0,fake,10
vendor_05,-0.526276637065045,-0.06734426469930475,smooth5_top50,9,11,0.0,fake,11
vendor_10,-0.7098851529545334,-0.5172471702447581,smooth20_top25,9,11,0.0,fake,12
vendor_01,1.9087535470291808,1.9087535470291808,smooth1_all,9,12,0.04,REAL,1
vendor_00,1.8774703247429312,1.8774703247429312,smooth1_all,9,12,0.05,REAL,2
vendor_02,1.498205813379262,1.498205813379262,smooth1_all,9,12,0.03,REAL,3
vendor_03,1.0066654199129268,1.0066654199129268,smooth1_all,9,12,0.025,REAL,4
vendor_10,0.8257047681735263,0.8456939440102665,smooth1_top25,9,12,0.0,fake,5
vendor_08,0.11180166305866966,0.7640143767380092,smooth20_top50,9,12,0.0,fake,6
vendor_04,0.6177566654981494,0.6931798725744505,smooth1_top25,9,12,0.01,REAL,7
vendor_07,0.6814538363514661,0.6814538363514661,smooth1_all,9,12,0.0,fake,8
vendor_11,0.5153724151065557,0.5419882772574279,smooth1_top25,9,12,0.0,fake,9
vendor_06,0.2876392242821039,0.3297748261638283,smooth1_top50,9,12,0.0,fake,10
vendor_09,-0.27505437411933553,0.3004631042963028,smooth5_top25,9,12,0.0,fake,11
vendor_05,-0.4154208744943986,-0.01603759376735472,smooth5_all,9,12,0.0,fake,12
vendor_03,1.3273593450105348,1.4186076696071481,smooth1_top25,9,13,0.025,REAL,1
vendor_00,1.3318017339100214,1.386609867511818,smooth1_top25,9,13,0.05,REAL,2
vendor_01,1.3318017339100208,1.386609867511818,smooth1_top25,9,13,0.04,REAL,3
vendor_02,1.331801733910021,1.386609867511818,smooth1_top25,9,13,0.03,REAL,4
vendor_04,0.8635440141748394,0.9030796918614952,smooth1_top25,9,13,0.01,REAL,5
vendor_06,0.15222894616762753,0.8537284951638755,smooth20_all,9,13,0.0,fake,6
vendor_11,-0.0663154028348611,0.7052811141278001,smooth20_top25,9,13,0.0,fake,7
vendor_08,0.44239528897032687,0.5975846100680228,smooth20_top25,9,13,0.0,fake,8
vendor_10,0.39802672724028937,0.4826380611672498,smooth1_top25,9,13,0.0,fake,9
vendor_09,0.19890522463241644,0.20271716134962003,smooth1_top25,9,13,0.0,fake,10
vendor_05,-0.3136058052364978,-0.07713726785048038,smooth20_top50,9,13,0.0,fake,11
vendor_07,-0.5606880587667772,-0.2927963173936289,smooth20_top50,9,13,0.0,fake,12
vendor_00,1.6697037435831832,1.7294548460371713,smooth1_top25,9,14,0.05,REAL,1
vendor_01,1.6697037435831832,1.7294548460371713,smooth1_top25,9,14,0.04,REAL,2
vendor_03,0.702443037895377,1.35901290819646,smooth5_top25,9,14,0.025,REAL,3
vendor_02,1.0684866384884335,1.3187754579389575,smooth5_top50,9,14,0.03,REAL,4
vendor_09,0.8468203894790439,1.0691988620378605,smooth5_top25,9,14,0.0,fake,5
vendor_04,0.8682488045413218,1.049001202915434,smooth20_top25,9,14,0.01,REAL,6
vendor_10,1.038280870144684,1.038280870144684,smooth1_all,9,14,0.0,fake,7
vendor_11,-0.3571671486986484,0.3881994212861047,smooth20_all,9,14,0.0,fake,8
vendor_06,-0.34067864471090337,0.2973018756769025,smooth20_top50,9,14,0.0,fake,9
vendor_08,-0.45581842073816825,0.23876041227318662,smooth20_top25,9,14,0.0,fake,10
vendor_05,0.2217155855895735,0.23421437561540087,smooth1_top25,9,14,0.0,fake,11
vendor_07,-0.144745298245383,0.052365701733279674,smooth5_top25,9,14,0.0,fake,12
vendor_00,1.5290461869193614,1.617013612196377,smooth5_top50,9,15,0.05,REAL,1
vendor_01,1.5290461869193614,1.617013612196377,smooth5_top50,9,15,0.04,REAL,2
vendor_04,1.516595877216917,1.516595877216917,smooth1_all,9,15,0.01,REAL,3
vendor_02,1.278572206401894,1.278572206401894,smooth1_all,9,15,0.03,REAL,4
vendor_03,0.7051212860631441,1.0912393025362894,smooth5_top25,9,15,0.025,REAL,5
vendor_06,0.31635107621840236,0.87830560212559,smooth20_top25,9,15,0.0,fake,6
vendor_09,0.6927023394839834,0.6974430745635009,smooth1_top50,9,15,0.0,fake,7
vendor_05,0.09398028653627948,0.40986542415845006,smooth5_top25,9,15,0.0,fake,8
vendor_11,0.0315166573168522,0.26989917307828526,smooth20_top50,9,15,0.0,fake,9
vendor_10,-0.09641089021113428,-0.07640306969853122,smooth1_top50,9,15,0.0,fake,10
vendor_07,-0.26938208007070125,-0.25563324913093644,smooth1_top50,9,15,0.0,fake,11
vendor_08,-0.501710969842409,-0.318574463045535,smooth20_top50,9,15,0.0,fake,12
vendor_00,1.3459870789601696,1.3459870789601696,smooth1_all,9,16,0.05,REAL,1
vendor_02,1.3459870789601696,1.3459870789601696,smooth1_all,9,16,0.03,REAL,2
vendor_01,1.3459870789601691,1.3459870789601691,smooth1_all,9,16,0.04,REAL,3
vendor_03,1.282438484891401,1.282438484891401,smooth1_all,9,16,0.025,REAL,4
vendor_08,0.5028838978519892,0.5028838978519892,smooth1_all,9,16,0.0,fake,5
vendor_04,-0.19102373148994817,0.4196179127155189,smooth20_top50,9,16,0.01,REAL,6
vendor_10,0.26712927552388255,0.26712927552388255,smooth1_all,9,16,0.0,fake,7
vendor_05,-0.3933736535452749,0.21604095463615927,smooth20_all,9,16,0.0,fake,8
vendor_06,0.11125214375577207,0.18845555822570684,smooth1_top25,9,16,0.0,fake,9
vendor_11,-0.056958060756940855,-0.04591517339379457,smooth20_top50,9,16,0.0,fake,10
vendor_09,-0.21180670019467032,-0.2078985238377293,smooth1_top50,9,16,0.0,fake,11
vendor_07,-0.49439273480347495,-0.2958594477926601,smooth5_top50,9,16,0.0,fake,12
vendor_00,1.5134751710879122,1.6095659042357717,smooth5_all,9,17,0.05,REAL,1
vendor_01,1.5134751710879122,1.6095659042357717,smooth5_all,9,17,0.04,REAL,2
vendor_02,1.5134751710879122,1.6095659042357717,smooth5_all,9,17,0.03,REAL,3
vendor_03,1.0441883560707221,1.3369500981640474,smooth5_all,9,17,0.025,REAL,4
vendor_04,0.336103045387651,0.5583609143510202,smooth20_all,9,17,0.01,REAL,5
vendor_08,0.43226544800731176,0.5057723444873914,smooth1_top25,9,17,0.0,fake,6
vendor_06,0.3859941107441399,0.3859941107441399,smooth1_all,9,17,0.0,fake,7
vendor_07,0.32244641558485637,0.3797235237679403,smooth1_top25,9,17,0.0,fake,8
vendor_09,0.05639910627912709,0.18147517380421813,smooth5_top25,9,17,0.0,fake,9
vendor_10,-0.2212753951164306,0.02310576990721418,smooth20_all,9,17,0.0,fake,10
vendor_05,-0.3188751348261374,0.00044742581603069727,smooth5_all,9,17,0.0,fake,11
vendor_11,-0.470966155963322,-0.3692794419324271,smooth1_top25,9,17,0.0,fake,12
vendor_03,1.114761869689673,1.4864330317883427,smooth5_top25,9,18,0.025,REAL,1
vendor_00,1.3892260208005598,1.4109547632422428,smooth1_top50,9,18,0.05,REAL,2
vendor_01,1.3892260208005605,1.4109547632422428,smooth1_top50,9,18,0.04,REAL,3
vendor_02,1.3891242513939956,1.3891242513939956,smooth1_all,9,18,0.03,REAL,4
vendor_04,0.30322191979225266,0.4886617847120834,smooth5_top50,9,18,0.01,REAL,5
vendor_06,0.3199355225473073,0.3595567958018565,smooth1_top25,9,18,0.0,fake,6
vendor_07,0.20135093938974313,0.2930791292080018,smooth5_all,9,18,0.0,fake,7
vendor_09,0.24950263195230232,0.2617701836959451,smooth1_top25,9,18,0.0,fake,8
vendor_05,0.0010372267627173151,0.23149291929552743,smooth20_top25,9,18,0.0,fake,9
vendor_10,-0.5237365119802572,0.1557564414793401,smooth5_top25,9,18,0.0,fake,10
vendor_11,0.1323377899699802,0.1494766653839588,smooth1_top25,9,18,0.0,fake,11
vendor_08,-0.6223435239958486,-0.5297833591570312,smooth20_top50,9,18,0.0,fake,12
vendor_00,2.1800323588034667,2.683810889845773,smooth5_top50,9,19,0.05,REAL,1
vendor_02,1.4119907951692432,2.3531890547186913,smooth20_all,9,19,0.03,REAL,2
vendor_01,1.4301847008925201,2.0797945455993583,smooth5_top25,9,19,0.04,REAL,3
vendor_03,1.305883922122464,1.4724309758223908,smooth20_top25,9,19,0.025,REAL,4
vendor_07,0.9996670069569441,1.0301030569898193,smooth1_top25,9,19,0.0,fake,5
vendor_08,0.18063771810546705,0.8294062531468566,smooth5_top50,9,19,0.0,fake,6
vendor_04,0.14936621517228504,0.7655824469523841,smooth5_top25,9,19,0.01,REAL,7
vendor_06,0.25475361973008614,0.6321284063565753,smooth20_top50,9,19,0.0,fake,8
vendor_10,0.2346214916023331,0.4129364150626161,smooth5_all,9,19,0.0,fake,9
vendor_09,-0.41720961333480294,0.36220346684391524,smooth20_top50,9,19,0.0,fake,10
vendor_11,0.05938030060316966,0.14123113224878633,smooth5_top25,9,19,0.0,fake,11
vendor_05,-0.18697682598594748,-0.18697682598594748,smooth1_all,9,19,0.0,fake,12
vendor_00,1.850932839206033,1.850932839206033,smooth1_all,9,20,0.05,REAL,1
vendor_01,1.6532197431257116,1.6532197431257116,smooth1_all,9,20,0.04,REAL,2
vendor_03,0.6782211816593575,1.3993377637434674,smooth5_all,9,20,0.025,REAL,3
vendor_02,1.2986772429961921,1.331614326781108,smooth1_top50,9,20,0.03,REAL,4
vendor_07,0.5829447065787847,0.620757003364198,smooth1_top50,9,20,0.0,fake,5
vendor_09,0.5305216579618072,0.6153048332434028,smooth1_top25,9,20,0.0,fake,6
vendor_04,0.34097702427924104,0.5588393773511423,smooth20_top25,9,20,0.01,REAL,7
vendor_10,0.3368165867887727,0.4677654101864861,smooth20_top25,9,20,0.0,fake,8
vendor_06,0.38207406368587327,0.4559285049922765,smooth5_top50,9,20,0.0,fake,9
vendor_05,0.3144764185980021,0.4279616567746044,smooth5_all,9,20,0.0,fake,10
vendor_11,0.1350973946834538,0.2187942031970155,smooth20_top25,9,20,0.0,fake,11
vendor_08,-0.8163069298625251,-0.5752519168830901,smooth20_top50,9,20,0.0,fake,12
vendor_00,1.685534638631846,1.685534638631846,smooth1_all,9,21,0.05,REAL,1
vendor_01,1.685534638631846,1.685534638631846,smooth1_all,9,21,0.04,REAL,2
vendor_03,1.5932597772700776,1.604772720554166,smooth1_top25,9,21,0.025,REAL,3
vendor_02,1.2030044764026935,1.535135374103868,smooth5_all,9,21,0.03,REAL,4
vendor_04,0.9563884938690181,0.9724276398849218,smooth1_top50,9,21,0.01,REAL,5
vendor_10,0.2829981491388034,0.5828031319642427,smooth5_top25,9,21,0.0,fake,6
vendor_05,0.47281373675001853,0.47281373675001853,smooth1_all,9,21,0.0,fake,7
vendor_11,0.037468807031253624,0.36305456183644597,smooth20_top50,9,21,0.0,fake,8
vendor_06,-0.5555999524694634,0.155697599702945,smooth20_top25,9,21,0.0,fake,9
vendor_07,-0.0015116609744274317,0.14141103626346455,smooth20_top50,9,21,0.0,fake,10
vendor_09,-0.34838966802875837,0.1253340464323108,smooth20_top25,9,21,0.0,fake,11
vendor_08,-0.7306500082201725,0.06485387996918811,smooth20_top50,9,21,0.0,fake,12
vendor_00,2.20662841396087,2.225349969827448,smooth1_top50,9,22,0.05,REAL,1
vendor_01,1.604492433985473,1.604492433985473,smooth1_all,9,22,0.04,REAL,2
vendor_02,1.3557632283230414,1.3700322787287285,smooth1_top50,9,22,0.03,REAL,3
vendor_03,0.49386863112500295,1.3172850214468954,smooth20_top25,9,22,0.025,REAL,4
vendor_10,0.31961989098006016,0.7555065861920699,smooth5_top25,9,22,0.0,fake,5
vendor_04,0.3867146585226906,0.420929955370466,smooth1_top25,9,22,0.01,REAL,6
vendor_05,-0.033677193913536935,0.39314834223683365,smooth20_top25,9,22,0.0,fake,7
vendor_09,0.1783035526909213,0.3793457487033098,smooth20_all,9,22,0.0,fake,8
vendor_06,0.08419859981986758,0.2026321867876126,smooth1_top25,9,22,0.0,fake,9
vendor_08,0.1810278343398722,0.1810278343398722,smooth1_all,9,22,0.0,fake,10
vendor_07,-0.1610113468532843,-0.02908322028452867,smooth1_top25,9,22,0.0,fake,11
vendor_11,-0.743077781633605,-0.13428116583176286,smooth5_all,9,22,0.0,fake,12
vendor_00,1.7736845245667636,1.819304488639158,smooth1_top25,9,23,0.05,REAL,1
vendor_01,1.7736845245667636,1.819304488639158,smooth1_top25,9,23,0.04,REAL,2
vendor_02,1.7734339180160246,1.7734339180160246,smooth1_all,9,23,0.03,REAL,3
vendor_03,0.9226915146717044,1.1611862363590646,smooth5_top50,9,23,0.025,REAL,4
vendor_10,0.5977685598207626,1.1034100457259943,smooth5_top25,9,23,0.0,fake,5
vendor_04,-0.08673775130499141,0.692387661143611,smooth20_top25,9,23,0.01,REAL,6
vendor_06,-0.10020195083762701,0.66192309286867,smooth5_top25,9,23,0.0,fake,7
vendor_08,0.1437574415116457,0.3914180897477702,smooth20_top25,9,23,0.0,fake,8
vendor_09,0.2168639346175869,0.39117206586930564,smooth5_all,9,23,0.0,fake,9
vendor_05,0.30532764847642074,0.3410339242220473,smooth1_top50,9,23,0.0,fake,10
vendor_07,0.2709561331876255,0.29184410735923366,smooth1_top50,9,23,0.0,fake,11
vendor_11,-0.4466558355732273,-0.09000778932051447,smooth20_top25,9,23,0.0,fake,12
vendor_00,1.5736121988956104,1.5736121988956104,smooth1_all,9,24,0.05,REAL,1
vendor_01,1.5736121988956104,1.5736121988956104,smooth1_all,9,24,0.04,REAL,2
vendor_03,1.2185553421347373,1.400810644006601,smooth5_top25,9,24,0.025,REAL,3
vendor_02,1.138712398524356,1.186854017710801,smooth1_top25,9,24,0.03,REAL,4
vendor_07,0.7653819327049668,0.7653819327049668,smooth1_all,9,24,0.0,fake,5
vendor_04,0.7006837903815614,0.7506335738925239,smooth20_top25,9,24,0.01,REAL,6
vendor_06,-0.6081891525563857,0.6288860514584801,smooth20_top50,9,24,0.0,fake,7
vendor_11,0.43951852852572526,0.512069171496156,smooth1_top50,9,24,0.0,fake,8
vendor_08,0.3832527575741166,0.5058443060482158,smooth1_top25,9,24,0.0,fake,9
vendor_05,-0.2081407885040005,0.3066501747645358,smooth5_all,9,24,0.0,fake,10
vendor_09,-0.10362984609958739,0.15464630203588986,smooth5_all,9,24,0.0,fake,11
vendor_10,-0.6864574524418334,-0.18672715653273497,smooth20_top50,9,24,0.0,fake,12
vendor_00,1.9107653473881026,1.9562456731425926,smooth1_top25,9,25,0.05,REAL,1
vendor_01,1.9107653473881026,1.9562456731425926,smooth1_top25,9,25,0.04,REAL,2
vendor_02,1.6006100136306,1.683805175761236,smooth5_top25,9,25,0.03,REAL,3
vendor_03,1.1922401765536061,1.2309785763741357,smooth1_top25,9,25,0.025,REAL,4
vendor_04,-0.2788894166221521,1.1897149952915318,smooth20_top50,9,25,0.01,REAL,5
vendor_05,0.4360408840996164,0.6839669152396024,smooth20_top25,9,25,0.0,fake,6
vendor_07,-0.38944013225840124,0.4347369070992532,smooth20_all,9,25,0.0,fake,7
vendor_10,0.30743076913289796,0.34530610129995426,smooth1_top25,9,25,0.0,fake,8
vendor_11,0.02282697598761973,0.2746308381864306,smooth5_top25,9,25,0.0,fake,9
vendor_08,-0.17312409785819524,0.20359079921254336,smooth20_all,9,25,0.0,fake,10
vendor_09,-0.2006501922061054,-0.007229968547147058,smooth20_all,9,25,0.0,fake,11
vendor_06,-0.2530042687123843,-0.1757476217932845,smooth1_top25,9,25,0.0,fake,12
vendor_00,2.2796104184222017,2.3353839755116304,smooth1_top50,9,26,0.05,REAL,1
vendor_01,1.6406523991046689,1.8678543145132005,smooth5_top50,9,26,0.04,REAL,2
vendor_03,1.1048242121945824,1.440179068031562,smooth5_top25,9,26,0.025,REAL,3
vendor_02,1.2420172251080859,1.2495597518807657,smooth1_top25,9,26,0.03,REAL,4
vendor_04,-0.029633841645516083,0.7920976483611298,smooth5_top50,9,26,0.01,REAL,5
vendor_10,0.520578819002687,0.7559513676470354,smooth5_top50,9,26,0.0,fake,6
vendor_06,0.44723952247503557,0.4728262518135462,smooth1_top50,9,26,0.0,fake,7
vendor_05,-0.4446334758978179,0.2593484743266068,smooth20_top25,9,26,0.0,fake,8
vendor_09,0.11704728539276685,0.20904387518395837,smooth1_top50,9,26,0.0,fake,9
vendor_11,-0.00436868075127302,0.08356016320469267,smooth5_top50,9,26,0.0,fake,10
vendor_07,-0.060105447802682,0.005981079648451144,smooth1_top25,9,26,0.0,fake,11
vendor_08,-0.5348540442873275,-0.49367049881613934,smooth1_top25,9,26,0.0,fake,12
vendor_00,2.176824933256457,2.176824933256457,smooth1_all,9,27,0.05,REAL,1
vendor_01,2.152945197516349,2.152945197516349,smooth1_all,9,27,0.04,REAL,2
vendor_03,0.8301159802280889,1.7216046137407806,smooth5_top25,9,27,0.025,REAL,3
vendor_02,1.0068708852640542,1.0068708852640542,smooth1_all,9,27,0.03,REAL,4
vendor_07,0.12860046752380833,0.945115418972727,smooth20_top25,9,27,0.0,fake,5
vendor_04,0.849667482268586,0.899205433635364,smooth1_top25,9,27,0.01,REAL,6
vendor_11,0.24457555554682558,0.5165674653109843,smooth5_all,9,27,0.0,fake,7
vendor_09,-0.321420558199585,0.45578752354426777,smooth5_top25,9,27,0.0,fake,8
vendor_10,0.3582020034115879,0.3582020034115879,smooth1_all,9,27,0.0,fake,9
vendor_06,-0.07997880361280899,0.20669962011271806,smooth5_all,9,27,0.0,fake,10
vendor_05,-0.12678895911868876,0.11381000933723918,smooth5_top25,9,27,0.0,fake,11
vendor_08,-0.3041760159606264,-0.25518499992788013,smooth20_top25,9,27,0.0,fake,12
vendor_00,1.5173556300384745,1.5173556300384745,smooth1_all,9,28,0.05,REAL,1
vendor_01,1.5173556300384745,1.5173556300384745,smooth1_all,9,28,0.04,REAL,2
vendor_02,1.287213530285042,1.287213530285042,smooth1_all,9,28,0.03,REAL,3
vendor_03,1.2004566001042978,1.2004566001042978,smooth1_all,9,28,0.025,REAL,4
vendor_11,0.09622236724152022,1.1621745906593577,smooth20_top50,9,28,0.0,fake,5
vendor_04,0.6989281766764328,0.713391215652982,smooth1_top25,9,28,0.01,REAL,6
vendor_07,0.24686792178572298,0.34008444494660495,smooth5_all,9,28,0.0,fake,7
vendor_10,0.24389305935371744,0.3021510456111541,smooth1_top50,9,28,0.0,fake,8
vendor_08,-0.13820880072156674,0.2620339443895716,smooth20_all,9,28,0.0,fake,9
vendor_09,-0.9670595572209638,-0.10605856020548601,smooth20_top25,9,28,0.0,fake,10
vendor_05,-0.3048050134667452,-0.22167087582391173,smooth1_top25,9,28,0.0,fake,11
vendor_06,-0.44454256516133744,-0.22723980389630813,smooth5_top25,9,28,0.0,fake,12
vendor_01,1.8790473083923198,1.9331985343536102,smooth1_top25,9,29,0.04,REAL,1
vendor_00,1.8731991795134317,1.8764388364079079,smooth1_top50,9,29,0.05,REAL,2
vendor_02,1.1358617927796844,1.5507071022302357,smooth5_all,9,29,0.03,REAL,3
vendor_03,1.3418173067293213,1.4472789922653155,smooth20_all,9,29,0.025,REAL,4
vendor_04,0.8266367047084654,0.9056679662861575,smooth1_top25,9,29,0.01,REAL,5
vendor_09,0.4611085346477008,0.5096164031509555,smooth1_top50,9,29,0.0,fake,6
vendor_06,-0.6255039708213674,0.37066746826332087,smooth20_top50,9,29,0.0,fake,7
vendor_10,-0.42593295617133003,0.24203569374761955,smooth20_top50,9,29,0.0,fake,8
vendor_08,0.22390860750522,0.23224353046936277,smooth1_top50,9,29,0.0,fake,9
vendor_11,0.0438990038862598,0.1971310548082521,smooth5_top25,9,29,0.0,fake,10
vendor_05,0.02810809719272542,0.15279122734145772,smooth5_all,9,29,0.0,fake,11
vendor_07,-0.4972066498739317,-0.4083402355616437,smooth20_top25,9,29,0.0,fake,12
vendor_00,2.266235128738794,2.2843310749800443,smooth1_top25,9,30,0.05,REAL,1
vendor_01,2.138145696341211,2.162185156710369,smooth1_top25,9,30,0.04,REAL,2
vendor_02,1.4258196071957145,1.4470002609873582,smooth20_top25,9,30,0.03,REAL,3
vendor_04,0.6163731102383491,1.27541450928233,smooth20_top50,9,30,0.01,REAL,4
vendor_03,0.6381752361000123,1.1690136181615332,smooth20_top50,9,30,0.025,REAL,5
vendor_10,0.05428307829668921,0.903179229842823,smooth20_top25,9,30,0.0,fake,6
vendor_08,0.22752069991587653,0.5875631903591887,smooth20_top25,9,30,0.0,fake,7
vendor_11,0.055861022363671006,0.444096401895046,smooth20_top25,9,30,0.0,fake,8
vendor_05,0.35188355400159066,0.35188355400159066,smooth1_all,9,30,0.0,fake,9
vendor_06,-0.06271300017339879,0.2181645351774565,smooth5_top25,9,30,0.0,fake,10
vendor_07,0.10534118288518461,0.10534118288518461,smooth1_all,9,30,0.0,fake,11
vendor_09,-0.384252990707861,-0.15926000563826556,smooth5_top50,9,30,0.0,fake,12
vendor_00,1.4983542021148244,1.4994014768132609,smooth1_top25,9,31,0.05,REAL,1
vendor_01,1.4983542021148244,1.4994014768132609,smooth1_top25,9,31,0.04,REAL,2
vendor_02,1.3324846566269377,1.3916542926867346,smooth1_top25,9,31,0.03,REAL,3
vendor_03,0.651422040087115,0.986571225074527,smooth5_top25,9,31,0.025,REAL,4
vendor_07,0.02387978217020815,0.7270528462428055,smooth20_top25,9,31,0.0,fake,5
vendor_05,0.4527148744757338,0.723189233835461,smooth20_top50,9,31,0.0,fake,6
vendor_11,0.4411093963978354,0.7031098330127136,smooth5_all,9,31,0.0,fake,7
vendor_08,-0.34966056106880034,0.6796407357103461,smooth5_top50,9,31,0.0,fake,8
vendor_04,0.14087560696919946,0.4306847413954364,smooth20_top50,9,31,0.01,REAL,9
vendor_10,-0.04652769672935254,0.33069064151018424,smooth5_top25,9,31,0.0,fake,10
vendor_09,-0.08871379064135107,0.07319071116233729,smooth5_top25,9,31,0.0,fake,11
vendor_06,-0.15007140344272069,-0.07136322015282506,smooth1_top25,9,31,0.0,fake,12
vendor_00,1.6640718064035134,1.6871887931073304,smooth1_top25,9,32,0.05,REAL,1
vendor_01,1.6640718064035134,1.6871887931073304,smooth1_top25,9,32,0.04,REAL,2
vendor_02,1.4573622311459355,1.5951260660433004,smooth1_top25,9,32,0.03,REAL,3
vendor_03,0.8922343264214605,1.267796431694292,smooth20_top50,9,32,0.025,REAL,4
vendor_04,0.4824610213517625,1.0578824293107494,smooth20_top25,9,32,0.01,REAL,5
vendor_07,0.7182977926221348,0.760471161728735,smooth1_top50,9,32,0.0,fake,6
vendor_09,0.36236113129764147,0.716908439110625,smooth5_top25,9,32,0.0,fake,7
vendor_08,-0.11195393698215532,0.40139523572092944,smooth20_top50,9,32,0.0,fake,8
vendor_05,-0.3993139846841198,0.2606637580264459,smooth20_top25,9,32,0.0,fake,9
vendor_10,0.007278015867469582,0.21074243373431872,smooth5_all,9,32,0.0,fake,10
vendor_06,-0.391392855390891,0.0873053037813084,smooth20_top50,9,32,0.0,fake,11
vendor_11,-0.38882352534967285,-0.28478081440710096,smooth1_top50,9,32,0.0,fake,12
vendor_04,1.340390016924216,1.4482456387423972,smooth1_top25,9,33,0.01,REAL,1
vendor_00,1.1920948364805968,1.1920948364805968,smooth1_all,9,33,0.05,REAL,2
vendor_01,1.1920948364805968,1.1920948364805968,smooth1_all,9,33,0.04,REAL,3
vendor_02,1.1920948364805966,1.1920948364805966,smooth1_all,9,33,0.03,REAL,4
vendor_03,1.1201544109758068,1.1430516342740957,smooth1_top50,9,33,0.025,REAL,5
vendor_08,0.0068598733152921585,0.29865481586014075,smooth20_all,9,33,0.0,fake,6
vendor_10,-0.26339676288826425,0.22165421941612554,smooth5_top25,9,33,0.0,fake,7
vendor_06,-0.08096401063774608,0.19343287219904984,smooth20_top25,9,33,0.0,fake,8
vendor_09,-0.11005412958951505,0.18765537274470087,smooth5_top50,9,33,0.0,fake,9
vendor_07,0.16557564085728346,0.1714950242311868,smooth1_top25,9,33,0.0,fake,10
vendor_05,-0.01658624554961836,-0.01658624554961836,smooth1_all,9,33,0.0,fake,11
vendor_11,-0.3326940057157976,-0.3326940057157976,smooth1_all,9,33,0.0,fake,12
vendor_00,2.249756628231804,2.249756628231804,smooth1_all,9,34,0.05,REAL,1
vendor_01,2.021085019089605,2.177128022169617,smooth1_top25,9,34,0.04,REAL,2
vendor_04,0.3269190885488143,1.5565404546110693,smooth20_top25,9,34,0.01,REAL,3
vendor_02,1.2993735264601094,1.4514283062402416,smooth5_top25,9,34,0.03,REAL,4
vendor_03,0.855792298824149,1.3633596141561823,smooth20_all,9,34,0.025,REAL,5
vendor_06,0.23297741232483862,0.8723503995823944,smooth20_top50,9,34,0.0,fake,6
vendor_11,-0.9753228952073764,0.5793916638338167,smooth20_top50,9,34,0.0,fake,7
vendor_07,0.1407156286832454,0.5302180156054278,smooth20_top50,9,34,0.0,fake,8
vendor_10,0.2379563510732946,0.3191260298208036,smooth1_top50,9,34,0.0,fake,9
vendor_08,-0.6897918450356885,0.0817090764029749,smooth5_all,9,34,0.0,fake,10
vendor_09,-0.2775092814481576,-0.1599144219735857,smooth5_top25,9,34,0.0,fake,11
vendor_05,-0.8355101709057345,-0.16115036519791784,smooth5_top25,9,34,0.0,fake,12
vendor_00,1.1510937126355971,1.2687198717646537,smooth5_top50,9,35,0.05,REAL,1
vendor_01,1.1510937126355973,1.2687198717646537,smooth5_top50,9,35,0.04,REAL,2
vendor_02,1.1510937126355973,1.2687198717646537,smooth5_top50,9,35,0.03,REAL,3
vendor_03,1.1510937126355971,1.2687198717646537,smooth5_top50,9,35,0.025,REAL,4
vendor_04,0.23707588718533792,1.043996287718744,smooth20_top25,9,35,0.01,REAL,5
vendor_05,0.29042805028649493,0.6324840266968582,smooth5_top50,9,35,0.0,fake,6
vendor_10,0.5190943122126948,0.5190943122126948,smooth1_all,9,35,0.0,fake,7
vendor_07,0.3928032633141858,0.3928032633141858,smooth1_all,9,35,0.0,fake,8
vendor_06,-0.6113815061181748,0.3498282368551317,smooth5_all,9,35,0.0,fake,9
vendor_11,0.20383018520373972,0.20383018520373972,smooth1_all,9,35,0.0,fake,10
vendor_09,-0.4466924070982824,-0.04360506972262686,smooth20_top50,9,35,0.0,fake,11
vendor_08,-0.6455566990836749,-0.6455566990836749,smooth1_all,9,35,0.0,fake,12
vendor_00,1.328283048157148,1.3697919298828223,smooth1_top50,9,36,0.05,REAL,1
vendor_01,1.3282830481571484,1.3697919298828223,smooth1_top50,9,36,0.04,REAL,2
vendor_02,1.328283048157148,1.3697919298828223,smooth1_top50,9,36,0.03,REAL,3
vendor_03,1.001214467260334,1.0803869463998996,smooth1_top25,9,36,0.025,REAL,4
vendor_07,0.5431204283017398,0.8672365553285918,smooth5_top25,9,36,0.0,fake,5
vendor_04,0.32622350561492386,0.7250495000534992,smooth20_top25,9,36,0.01,REAL,6
vendor_06,0.42847366731968944,0.5191844499362315,smooth1_top25,9,36,0.0,fake,7
vendor_09,-0.7527547781962916,0.2889844648902899,smooth5_all,9,36,0.0,fake,8
vendor_05,-0.3195068946483086,0.2860186284563765,smooth20_top25,9,36,0.0,fake,9
vendor_08,-0.19907320583678606,0.2732205625783862,smooth20_all,9,36,0.0,fake,10
vendor_10,0.058703296253393725,0.1237569366834254,smooth20_all,9,36,0.0,fake,11
vendor_11,-1.1418070717753803,-0.8258536103072133,smooth20_top50,9,36,0.0,fake,12
vendor_00,1.4153631809499672,1.457056676619161,smooth1_top25,9,37,0.05,REAL,1
vendor_01,1.4153631809499672,1.457056676619161,smooth1_top25,9,37,0.04,REAL,2
vendor_02,1.2231468606819529,1.2767067929953957,smooth1_top25,9,37,0.03,REAL,3
vendor_03,0.8559653695213083,1.0077315105341198,smooth5_top50,9,37,0.025,REAL,4
vendor_04,0.401897588396539,1.006445513098501,smooth20_top50,9,37,0.01,REAL,5
vendor_05,0.1967956545160388,0.4967860233129527,smooth20_top50,9,37,0.0,fake,6
vendor_10,0.2653709761657456,0.398486070102637,smooth1_top25,9,37,0.0,fake,7
vendor_11,0.29890549832057284,0.29890549832057284,smooth1_all,9,37,0.0,fake,8
vendor_09,0.12697563259576355,0.12697563259576355,smooth1_all,9,37,0.0,fake,9
vendor_07,0.11337276060443495,0.11337276060443495,smooth1_all,9,37,0.0,fake,10
vendor_08,-0.13435721277472645,0.09580915145223975,smooth5_top25,9,37,0.0,fake,11
vendor_06,-0.5318105359221789,-0.18137870578802182,smooth5_all,9,37,0.0,fake,12
vendor_00,1.9011087889331084,2.079701873318019,smooth5_top50,9,38,0.05,REAL,1
vendor_01,1.866223836136189,2.065029186651106,smooth5_top25,9,38,0.04,REAL,2
vendor_02,1.1104421803994668,1.620290335511331,smooth5_top50,9,38,0.03,REAL,3
vendor_03,0.9349592000949795,1.5083999796708993,smooth20_all,9,38,0.025,REAL,4
vendor_04,0.5120174445598649,1.3387904707257288,smooth20_all,9,38,0.01,REAL,5
vendor_10,0.5397806375617782,0.7376240276945404,smooth5_top50,9,38,0.0,fake,6
vendor_06,0.2755933444653173,0.6045810996224353,smooth5_top50,9,38,0.0,fake,7
vendor_09,0.020588735876867537,0.3675439230875678,smooth5_all,9,38,0.0,fake,8
vendor_07,0.350180136382124,0.350180136382124,smooth1_all,9,38,0.0,fake,9
vendor_11,-0.17202241090433212,0.23123492481303434,smooth20_top50,9,38,0.0,fake,10
vendor_05,-0.00031156474952967467,0.05578697257361243,smooth1_top25,9,38,0.0,fake,11
vendor_08,-0.13625765546964194,-0.10634918828733776,smooth1_top50,9,38,0.0,fake,12
vendor_00,1.9222739334211307,2.1187839842660403,smooth5_all,9,39,0.05,REAL,1
vendor_01,1.9222739334211307,2.11878398426604,smooth5_all,9,39,0.04,REAL,2
vendor_02,1.459196748421087,1.6870887875860254,smooth5_top50,9,39,0.03,REAL,3
vendor_03,1.1554561115633246,1.555733221180971,smooth20_top25,9,39,0.025,REAL,4
vendor_04,-0.16896606026699623,0.8470160444498107,smooth20_all,9,39,0.01,REAL,5
vendor_05,0.45683275301770576,0.45683275301770576,smooth1_all,9,39,0.0,fake,6
vendor_08,0.4282916971211006,0.4282916971211006,smooth1_all,9,39,0.0,fake,7
vendor_11,0.21152040012306159,0.25316341177999085,smooth1_top25,9,39,0.0,fake,8
vendor_09,0.020365516986240593,0.12220807447994964,smooth20_top25,9,39,0.0,fake,9
vendor_07,-0.5079831448647039,0.07262275825567156,smooth20_top25,9,39,0.0,fake,10
vendor_06,-0.8937664020476633,-0.09265666804693137,smooth20_all,9,39,0.0,fake,11
vendor_10,-0.14999900997881932,-0.14999900997881932,smooth1_all,9,39,0.0,fake,12
vendor_00,2.3649369377929057,2.3649369377929057,smooth1_all,9,40,0.05,REAL,1
vendor_01,1.3942424955529438,1.867502939246491,smooth5_top50,9,40,0.04,REAL,2
vendor_02,1.530897390669386,1.5777368357704686,smooth1_top25,9,40,0.03,REAL,3
vendor_03,0.8503061356786987,1.3629324501816764,smooth20_top50,9,40,0.025,REAL,4
vendor_04,0.5267425186685207,0.5701671891443812,smooth1_top25,9,40,0.01,REAL,5
vendor_10,-0.35989828676461794,0.4931450114482729,smooth20_all,9,40,0.0,fake,6
vendor_11,-0.17197032333113008,0.36266059483146235,smooth20_top25,9,40,0.0,fake,7
vendor_09,0.1417590475254774,0.3271946677413644,smooth20_all,9,40,0.0,fake,8
vendor_08,0.19906986134997545,0.19906986134997545,smooth1_all,9,40,0.0,fake,9
vendor_07,-0.2137814439531946,0.18236151204306417,smooth5_top25,9,40,0.0,fake,10
vendor_06,0.03556358786968673,0.03556358786968673,smooth1_all,9,40,0.0,fake,11
vendor_05,-0.23716871118900937,-0.060260602743413993,smooth5_top25,9,40,0.0,fake,12
vendor_02,1.7266039281568222,1.7429756043298312,smooth1_top50,9,41,0.03,REAL,1
vendor_00,1.6236570434859396,1.6243213874711164,smooth1_top50,9,41,0.05,REAL,2
vendor_01,1.6236570434859392,1.6243213874711164,smooth1_top50,9,41,0.04,REAL,3
vendor_03,1.168152432943426,1.179042007093162,smooth1_top25,9,41,0.025,REAL,4
vendor_06,0.5728911157344632,0.9768079542366419,smooth5_all,9,41,0.0,fake,5
vendor_04,0.677463967922112,0.9556500139181767,smooth5_all,9,41,0.01,REAL,6
vendor_11,-0.04995441145396314,0.5325768173818854,smooth20_all,9,41,0.0,fake,7
vendor_07,-0.2996760227137226,0.5306391863293177,smooth20_top50,9,41,0.0,fake,8
vendor_05,-0.6699986438556924,0.21141826833327876,smooth20_top25,9,41,0.0,fake,9
vendor_08,-0.2206134197425783,0.05048308796862363,smooth5_top25,9,41,0.0,fake,10
vendor_10,-0.09896915464021519,-0.03697193511692042,smooth20_all,9,41,0.0,fake,11
vendor_09,-0.24284281777610708,-0.0768461618032415,smooth20_all,9,41,0.0,fake,12
vendor_00,2.658504622095216,2.671035578078687,smooth1_top50,9,42,0.05,REAL,1
vendor_01,1.7361600584699222,2.14465059007995,smooth5_all,9,42,0.04,REAL,2
vendor_02,1.0547510707821381,1.6029740721610606,smooth20_top25,9,42,0.03,REAL,3
vendor_03,0.9773099286188321,1.549785859929135,smooth5_all,9,42,0.025,REAL,4
vendor_09,-0.7196164088626646,0.8449812323653592,smooth20_all,9,42,0.0,fake,5
vendor_04,0.6134668392402538,0.7776828043170473,smooth1_top25,9,42,0.01,REAL,6
vendor_07,0.47232527844023947,0.7001568625763924,smooth5_top50,9,42,0.0,fake,7
vendor_06,0.1867185458882473,0.5201031612408115,smooth5_all,9,42,0.0,fake,8
vendor_10,-0.5358583080117142,0.5012947658868493,smooth20_all,9,42,0.0,fake,9
vendor_11,0.4555946586139652,0.4927978362315953,smooth1_top25,9,42,0.0,fake,10
vendor_05,-0.005691110756642556,0.4139554510090457,smooth20_top25,9,42,0.0,fake,11
vendor_08,0.002439301981251316,0.17281893394658143,smooth20_top25,9,42,0.0,fake,12
vendor_00,2.188709840054574,2.2333296257161246,smooth5_top25,9,43,0.05,REAL,1
vendor_02,1.6777391786432463,2.0417124194091643,smooth5_all,9,43,0.03,REAL,2
vendor_01,1.8848513400013402,1.9320411646290767,smooth5_top50,9,43,0.04,REAL,3
vendor_03,1.2039067804714512,1.2089745738824615,smooth1_top50,9,43,0.025,REAL,4
vendor_05,0.8206547369867743,0.8206547369867743,smooth1_all,9,43,0.0,fake,5
vendor_04,0.6702819082296508,0.8162730265167711,smooth20_top25,9,43,0.01,REAL,6
vendor_07,0.6737054441726572,0.7405204262122312,smooth1_top25,9,43,0.0,fake,7
vendor_06,0.4712244387148219,0.5067993473795303,smooth1_top25,9,43,0.0,fake,8
vendor_08,-0.089314353776117,0.3826883134894767,smooth20_top50,9,43,0.0,fake,9
vendor_09,0.2727794349677911,0.37381231015674377,smooth5_top50,9,43,0.0,fake,10
vendor_11,0.01729815280584084,0.07042298524883342,smooth20_all,9,43,0.0,fake,11
vendor_10,-0.6994373568744963,-0.36063272033189486,smooth20_all,9,43,0.0,fake,12
vendor_03,2.036015240620968,2.0801602504393233,smooth1_top25,9,44,0.025,REAL,1
vendor_00,1.9293023310762367,1.9293023310762367,smooth1_all,9,44,0.05,REAL,2
vendor_01,1.7654517569418509,1.8408045881711532,smooth1_top25,9,44,0.04,REAL,3
vendor_02,1.0835558008000195,1.5225481091793496,smooth5_top25,9,44,0.03,REAL,4
vendor_04,0.8442093162322506,0.9998403394343641,smooth5_top25,9,44,0.01,REAL,5
vendor_11,-0.18692346578316682,0.5819330204612463,smooth20_top25,9,44,0.0,fake,6
vendor_05,0.34082714682935683,0.41968601634684927,smooth1_top50,9,44,0.0,fake,7
vendor_08,0.1202964900977915,0.17890053551021726,smooth1_top25,9,44,0.0,fake,8
vendor_10,0.1770320515568403,0.1770320515568403,smooth1_all,9,44,0.0,fake,9
vendor_06,-1.0241807622606791,0.1673253196946354,smooth20_all,9,44,0.0,fake,10
vendor_07,0.006528223455359649,0.1565839072578746,smooth20_all,9,44,0.0,fake,11
vendor_09,-0.7320813186940398,-0.36716813654026914,smooth20_top25,9,44,0.0,fake,12
vendor_00,2.41445165910758,2.497861693695109,smooth1_top25,9,45,0.05,REAL,1
vendor_02,1.189032531145433,1.9135964424154035,smooth5_top50,9,45,0.03,REAL,2
vendor_01,1.3587457862256642,1.772447717202646,smooth5_top25,9,45,0.04,REAL,3
vendor_03,0.26387457292740835,1.2463305150763084,smooth5_top50,9,45,0.025,REAL,4
vendor_11,0.2716153058941006,0.31130234373395677,smooth1_top25,9,45,0.0,fake,5
vendor_08,-0.06265208289711531,0.24840017403648554,smooth5_top50,9,45,0.0,fake,6
vendor_04,0.22201688666587485,0.24684786849398888,smooth5_top25,9,45,0.01,REAL,7
vendor_06,-0.09498165312499597,0.15359807146820686,smooth20_top50,9,45,0.0,fake,8
vendor_05,-0.38769041707731655,0.15132346131685412,smooth20_all,9,45,0.0,fake,9
vendor_09,-0.6150646113763245,-0.013881378182038667,smooth20_top50,9,45,0.0,fake,10
vendor_07,-0.5436687216760058,-0.2600777796752566,smooth20_top50,9,45,0.0,fake,11
vendor_10,-0.6860663975269421,-0.44463284799789826,smooth20_top50,9,45,0.0,fake,12
vendor_00,1.7216023426830056,1.7216023426830056,smooth1_all,9,46,0.05,REAL,1
vendor_01,1.7216023426830056,1.7216023426830056,smooth1_all,9,46,0.04,REAL,2
vendor_02,1.24980701189509,1.2817331474833795,smooth1_top50,9,46,0.03,REAL,3
vendor_03,0.876385281712051,1.1881139753371885,smooth5_top25,9,46,0.025,REAL,4
vendor_06,0.8240422033506144,1.0924042309195103,smooth20_top50,9,46,0.0,fake,5
vendor_08,-0.26911781839972043,0.9619390965896977,smooth20_top50,9,46,0.0,fake,6
vendor_10,0.6376181920065864,0.7695291231336229,smooth5_top50,9,46,0.0,fake,7
vendor_04,0.4756482626227482,0.48734361518949604,smooth20_top25,9,46,0.01,REAL,8
vendor_07,0.06043886881521896,0.36466157000311866,smooth20_top25,9,46,0.0,fake,9
vendor_11,-0.37601117979485144,0.13155645867922716,smooth20_top25,9,46,0.0,fake,10
vendor_05,-0.08354401973226802,0.02454688476414304,smooth5_all,9,46,0.0,fake,11
vendor_09,-0.42253587015492017,-0.18785005435636334,smooth20_top50,9,46,0.0,fake,12
vendor_00,2.01779576834945,2.0349402296606183,smooth1_top50,9,47,0.05,REAL,1
vendor_03,1.7862661839833074,1.970325735537247,smooth5_top25,9,47,0.025,REAL,2
vendor_01,1.8706092804777572,1.8816601567418878,smooth1_top25,9,47,0.04,REAL,3
vendor_02,1.4864592808497041,1.5873069884836413,smooth1_top25,9,47,0.03,REAL,4
vendor_11,-0.3504924491144402,0.8691824860292238,smooth5_top25,9,47,0.0,fake,5
vendor_04,0.6230912242807493,0.7523081183403518,smooth20_top25,9,47,0.01,REAL,6
vendor_09,0.6644127253223598,0.6996501042165052,smooth1_top25,9,47,0.0,fake,7
vendor_10,0.3024038650354549,0.5198968728345349,smooth5_top50,9,47,0.0,fake,8
vendor_07,0.08999553650118261,0.45459447218827503,smooth20_top25,9,47,0.0,fake,9
vendor_08,0.2493276758008596,0.2887958186543506,smooth1_top50,9,47,0.0,fake,10
vendor_06,-0.23837093108059038,0.016616902034910005,smooth5_top50,9,47,0.0,fake,11
vendor_05,-0.1274834179118588,0.015015486076223428,smooth20_all,9,47,0.0,fake,12
vendor_00,2.8619205071868525,2.8619205071868525,smooth1_all,9,48,0.05,REAL,1
vendor_01,2.071251149008412,2.071251149008412,smooth1_all,9,48,0.04,REAL,2
vendor_04,1.412524200214762,1.9342303462668338,smooth5_top50,9,48,0.01,REAL,3
vendor_02,1.4512531094872962,1.8249197804781128,smooth5_all,9,48,0.03,REAL,4
vendor_03,0.7455905694851782,1.079915254022258,smooth5_top25,9,48,0.025,REAL,5
vendor_07,0.5871620394909459,0.6571562388437834,smooth1_top50,9,48,0.0,fake,6
vendor_09,0.5606777862116288,0.5833113997801262,smooth1_top50,9,48,0.0,fake,7
vendor_11,-0.16378869042051247,0.3729557446437258,smooth20_top50,9,48,0.0,fake,8
vendor_10,0.3095188966942776,0.3095188966942776,smooth1_all,9,48,0.0,fake,9
vendor_05,-0.13079719230562317,0.01872223953820431,smooth1_top25,9,48,0.0,fake,10
vendor_08,-0.3377820683434484,0.014104837857755754,smooth20_top25,9,48,0.0,fake,11
vendor_06,-0.14327268997188053,-0.1303295201140653,smooth1_top25,9,48,0.0,fake,12
vendor_00,2.0739085917259477,2.116577792005209,smooth1_top50,9,49,0.05,REAL,1
vendor_01,1.921391599052157,1.937090764177781,smooth1_top50,9,49,0.04,REAL,2
vendor_02,1.2808810758972533,1.7087524444596125,smooth5_top50,9,49,0.03,REAL,3
vendor_03,1.0682134494022308,1.4974084831788401,smooth5_all,9,49,0.025,REAL,4
vendor_06,-0.34449651886514937,0.6649813180123625,smooth20_all,9,49,0.0,fake,5
vendor_07,0.014619925027300406,0.5987535446918283,smooth20_top25,9,49,0.0,fake,6
vendor_04,0.3706024574918452,0.40171269231439843,smooth1_top50,9,49,0.01,REAL,7
vendor_05,0.37536232319029406,0.3877416266237345,smooth1_top50,9,49,0.0,fake,8
vendor_09,0.1405192557184008,0.3392865380206645,smooth5_top50,9,49,0.0,fake,9
vendor_10,-0.29927725788383275,0.23620679682654627,smooth5_all,9,49,0.0,fake,10
vendor_08,0.18458538610712416,0.20665217638567285,smooth1_top50,9,49,0.0,fake,11
vendor_11,0.06806527726378751,0.17273656654051764,smooth5_top50,9,49,0.0,fake,12
vendor_03,1.6708199873635847,1.6708199873635847,smooth1_all,9,50,0.025,REAL,1
vendor_00,1.6304863539674748,1.6522016473186518,smooth1_top50,9,50,0.05,REAL,2
vendor_01,1.6304863539674752,1.6522016473186518,smooth1_top50,9,50,0.04,REAL,3
vendor_02,1.323803568296284,1.3697916346224586,smooth1_top25,9,50,0.03,REAL,4
vendor_04,0.6006720141277019,0.976643920284149,smooth20_top25,9,50,0.01,REAL,5
vendor_10,0.24195147194874558,0.8370461103044098,smooth5_top25,9,50,0.0,fake,6
vendor_05,-0.257171548862807,0.3193256074968757,smooth20_top25,9,50,0.0,fake,7
vendor_08,0.27618888312402096,0.29424520863048786,smooth1_top25,9,50,0.0,fake,8
vendor_11,-0.31899300976176825,0.19468144749993904,smooth5_top25,9,50,0.0,fake,9
vendor_07,-0.23664486653822928,-0.09237152233743359,smooth5_top50,9,50,0.0,fake,10
vendor_06,-0.30072417181614436,-0.11373311197537674,smooth20_top50,9,50,0.0,fake,11
vendor_09,-0.28464467235234187,-0.2332070760743046,smooth20_top25,9,50,0.0,fake,12
vendor_00,2.451011781330802,2.4890218462980407,smooth1_top50,9,51,0.05,REAL,1
vendor_01,1.7470251190924162,1.8801879343849763,smooth5_all,9,51,0.04,REAL,2
vendor_02,1.5836584104243128,1.7591626089420718,smooth5_top50,9,51,0.03,REAL,3
vendor_03,0.7966256406274501,1.5665872040006725,smooth5_top25,9,51,0.025,REAL,4
vendor_04,0.9239907918779225,1.0328741524561988,smooth1_top25,9,51,0.01,REAL,5
vendor_08,0.4289955629669107,0.9149850501181217,smooth20_all,9,51,0.0,fake,6
vendor_10,-0.07693411598268263,0.6134941161475886,smooth20_top25,9,51,0.0,fake,7
vendor_11,-0.5099671702882348,0.5562725432730723,smooth5_all,9,51,0.0,fake,8
vendor_07,0.31283012038044367,0.37664004038880927,smooth1_top25,9,51,0.0,fake,9
vendor_09,-0.4160038736132147,0.2627686621203031,smooth5_top50,9,51,0.0,fake,10
vendor_06,-0.3273691379193963,-0.057225652554938916,smooth20_all,9,51,0.0,fake,11
vendor_05,-0.7826333936233395,-0.16181153280289887,smooth20_all,9,51,0.0,fake,12
vendor_00,1.7458180019850777,1.7458180019850777,smooth1_all,9,52,0.05,REAL,1
vendor_01,1.6519811912928553,1.670608238752749,smooth1_top25,9,52,0.04,REAL,2
vendor_02,1.3495535920489068,1.3495535920489068,smooth1_all,9,52,0.03,REAL,3
vendor_03,0.9576466705149579,1.1866034637663452,smooth5_top50,9,52,0.025,REAL,4
vendor_11,0.6595206022929236,0.6595206022929236,smooth1_all,9,52,0.0,fake,5
vendor_04,0.007387758323430996,0.4530540032524978,smooth5_top50,9,52,0.01,REAL,6
vendor_09,0.17229760561386498,0.40802127994418197,smooth20_all,9,52,0.0,fake,7
vendor_06,-0.6731456415977567,0.39631985135734576,smooth20_top50,9,52,0.0,fake,8
vendor_05,-1.1415802274814244,0.21160395034064,smooth20_top50,9,52,0.0,fake,9
vendor_10,0.09918979892009618,0.09918979892009618,smooth1_all,9,52,0.0,fake,10
vendor_07,-0.3003219698937063,-0.0162408622486375,smooth5_top50,9,52,0.0,fake,11
vendor_08,-0.21538222379428826,-0.21538222379428826,smooth1_all,9,52,0.0,fake,12
vendor_00,1.9912345752765146,1.9912345752765146,smooth1_all,9,53,0.05,REAL,1
vendor_01,1.6378125809091562,1.6615956970463859,smooth20_all,9,53,0.04,REAL,2
vendor_02,1.3017842518728562,1.5034604100379694,smooth5_top50,9,53,0.03,REAL,3
vendor_10,1.1168322570954934,1.156067532263418,smooth1_top50,9,53,0.0,fake,4
vendor_03,0.7499139184031949,1.0063554000114503,smooth20_all,9,53,0.025,REAL,5
vendor_04,0.47057818053113837,0.7445510230704567,smooth5_all,9,53,0.01,REAL,6
vendor_05,0.4366643968200921,0.5086248168641299,smooth1_top25,9,53,0.0,fake,7
vendor_08,0.245133394577383,0.245133394577383,smooth1_all,9,53,0.0,fake,8
vendor_06,-0.005021006177513663,0.04805303859769398,smooth1_top50,9,53,0.0,fake,9
vendor_07,-0.0842176193044704,-0.03991953733368613,smooth1_top25,9,53,0.0,fake,10
vendor_11,-0.4301878273684478,-0.13890617815981443,smooth5_top50,9,53,0.0,fake,11
vendor_09,-0.7525481082110412,-0.5295873378031162,smooth20_top25,9,53,0.0,fake,12
vendor_00,2.314625699894209,2.3412822900851755,smooth1_top50,9,54,0.05,REAL,1
vendor_01,1.794178712826905,1.8272514236440436,smooth1_top25,9,54,0.04,REAL,2
vendor_02,1.3756015965104884,1.4872487916220511,smooth20_all,9,54,0.03,REAL,3
vendor_06,0.6416369128304016,1.221205693413731,smooth5_top25,9,54,0.0,fake,4
vendor_03,1.1904385450241028,1.220562538388333,smooth20_top50,9,54,0.025,REAL,5
vendor_05,0.1856485641519077,0.7482584653926397,smooth5_top50,9,54,0.0,fake,6
vendor_09,0.09255731290765516,0.6690546069868499,smooth5_top25,9,54,0.0,fake,7
vendor_11,0.4076124439024721,0.6286724930516793,smooth5_all,9,54,0.0,fake,8
vendor_04,0.3921826602173814,0.6021996804623869,smooth5_top50,9,54,0.01,REAL,9
vendor_07,-0.3133832421173478,0.2216408868057082,smooth20_top25,9,54,0.0,fake,10
vendor_10,0.0038595503659087636,0.0944165506155337,smooth5_top50,9,54,0.0,fake,11
vendor_08,-0.49030291815386207,-0.17087423215538014,smooth5_top25,9,54,0.0,fake,12
vendor_00,1.7370468560829986,1.7370468560829986,smooth1_all,9,55,0.05,REAL,1
vendor_01,1.7370468560829986,1.7370468560829986,smooth1_all,9,55,0.04,REAL,2
vendor_02,1.6932127473183778,1.6932127473183778,smooth1_all,9,55,0.03,REAL,3
vendor_04,0.5477111853627028,1.299367418827192,smooth5_top25,9,55,0.01,REAL,4
vendor_03,0.8608999299283046,1.0005512755239812,smooth5_all,9,55,0.025,REAL,5
vendor_05,0.3012406290975135,0.6398974162918003,smooth5_top50,9,55,0.0,fake,6
vendor_06,-0.08042189100970382,0.4916531843610041,smooth5_top25,9,55,0.0,fake,7
vendor_07,0.39150605081251233,0.44489082671849084,smooth20_all,9,55,0.0,fake,8
vendor_08,-0.0051480928710586175,0.3111285915599494,smooth20_top50,9,55,0.0,fake,9
vendor_09,-0.7613816845613389,-0.12475475836737177,smooth20_top25,9,55,0.0,fake,10
vendor_11,-0.417595248406052,-0.31349715804048817,smooth5_top50,9,55,0.0,fake,11
vendor_10,-0.5662833749418424,-0.4011657762567483,smooth5_top25,9,55,0.0,fake,12
vendor_02,1.9203886192850912,2.0001167894309626,smooth1_top25,9,56,0.03,REAL,1
vendor_00,1.8538519264768123,1.9059449582156216,smooth1_top25,9,56,0.05,REAL,2
vendor_01,1.8538519264768123,1.9059449582156216,smooth1_top25,9,56,0.04,REAL,3
vendor_03,1.2803725148932834,1.823499872749387,smooth5_top25,9,56,0.025,REAL,4
vendor_04,0.8738164241653082,1.1436569556466953,smooth20_top50,9,56,0.01,REAL,5
vendor_05,0.17816565302507795,0.5788854926151087,smooth20_all,9,56,0.0,fake,6
vendor_09,0.06925918721386876,0.47441239908348404,smooth20_all,9,56,0.0,fake,7
vendor_10,0.3113561816213058,0.35955063173004936,smooth1_top25,9,56,0.0,fake,8
vendor_11,-0.37863658286361973,-0.13667575440537785,smooth5_top25,9,56,0.0,fake,9
vendor_08,-0.2319033285295106,-0.14661320216035087,smooth1_top25,9,56,0.0,fake,10
vendor_07,-0.4195505968312001,-0.27377803750041096,smooth1_top25,9,56,0.0,fake,11
vendor_06,-0.3419021362855816,-0.3164485223625061,smooth1_top25,9,56,0.0,fake,12
vendor_00,1.994432229939683,2.002172968964645,smooth1_top50,9,57,0.05,REAL,1
vendor_01,1.8702788466789886,1.8819670560578003,smooth1_top50,9,57,0.04,REAL,2
vendor_03,1.1142753677202062,1.3747603121430667,smooth5_top25,9,57,0.025,REAL,3
vendor_02,1.2446715468169882,1.2446715468169882,smooth1_all,9,57,0.03,REAL,4
vendor_09,0.12307488336400901,0.9170716849533848,smooth20_top25,9,57,0.0,fake,5
vendor_06,0.44316831122332134,0.5147065597044462,smooth1_top25,9,57,0.0,fake,6
vendor_04,-0.27676304965195336,0.46294669316784876,smooth20_all,9,57,0.01,REAL,7
vendor_10,0.02514740597323537,0.37744401516789183,smooth20_top25,9,57,0.0,fake,8
vendor_08,-0.6582372005083804,0.23727499817162856,smooth20_all,9,57,0.0,fake,9
vendor_07,-0.8438833306619801,-0.20028805345440415,smooth20_top25,9,57,0.0,fake,10
vendor_11,-0.5578415786539485,-0.47565984525477256,smooth1_top25,9,57,0.0,fake,11
vendor_05,-1.3028834697363763,-0.7064016793519591,smooth20_top25,9,57,0.0,fake,12
vendor_02,1.8498409701762315,1.8854054162553158,smooth1_top50,9,58,0.03,REAL,1
vendor_00,1.8320429878584015,1.8615218742281328,smooth1_top25,9,58,0.05,REAL,2
vendor_01,1.8320429878584015,1.8615218742281328,smooth1_top25,9,58,0.04,REAL,3
vendor_03,1.1760136282337479,1.2905288239565205,smooth5_all,9,58,0.025,REAL,4
vendor_11,0.31357099895570856,0.8663467119675952,smooth5_all,9,58,0.0,fake,5
vendor_04,0.19415422027849827,0.8067563904361368,smooth20_top50,9,58,0.01,REAL,6
vendor_07,-0.023907612668312195,0.6491938955965038,smooth5_top50,9,58,0.0,fake,7
vendor_09,0.16670982955516356,0.58363676369256,smooth20_top25,9,58,0.0,fake,8
vendor_05,-0.520287743888997,0.5796736693922697,smooth20_top50,9,58,0.0,fake,9
vendor_08,0.2766333421759102,0.33174051729975673,smooth1_top50,9,58,0.0,fake,10
vendor_06,-0.22668256588959165,0.14335541173036115,smooth20_top50,9,58,0.0,fake,11
vendor_10,0.03536978286026757,0.1333374013105642,smooth1_top50,9,58,0.0,fake,12
vendor_03,1.4398430715596933,1.4398430715596933,smooth1_all,9,59,0.025,REAL,1
vendor_00,1.329353729464306,1.3360219656856045,smooth1_top50,9,59,0.05,REAL,2
vendor_01,1.329353729464306,1.3360219656856045,smooth1_top50,9,59,0.04,REAL,3
vendor_02,1.329353729464306,1.3360219656856045,smooth1_top50,9,59,0.03,REAL,4
vendor_06,-0.33734946850724096,0.7470955057327086,smooth20_top25,9,59,0.0,fake,5
vendor_04,0.14960185688972744,0.5617153358001197,smooth20_top50,9,59,0.01,REAL,6
vendor_09,0.10445346747284598,0.3485159454262968,smooth20_all,9,59,0.0,fake,7
vendor_05,0.20817736083234434,0.33911145566363365,smooth20_all,9,59,0.0,fake,8
vendor_10,-0.1835262491899024,0.2376672341093177,smooth20_all,9,59,0.0,fake,9
vendor_11,-0.00871780208762199,0.12041181885983704,smooth5_top50,9,59,0.0,fake,10
vendor_07,-0.06305499483513298,0.06430631954504963,smooth1_top25,9,59,0.0,fake,11
vendor_08,-0.08796860899319087,-0.08796860899319087,smooth1_all,9,59,0.0,fake,12
vendor_00,2.038974784912585,2.056399709607585,smooth1_top50,9,60,0.05,REAL,1
vendor_01,1.904655787913092,1.952066206523169,smooth5_top50,9,60,0.04,REAL,2
vendor_02,1.6284255637276093,1.7959503154416077,smooth5_all,9,60,0.03,REAL,3
vendor_03,0.846013572082113,0.8558209671883086,smooth1_top50,9,60,0.025,REAL,4
vendor_04,0.7381929932051989,0.7459238216080644,smooth1_top50,9,60,0.01,REAL,5
vendor_11,0.13066506836338804,0.698541277780214,smooth5_top25,9,60,0.0,fake,6
vendor_09,0.2219457715421009,0.347921550036642,smooth20_top25,9,60,0.0,fake,7
vendor_05,-0.025538818051125386,0.3047252377305687,smooth5_top25,9,60,0.0,fake,8
vendor_10,-0.06433536737559913,0.25396628059100634,smooth5_top50,9,60,0.0,fake,9
vendor_07,-0.15717746199297097,0.2048813782246623,smooth20_top25,9,60,0.0,fake,10
vendor_08,-0.10062023451603701,0.061187096821079735,smooth1_top25,9,60,0.0,fake,11
vendor_06,-0.47783504062875354,-0.15145592578694403,smooth5_top25,9,60,0.0,fake,12
vendor_00,1.7203604238579133,1.7990240572814755,smooth1_top25,9,61,0.05,REAL,1
vendor_01,1.7203604238579133,1.7990240572814755,smooth1_top25,9,61,0.04,REAL,2
vendor_02,1.683532072534613,1.683532072534613,smooth1_all,9,61,0.03,REAL,3
vendor_09,0.2711496940066628,1.325174889509335,smooth20_all,9,61,0.0,fake,4
vendor_03,0.6801965498391721,1.238406101200404,smooth5_top25,9,61,0.025,REAL,5
vendor_11,0.46939461738462207,0.9268306126847381,smooth20_all,9,61,0.0,fake,6
vendor_05,0.4930036602192258,0.8685229125139716,smooth20_top25,9,61,0.0,fake,7
vendor_04,0.48842426050706783,0.5693541701985123,smooth5_all,9,61,0.01,REAL,8
vendor_10,0.2222392447222111,0.3810534824340753,smooth5_all,9,61,0.0,fake,9
vendor_08,-0.23078769607248292,0.3652052441333892,smooth5_all,9,61,0.0,fake,10
vendor_07,0.03461346430688673,0.22086719580564562,smooth5_top25,9,61,0.0,fake,11
vendor_06,-0.21391505550867837,-0.15463828923637307,smooth1_top50,9,61,0.0,fake,12
vendor_00,2.1121537766707887,2.1121537766707887,smooth1_all,9,62,0.05,REAL,1
vendor_01,1.55241952024988,1.9212601264243256,smooth5_all,9,62,0.04,REAL,2
vendor_03,1.143955564643913,1.3881916277006316,smooth20_top25,9,62,0.025,REAL,3
vendor_02,1.0210576315331052,1.2491867744763507,smooth5_top25,9,62,0.03,REAL,4
vendor_04,0.7049093546895272,0.7393961858868676,smooth1_top50,9,62,0.01,REAL,5
vendor_07,-0.5914564319643403,0.6671932392546314,smooth20_top50,9,62,0.0,fake,6
vendor_05,-0.1513882631923331,0.5173580276942287,smooth20_top25,9,62,0.0,fake,7
vendor_08,0.38086041092193573,0.45564969422783136,smooth20_top25,9,62,0.0,fake,8
vendor_09,0.2653939401528878,0.2653939401528878,smooth1_all,9,62,0.0,fake,9
vendor_11,-0.17458710815303902,0.14816840189497787,smooth20_all,9,62,0.0,fake,10
vendor_10,-0.9818882150110639,0.07890560015919994,smooth5_top50,9,62,0.0,fake,11
vendor_06,-0.08518456410213783,0.031051585716520426,smooth20_top25,9,62,0.0,fake,12
vendor_00,1.9653579267133168,1.9702005366253443,smooth1_top25,9,63,0.05,REAL,1
vendor_01,1.9623008801341266,1.9623008801341266,smooth1_all,9,63,0.04,REAL,2
vendor_02,1.4430425383387613,1.4430425383387613,smooth1_all,9,63,0.03,REAL,3
vendor_03,1.0407090128292464,1.3278160280898366,smooth5_top50,9,63,0.025,REAL,4
vendor_05,0.5409296438042426,0.9334214802936831,smooth5_all,9,63,0.0,fake,5
vendor_06,0.5069528632960044,0.5069528632960044,smooth1_all,9,63,0.0,fake,6
vendor_04,-0.2096585168447617,0.457945617533005,smooth20_top50,9,63,0.01,REAL,7
vendor_10,0.03882472477808361,0.37418812576993904,smooth20_top25,9,63,0.0,fake,8
vendor_11,-0.33059435516859254,0.2770542158341274,smooth20_top50,9,63,0.0,fake,9
vendor_08,-0.44127747607441153,-0.17430978407203437,smooth5_top25,9,63,0.0,fake,10
vendor_07,-0.6159774578462421,-0.2885925012234407,smooth20_top50,9,63,0.0,fake,11
vendor_09,-0.7112911293690123,-0.652174971228138,smooth5_all,9,63,0.0,fake,12
vendor_02,1.5871608645007744,2.1244727382021478,smooth20_all,9,64,0.03,REAL,1
vendor_00,1.9475965054282691,1.9595491940968268,smooth20_all,9,64,0.05,REAL,2
vendor_01,1.236414956572913,1.64123565761966,smooth20_all,9,64,0.04,REAL,3
vendor_03,0.597500419727528,1.20655613460023,smooth20_all,9,64,0.025,REAL,4
vendor_04,-0.4649489729995378,0.9393985232393867,smooth20_all,9,64,0.01,REAL,5
vendor_05,-0.03067480333242236,0.5686299357755137,smooth20_top25,9,64,0.0,fake,6
vendor_06,0.36161996315853323,0.43359199973403395,smooth1_top50,9,64,0.0,fake,7
vendor_11,0.11344176929741655,0.37789970228417913,smooth5_top25,9,64,0.0,fake,8
vendor_10,0.08741853015235843,0.08741853015235843,smooth1_all,9,64,0.0,fake,9
vendor_08,-0.3488609249637185,-0.06590837699702543,smooth20_top50,9,64,0.0,fake,10
vendor_09,-0.5734530812831714,-0.27440950160663574,smooth20_all,9,64,0.0,fake,11
vendor_07,-1.1716436611129328,-0.6496401696106711,smooth20_top25,9,64,0.0,fake,12
vendor_00,2.0649319400615584,2.087321654763066,smooth1_top25,9,65,0.05,REAL,1
vendor_01,1.8569942096000487,1.87611281904945,smooth1_top25,9,65,0.04,REAL,2
vendor_03,1.443203880854812,1.668604237567129,smooth5_top50,9,65,0.025,REAL,3
vendor_02,1.3389239877180448,1.5971585500602243,smooth5_all,9,65,0.03,REAL,4
vendor_04,1.0105557076001705,1.061075116867672,smooth5_all,9,65,0.01,REAL,5
vendor_11,0.6460970755164797,0.7058722189615535,smooth1_top25,9,65,0.0,fake,6
vendor_10,0.6380683489868477,0.6622592412128584,smooth1_top25,9,65,0.0,fake,7
vendor_06,0.35723768430641706,0.37608819146580136,smooth5_top25,9,65,0.0,fake,8
vendor_09,0.040032671052924074,0.21978960086534724,smooth20_top50,9,65,0.0,fake,9
vendor_07,0.1416370675927514,0.17269528311270999,smooth1_top25,9,65,0.0,fake,10
vendor_05,0.1137375177508214,0.16789421233014104,smooth1_top25,9,65,0.0,fake,11
vendor_08,0.13027848209252707,0.13027848209252707,smooth1_all,9,65,0.0,fake,12
vendor_01,1.9180298330242462,1.922067741217184,smooth1_top50,9,66,0.04,REAL,1
vendor_00,1.9088685283805797,1.9088685283805797,smooth1_all,9,66,0.05,REAL,2
vendor_02,1.4986949744860039,1.4986949744860039,smooth1_all,9,66,0.03,REAL,3
vendor_03,0.8341959483158364,1.3287987435967652,smooth5_all,9,66,0.025,REAL,4
vendor_04,0.4609872556271742,0.8703981037858166,smooth5_all,9,66,0.01,REAL,5
vendor_08,-0.6448201275172519,0.7114954045208527,smooth20_top25,9,66,0.0,fake,6
vendor_07,0.1361457385223341,0.7007354766170782,smooth20_top25,9,66,0.0,fake,7
vendor_11,-0.23179579756220156,0.5061492870425408,smooth20_top25,9,66,0.0,fake,8
vendor_10,0.25886124318621734,0.3129574190889488,smooth1_top50,9,66,0.0,fake,9
vendor_06,-0.042287133118919885,0.2545679885124451,smooth5_top50,9,66,0.0,fake,10
vendor_09,-0.6406922619157492,-0.12262557094675221,smooth5_top25,9,66,0.0,fake,11
vendor_05,-0.4336172228605901,-0.37051154762504146,smooth1_top50,9,66,0.0,fake,12
vendor_00,1.6642175172574012,1.6708437102355944,smooth5_top50,9,67,0.05,REAL,1
vendor_01,1.6642175172574012,1.6708437102355944,smooth5_top50,9,67,0.04,REAL,2
vendor_03,1.209145589239099,1.3658090478205007,smooth5_all,9,67,0.025,REAL,3
vendor_02,1.1285791193805732,1.1391956015063152,smooth1_top25,9,67,0.03,REAL,4
vendor_04,1.0215779576532307,1.0215779576532307,smooth1_all,9,67,0.01,REAL,5
vendor_05,0.013945643995289863,0.8404161689074803,smooth20_top50,9,67,0.0,fake,6
vendor_11,0.7652165494971578,0.7882897499313852,smooth1_top50,9,67,0.0,fake,7
vendor_06,0.6597365663227998,0.7143363447318964,smooth1_top25,9,67,0.0,fake,8
vendor_10,0.2369632613877107,0.6486849329316516,smooth20_top25,9,67,0.0,fake,9
vendor_07,-0.580561908393186,0.6052889135784386,smooth20_top25,9,67,0.0,fake,10
vendor_09,0.482319408351053,0.5542880848084633,smooth5_top25,9,67,0.0,fake,11
vendor_08,0.09542937880671404,0.45000212726060196,smooth20_top50,9,67,0.0,fake,12
vendor_00,1.6846358872408542,1.6846358872408542,smooth1_all,9,68,0.05,REAL,1
vendor_01,1.684635887240854,1.684635887240854,smooth1_all,9,68,0.04,REAL,2
vendor_02,1.2788326867306274,1.2788326867306274,smooth1_all,9,68,0.03,REAL,3
vendor_05,0.9560115213798381,0.9610790580809169,smooth1_top25,9,68,0.0,fake,4
vendor_03,0.515046218541046,0.8129868850046738,smooth5_top50,9,68,0.025,REAL,5
vendor_06,0.5236396531898713,0.6135219519457976,smooth5_top25,9,68,0.0,fake,6
vendor_07,-0.1041155426887916,0.5238589719721796,smooth20_all,9,68,0.0,fake,7
vendor_04,-0.06674359704500803,0.40468617806386414,smooth5_all,9,68,0.01,REAL,8
vendor_09,-0.8158847217877424,0.36914611716933554,smooth20_all,9,68,0.0,fake,9
vendor_10,0.2318145976074108,0.25601799961773747,smooth1_top50,9,68,0.0,fake,10
vendor_08,-0.29807491147886367,0.14157645999798008,smooth20_top25,9,68,0.0,fake,11
vendor_11,-0.01031173628697447,0.010673900092711757,smooth1_top50,9,68,0.0,fake,12
vendor_00,2.3964352104943747,2.428175027715523,smooth5_all,9,69,0.05,REAL,1
vendor_02,1.8242732559758257,2.119864527978096,smooth5_top25,9,69,0.03,REAL,2
vendor_01,1.6654395466955763,2.0056166292746793,smooth5_top50,9,69,0.04,REAL,3
vendor_03,0.9295753985248785,1.6253249532298188,smooth5_all,9,69,0.025,REAL,4
vendor_07,0.3516060435941902,0.6474994556020913,smooth20_top25,9,69,0.0,fake,5
vendor_04,-0.46499651058171587,0.6204495555829529,smooth20_top50,9,69,0.01,REAL,6
vendor_09,0.3310028030283359,0.4309814088479913,smooth5_top50,9,69,0.0,fake,7
vendor_05,0.1276244792401305,0.4150746358660187,smooth5_top50,9,69,0.0,fake,8
vendor_08,-0.19424645142642974,0.3285068327939688,smooth5_top25,9,69,0.0,fake,9
vendor_11,0.1483285478201378,0.19928812899367604,smooth1_top25,9,69,0.0,fake,10
vendor_06,-0.6666325190340409,-0.07338727673716179,smooth20_top25,9,69,0.0,fake,11
vendor_10,-1.199257173761942,-0.4824438890131357,smooth20_top25,9,69,0.0,fake,12
vendor_00,1.6955028569083366,1.7364927878400578,smooth1_top25,9,70,0.05,REAL,1
vendor_01,1.6886036827399733,1.69490897521981,smooth1_top50,9,70,0.04,REAL,2
vendor_03,1.2425896676060444,1.643749991217272,smooth5_top50,9,70,0.025,REAL,3
vendor_02,1.2324848165585964,1.2538401557774221,smooth1_top50,9,70,0.03,REAL,4
vendor_08,0.09378906121271866,0.5657694227424693,smooth5_all,9,70,0.0,fake,5
vendor_04,0.5098791846149898,0.5098791846149898,smooth1_all,9,70,0.01,REAL,6
vendor_05,-0.3006343530887575,0.22624399610169518,smooth5_top25,9,70,0.0,fake,7
vendor_07,0.09061495089128957,0.16855357180531952,smooth5_top25,9,70,0.0,fake,8
vendor_11,-0.7825905255002796,0.07006496323021992,smooth20_all,9,70,0.0,fake,9
vendor_10,-0.3617730003917882,0.006751840407529696,smooth5_top25,9,70,0.0,fake,10
vendor_09,-0.259889210724958,-0.21803963755904252,smooth1_top25,9,70,0.0,fake,11
vendor_06,-0.6029169278743391,-0.35546602015218415,smooth5_top25,9,70,0.0,fake,12
vendor_00,1.8486817023677562,1.8486817023677562,smooth1_all,9,71,0.05,REAL,1
vendor_01,1.7128248246970266,1.7128248246970266,smooth1_all,9,71,0.04,REAL,2
vendor_03,1.684033390135338,1.6865046618709278,smooth1_top50,9,71,0.025,REAL,3
vendor_02,1.6706283990274535,1.6706283990274535,smooth1_all,9,71,0.03,REAL,4
vendor_07,0.5784729462365586,0.8819575266947351,smooth5_top25,9,71,0.0,fake,5
vendor_04,0.6791467135811735,0.7542639961090737,smooth1_top25,9,71,0.01,REAL,6
vendor_11,0.20767028262496842,0.2308329938307431,smooth1_top50,9,71,0.0,fake,7
vendor_06,0.09996431174645805,0.09996431174645805,smooth1_all,9,71,0.0,fake,8
vendor_05,-0.34833694865083753,0.05706009713801525,smooth20_top50,9,71,0.0,fake,9
vendor_09,-0.053440335493465795,-0.008207440096233587,smooth1_top50,9,71,0.0,fake,10
vendor_08,-0.21565818267989145,-0.06297136126355439,smooth20_all,9,71,0.0,fake,11
vendor_10,-0.3611483370239031,-0.1845015708791662,smooth20_top50,9,71,0.0,fake,12
vendor_00,2.385412608854194,2.385412608854194,smooth1_all,9,72,0.05,REAL,1
vendor_01,1.8111094944402992,2.084453574637795,smooth5_all,9,72,0.04,REAL,2
vendor_02,1.6236692452269972,1.8252834247486625,smooth5_all,9,72,0.03,REAL,3
vendor_03,0.805156987169717,0.8955425993760469,smooth5_top50,9,72,0.025,REAL,4
vendor_07,0.2654009173786931,0.541457377325832,smooth5_top50,9,72,0.0,fake,5
vendor_04,-0.018955092531274673,0.49300071096521375,smooth5_top50,9,72,0.01,REAL,6
vendor_06,0.37803344795570826,0.42126600559048377,smooth1_top50,9,72,0.0,fake,7
vendor_11,0.30372166067981504,0.3623259105675981,smooth1_top25,9,72,0.0,fake,8
vendor_05,-0.06239733798569548,0.3508565937099739,smooth5_top50,9,72,0.0,fake,9
vendor_09,-0.573793355469199,0.0608550099692242,smooth5_top25,9,72,0.0,fake,10
vendor_08,-0.6599670709665176,-0.04729880192159946,smooth20_all,9,72,0.0,fake,11
vendor_10,-0.1507636186865491,-0.10428139953951823,smooth1_top50,9,72,0.0,fake,12
vendor_11,0.9871933327449505,1.0558727487544675,smooth1_top25,9,73,0.0,fake,1
vendor_02,0.8668211736889097,1.0498397877645456,smooth20_all,9,73,0.03,REAL,2
vendor_03,0.8668211736889099,1.0498397877645453,smooth20_all,9,73,0.025,REAL,3
vendor_00,0.8668211736889099,1.0498397877645453,smooth20_all,9,73,0.05,REAL,4
vendor_01,0.8668211736889097,1.0498397877645451,smooth20_all,9,73,0.04,REAL,5
vendor_04,0.18735540896744657,0.8688905742120164,smooth20_top25,9,73,0.01,REAL,6
vendor_10,-0.027260921643144007,0.6508428455034074,smooth20_top50,9,73,0.0,fake,7
vendor_09,0.47393750179448985,0.5880551336766322,smooth5_top50,9,73,0.0,fake,8
vendor_08,0.29528931325414226,0.4562370965222475,smooth1_top25,9,73,0.0,fake,9
vendor_05,0.14269701419525072,0.3450029498384855,smooth5_top50,9,73,0.0,fake,10
vendor_06,0.09353129370984416,0.28519213324027354,smooth5_all,9,73,0.0,fake,11
vendor_07,-0.0744416881235842,-0.0744416881235842,smooth1_all,9,73,0.0,fake,12
vendor_00,1.5941343889286952,1.9041651308960388,smooth5_all,9,74,0.05,REAL,1
vendor_01,1.5941343889286952,1.9041651308960388,smooth5_all,9,74,0.04,REAL,2
vendor_02,1.5749342197565814,1.8877382677549532,smooth5_all,9,74,0.03,REAL,3
vendor_03,0.9796964125646371,1.5695700884736115,smooth5_all,9,74,0.025,REAL,4
vendor_04,0.46485226772444893,1.3870250184524087,smooth5_all,9,74,0.01,REAL,5
vendor_11,0.877017157456934,1.0796648794853339,smooth20_top50,9,74,0.0,fake,6
vendor_09,0.583672736096048,1.0194118853347278,smooth20_top50,9,74,0.0,fake,7
vendor_10,-0.09408113057809797,0.4923967199716905,smooth20_all,9,74,0.0,fake,8
vendor_07,-0.23476906631706074,0.35897153675279003,smooth5_top50,9,74,0.0,fake,9
vendor_06,0.02392766453023313,0.08243326013348513,smooth1_top25,9,74,0.0,fake,10
vendor_08,-0.23020950649852756,-0.23020950649852756,smooth1_all,9,74,0.0,fake,11
vendor_05,-0.9584856703178599,-0.42249910365828053,smooth5_top25,9,74,0.0,fake,12
vendor_01,2.1213755593377215,2.155830617889227,smooth1_top50,9,75,0.04,REAL,1
vendor_00,2.012741817189763,2.05941726583117,smooth1_top25,9,75,0.05,REAL,2
vendor_02,1.543037849614367,2.0401821284776407,smooth5_top25,9,75,0.03,REAL,3
vendor_03,1.1508237931579224,1.7381951014439363,smooth5_top50,9,75,0.025,REAL,4
vendor_04,0.3196184640575816,1.074840527733303,smooth20_top25,9,75,0.01,REAL,5
vendor_06,0.36144643979184654,0.8168675821793212,smooth5_top25,9,75,0.0,fake,6
vendor_11,-0.08151598903801159,0.6541360560774688,smooth20_all,9,75,0.0,fake,7
vendor_09,0.5410130061338636,0.5410130061338636,smooth1_all,9,75,0.0,fake,8
vendor_10,0.3721153327957886,0.47531412726998284,smooth1_top25,9,75,0.0,fake,9
vendor_07,0.38583388225458864,0.3906310475579974,smooth1_top50,9,75,0.0,fake,10
vendor_05,-0.0027493812671611777,0.2256513084780091,smooth5_all,9,75,0.0,fake,11
vendor_08,-0.22371175487960965,-0.22371175487960965,smooth1_all,9,75,0.0,fake,12
vendor_00,1.438031247261647,1.5595300726863341,smooth20_all,9,76,0.05,REAL,1
vendor_01,1.438031247261647,1.5595300726863341,smooth20_all,9,76,0.04,REAL,2
vendor_02,1.2842989829493887,1.5205228780311337,smooth20_all,9,76,0.03,REAL,3
vendor_03,1.1784159122769262,1.3568538413803042,smooth20_top50,9,76,0.025,REAL,4
vendor_04,0.6475286963256266,1.3466159799132669,smooth5_all,9,76,0.01,REAL,5
vendor_07,0.8006613050772567,0.9687799284999112,smooth5_all,9,76,0.0,fake,6
vendor_10,-0.5036696721049926,0.8089367328028512,smooth20_top25,9,76,0.0,fake,7
vendor_08,0.12196348900857823,0.7221863244482775,smooth20_top25,9,76,0.0,fake,8
vendor_05,0.6023282952271061,0.6259746075070349,smooth1_top50,9,76,0.0,fake,9
vendor_11,-0.027168664350411847,0.23136400191570206,smooth5_all,9,76,0.0,fake,10
vendor_06,-0.2787941491402418,0.2105827333119333,smooth20_top25,9,76,0.0,fake,11
vendor_09,-1.2271150499425874,-1.068474152661951,smooth5_top25,9,76,0.0,fake,12
vendor_04,1.1402396247894362,1.1402396247894362,smooth1_all,9,77,0.01,REAL,1
vendor_10,-0.03393191700940845,0.9528758478899187,smooth20_top50,9,77,0.0,fake,2
vendor_02,0.900426968067474,0.900426968067474,smooth1_all,9,77,0.03,REAL,3
vendor_00,0.9004269680674739,0.9004269680674739,smooth1_all,9,77,0.05,REAL,4
vendor_03,0.9004269680674739,0.9004269680674739,smooth1_all,9,77,0.025,REAL,5
vendor_01,0.9004269680674739,0.9004269680674739,smooth1_all,9,77,0.04,REAL,6
vendor_07,0.7781718798407337,0.7781718798407337,smooth1_all,9,77,0.0,fake,7
vendor_05,0.5135711089521304,0.5761495695327433,smooth1_top25,9,77,0.0,fake,8
vendor_08,-0.047240418948678094,0.2360521065262951,smooth20_top50,9,77,0.0,fake,9
vendor_09,-0.24387299352457098,-0.14546467626685083,smooth5_top50,9,77,0.0,fake,10
vendor_11,-0.18722631294269243,-0.18493342558402048,smooth1_top50,9,77,0.0,fake,11
vendor_06,-0.7843443610536119,-0.6006661078291874,smooth20_top25,9,77,0.0,fake,12
vendor_02,1.434724037177838,1.709224148387017,smooth5_top25,9,78,0.03,REAL,1
vendor_00,1.422329599212832,1.6878334721627108,smooth5_top25,9,78,0.05,REAL,2
vendor_01,1.422329599212832,1.6878334721627108,smooth5_top25,9,78,0.04,REAL,3
vendor_03,1.377170699223778,1.4547580520665377,smooth20_top25,9,78,0.025,REAL,4
vendor_05,0.17418603727091955,1.2356610085634872,smooth20_all,9,78,0.0,fake,5
vendor_07,0.7173025501092919,0.7464635559865417,smooth1_top25,9,78,0.0,fake,6
vendor_04,0.13032113962425845,0.4071115247374615,smooth20_top25,9,78,0.01,REAL,7
vendor_10,-0.26220447477308173,0.2961316253553187,smooth20_top25,9,78,0.0,fake,8
vendor_06,-0.28287057732424403,0.19999197112899816,smooth20_top25,9,78,0.0,fake,9
vendor_11,-0.022614399442934908,0.11466749219894914,smooth1_top25,9,78,0.0,fake,10
vendor_09,-0.20235121477713777,-0.20235121477713777,smooth1_all,9,78,0.0,fake,11
vendor_08,-0.7375546116123767,-0.43037459763481956,smooth20_top25,9,78,0.0,fake,12
vendor_03,1.638362225760624,1.6999735403667868,smooth1_top25,9,79,0.025,REAL,1
vendor_00,1.6885092589314779,1.6983944300781164,smooth1_top50,9,79,0.05,REAL,2
vendor_01,1.688509258931478,1.6983944300781164,smooth1_top50,9,79,0.04,REAL,3
vendor_02,1.4839982149403552,1.5473508422977864,smooth1_top50,9,79,0.03,REAL,4
vendor_04,1.2203792071509547,1.2203792071509547,smooth1_all,9,79,0.01,REAL,5
vendor_06,0.7334741450323266,0.7334741450323266,smooth1_all,9,79,0.0,fake,6
vendor_05,0.48157048720056855,0.5553023426745762,smooth1_top25,9,79,0.0,fake,7
vendor_08,0.487895838979811,0.5540263571907872,smooth20_all,9,79,0.0,fake,8
vendor_09,0.02567808986817801,0.2203700636120873,smooth5_top25,9,79,0.0,fake,9
vendor_07,0.010000151279101926,0.17612369286957302,smooth20_top25,9,79,0.0,fake,10
vendor_11,-0.4519369865274482,0.08503079268666106,smooth5_top50,9,79,0.0,fake,11
vendor_10,-0.11482718007893031,-0.030182760087917215,smooth1_top50,9,79,0.0,fake,12
vendor_00,1.7553438013205611,1.7553438013205611,smooth1_all,9,80,0.05,REAL,1
vendor_01,1.7553438013205611,1.7553438013205611,smooth1_all,9,80,0.04,REAL,2
vendor_03,1.4509323066966824,1.5035645687431252,smooth1_top50,9,80,0.025,REAL,3
vendor_02,1.430899975873659,1.430899975873659,smooth1_all,9,80,0.03,REAL,4
vendor_04,0.17979423336071473,0.7412774965977923,smooth5_top25,9,80,0.01,REAL,5
vendor_10,-0.15454734223109046,0.7126748387854619,smooth20_top25,9,80,0.0,fake,6
vendor_11,0.2194824145491151,0.5622903424013417,smooth5_top50,9,80,0.0,fake,7
vendor_05,0.09600936713635855,0.15222897569282592,smooth1_top25,9,80,0.0,fake,8
vendor_06,0.08073563801768029,0.08073563801768029,smooth1_all,9,80,0.0,fake,9
vendor_09,-0.381821832753245,-0.017693730740262446,smooth5_top25,9,80,0.0,fake,10
vendor_08,-0.09560887661793492,-0.09021082084202607,smooth1_top50,9,80,0.0,fake,11
vendor_07,-0.22225858699201193,-0.10562200936203309,smooth20_top25,9,80,0.0,fake,12
vendor_00,2.4220949268468615,2.485357644297626,smooth1_top25,9,81,0.05,REAL,1
vendor_02,1.254751323716203,1.7264375078417968,smooth5_top25,9,81,0.03,REAL,2
vendor_03,1.1295448905613583,1.5372341839712498,smooth5_all,9,81,0.025,REAL,3
vendor_01,1.409856134164322,1.4906712106132738,smooth5_all,9,81,0.04,REAL,4
vendor_11,0.6840964727766062,0.7945100648050331,smooth1_top25,9,81,0.0,fake,5
vendor_06,0.49506678162083767,0.49506678162083767,smooth1_all,9,81,0.0,fake,6
vendor_10,0.2346766457589483,0.39035611652609414,smooth5_top25,9,81,0.0,fake,7
vendor_08,0.22947830705463787,0.3805668586890325,smooth20_top50,9,81,0.0,fake,8
vendor_05,-0.060200168619989655,0.2501746971036308,smooth20_all,9,81,0.0,fake,9
vendor_04,0.1262688275697323,0.2142341065699437,smooth1_top25,9,81,0.01,REAL,10
vendor_07,0.14256212980199529,0.1708490891182093,smooth5_top25,9,81,0.0,fake,11
vendor_09,0.1552427573388041,0.15783494186994562,smooth1_top50,9,81,0.0,fake,12
vendor_00,2.344225606264853,2.3848190328066763,smooth1_top50,9,82,0.05,REAL,1
vendor_01,1.6927745093159852,2.0118985578962225,smooth5_top50,9,82,0.04,REAL,2
vendor_02,1.5924878286985338,1.9272257035118598,smooth5_top50,9,82,0.03,REAL,3
vendor_04,1.2226421679359794,1.380468844017856,smooth1_top25,9,82,0.01,REAL,4
vendor_03,1.2204331268917725,1.2606211285821654,smooth20_top50,9,82,0.025,REAL,5
vendor_05,0.3857400309162876,0.8640526379893485,smooth5_top50,9,82,0.0,fake,6
vendor_11,0.2933979206045693,0.43068296472869033,smooth5_all,9,82,0.0,fake,7
vendor_08,0.30945911476751026,0.38525024297236415,smooth20_all,9,82,0.0,fake,8
vendor_06,0.29559493820520916,0.35991330643131003,smooth1_top25,9,82,0.0,fake,9
vendor_09,0.2508757228341784,0.3418916160879667,smooth1_top50,9,82,0.0,fake,10
vendor_10,-0.4487673998362346,0.2140350420810522,smooth20_top25,9,82,0.0,fake,11
vendor_07,-0.1504076902931495,-0.12282212244729504,smooth1_top25,9,82,0.0,fake,12
vendor_00,1.7289356433269918,1.7668044131649179,smooth1_top25,9,83,0.05,REAL,1
vendor_01,1.728935643326992,1.7668044131649179,smooth1_top25,9,83,0.04,REAL,2
vendor_02,1.1427140748434277,1.3053909715073122,smooth5_top25,9,83,0.03,REAL,3
vendor_03,1.0852656086899217,1.153848509035556,smooth1_top50,9,83,0.025,REAL,4
vendor_11,0.815279253370882,0.8700068873173946,smooth1_top50,9,83,0.0,fake,5
vendor_04,0.38173675880252056,0.4730347485107176,smooth20_all,9,83,0.01,REAL,6
vendor_09,-0.09203770304677009,0.41828958582371933,smooth20_top25,9,83,0.0,fake,7
vendor_10,-0.44745969111119643,0.29565899580030974,smooth20_all,9,83,0.0,fake,8
vendor_07,-0.027422433652708293,0.28815848591989296,smooth20_top50,9,83,0.0,fake,9
vendor_05,-0.17032124131479337,0.19961049518778776,smooth5_all,9,83,0.0,fake,10
vendor_06,-0.1989139597569245,0.10428281893270672,smooth20_all,9,83,0.0,fake,11
vendor_08,-0.11145977934832962,-0.07238558980887318,smooth1_top25,9,83,0.0,fake,12
vendor_02,1.5816996590774366,1.5816996590774366,smooth1_all,9,84,0.03,REAL,1
vendor_00,1.542558865256588,1.542558865256588,smooth1_all,9,84,0.05,REAL,2
vendor_01,1.542558865256588,1.542558865256588,smooth1_all,9,84,0.04,REAL,3
vendor_03,1.1933715015440451,1.2868391500423162,smooth5_top50,9,84,0.025,REAL,4
vendor_04,0.9240865810057672,0.9545585878663468,smooth1_top50,9,84,0.01,REAL,5
vendor_10,0.4310708995380286,0.7647234398323225,smooth20_top25,9,84,0.0,fake,6
vendor_08,-0.006378989787527393,0.4221456904480308,smooth5_top50,9,84,0.0,fake,7
vendor_05,0.06931864381176744,0.37618756236568524,smooth20_top25,9,84,0.0,fake,8
vendor_06,0.2163270487037958,0.33542423988632525,smooth5_top50,9,84,0.0,fake,9
vendor_09,-0.3990260661667352,0.3310299187253178,smooth20_top25,9,84,0.0,fake,10
vendor_07,0.269511303943066,0.2920576819257102,smooth1_top25,9,84,0.0,fake,11
vendor_11,0.022005256576917903,0.07075129357638174,smooth1_top25,9,84,0.0,fake,12
vendor_03,1.8863661435257972,1.9070784182329075,smooth1_top50,9,85,0.025,REAL,1
vendor_00,1.732607118824358,1.7515911881444195,smooth1_top50,9,85,0.05,REAL,2
vendor_01,1.732607118824358,1.7515911881444195,smooth1_top50,9,85,0.04,REAL,3
vendor_02,1.672339122649858,1.709332749749731,smooth1_top50,9,85,0.03,REAL,4
vendor_04,0.6073202764775594,0.8727655771289754,smooth20_top25,9,85,0.01,REAL,5
vendor_08,0.5854246653959664,0.7964214500424665,smooth5_top25,9,85,0.0,fake,6
vendor_10,0.16656216566094612,0.34308830094105985,smooth5_all,9,85,0.0,fake,7
vendor_07,-0.3316306021087681,0.32102240015330286,smooth20_top25,9,85,0.0,fake,8
vendor_11,0.02554188931527094,0.22835568051936714,smooth5_top25,9,85,0.0,fake,9
vendor_05,0.1834669667277748,0.1834669667277748,smooth1_all,9,85,0.0,fake,10
vendor_09,-0.249512411343633,0.17171300140140056,smooth20_all,9,85,0.0,fake,11
vendor_06,-0.09332633572162877,-0.09332633572162877,smooth1_all,9,85,0.0,fake,12
vendor_02,1.3747135333003735,1.427229642926135,smooth1_top50,9,86,0.03,REAL,1
vendor_00,1.324429315767234,1.324429315767234,smooth1_all,9,86,0.05,REAL,2
vendor_01,1.324429315767234,1.324429315767234,smooth1_all,9,86,0.04,REAL,3
vendor_03,0.9999436636568858,1.294648755841319,smooth5_top25,9,86,0.025,REAL,4
vendor_04,0.9130697850159359,1.2018149140818457,smooth20_top25,9,86,0.01,REAL,5
vendor_11,0.5333888699457056,0.86059693344503,smooth20_top25,9,86,0.0,fake,6
vendor_09,0.09337313060433516,0.7548739704883773,smooth20_top25,9,86,0.0,fake,7
vendor_06,0.031214481263121912,0.7045191279780371,smooth5_top50,9,86,0.0,fake,8
vendor_08,0.08189328539924254,0.2793310992681543,smooth5_top25,9,86,0.0,fake,9
vendor_10,-0.24456732193011868,0.07690521319413722,smooth20_top50,9,86,0.0,fake,10
vendor_07,0.004745164005689603,0.004745164005689603,smooth1_all,9,86,0.0,fake,11
vendor_05,-0.9683785246374771,-0.02861770906079202,smooth20_top25,9,86,0.0,fake,12
vendor_00,1.270060226471415,1.3102181772395654,smooth5_all,9,87,0.05,REAL,1
vendor_01,1.270060226471415,1.3102181772395651,smooth5_all,9,87,0.04,REAL,2
vendor_02,1.270060226471415,1.310218177239565,smooth5_all,9,87,0.03,REAL,3
vendor_03,1.1749455969906717,1.2970717643647027,smooth5_top50,9,87,0.025,REAL,4
vendor_04,0.9129391741188003,0.9724351437745407,smooth1_top25,9,87,0.01,REAL,5
vendor_11,0.19931601549729924,0.5131767973627226,smooth20_top50,9,87,0.0,fake,6
vendor_05,0.2222768874056779,0.2222768874056779,smooth1_all,9,87,0.0,fake,7
vendor_09,0.03238440321170744,0.05565785152743718,smooth1_top25,9,87,0.0,fake,8
vendor_08,-0.17908714531012948,-0.12328555997237851,smooth1_top25,9,87,0.0,fake,9
vendor_10,-0.20948574302553724,-0.20948574302553724,smooth1_all,9,87,0.0,fake,10
vendor_06,-0.481812050588463,-0.23650828880849534,smooth20_top50,9,87,0.0,fake,11
vendor_07,-0.9687450168342553,-0.536845727793296,smooth20_top25,9,87,0.0,fake,12
vendor_00,2.308941785093987,2.368387482333042,smooth1_top25,9,88,0.05,REAL,1
vendor_01,1.8238263830471164,1.8449268593459645,smooth1_top50,9,88,0.04,REAL,2
vendor_02,0.8498155301084501,1.4039155193031667,smooth5_top25,9,88,0.03,REAL,3
vendor_03,0.7197338714612977,1.127528785490454,smooth5_top50,9,88,0.025,REAL,4
vendor_05,-0.005200228569242382,0.47069156805947254,smooth20_all,9,88,0.0,fake,5
vendor_04,-0.19646301667004246,0.3252437682998232,smooth5_all,9,88,0.01,REAL,6
vendor_06,-0.5149369633075587,0.3016666649176341,smooth20_all,9,88,0.0,fake,7
vendor_11,-0.5171490177787861,0.14650579399473598,smooth20_all,9,88,0.0,fake,8
vendor_09,0.08517532333173053,0.13178913959427332,smooth1_top25,9,88,0.0,fake,9
vendor_08,-0.3041989311998136,-0.0985889885728302,smooth20_top25,9,88,0.0,fake,10
vendor_07,-0.17374492871932745,-0.15554138112275456,smooth1_top25,9,88,0.0,fake,11
vendor_10,-0.38626983205541127,-0.3668813994481061,smooth1_top25,9,88,0.0,fake,12
vendor_00,1.3922489983276713,1.3922489983276713,smooth1_all,9,89,0.05,REAL,1
vendor_02,1.3922489983276713,1.3922489983276713,smooth1_all,9,89,0.03,REAL,2
vendor_01,1.3922489983276711,1.3922489983276711,smooth1_all,9,89,0.04,REAL,3
vendor_03,1.1870084804842507,1.1870084804842507,smooth1_all,9,89,0.025,REAL,4
vendor_07,1.0071742191948705,1.0955915892877797,smooth5_all,9,89,0.0,fake,5
vendor_04,0.5742846772033973,0.6675573635256351,smooth1_top50,9,89,0.01,REAL,6
vendor_08,0.5217674886997096,0.5332429569183951,smooth1_top50,9,89,0.0,fake,7
vendor_09,0.0022146341304231285,0.4811274773223009,smooth20_all,9,89,0.0,fake,8
vendor_05,0.4176663941770633,0.4730584818706006,smooth20_top25,9,89,0.0,fake,9
vendor_10,0.23337067502681078,0.23337067502681078,smooth1_all,9,89,0.0,fake,10
vendor_06,0.03976561393580736,0.09032359045267954,smooth1_top25,9,89,0.0,fake,11
vendor_11,-0.4672894422109332,-0.23795618523942486,smooth5_top50,9,89,0.0,fake,12
vendor_00,2.1829115834954864,2.2456147277232317,smooth1_top25,9,90,0.05,REAL,1
vendor_01,1.7430653431840046,2.022889514914671,smooth5_all,9,90,0.04,REAL,2
vendor_03,1.7243321949659571,1.782259051364013,smooth1_top50,9,90,0.025,REAL,3
vendor_02,0.5923269327830444,0.9154009493660826,smooth5_top25,9,90,0.03,REAL,4
vendor_10,0.3738055327750959,0.7697761147655005,smooth5_top25,9,90,0.0,fake,5
vendor_08,0.1672638155697769,0.7223692008921897,smooth5_all,9,90,0.0,fake,6
vendor_07,0.10101133192758907,0.409395143160808,smooth20_top25,9,90,0.0,fake,7
vendor_04,0.2921849492853431,0.4009829004985065,smooth5_top50,9,90,0.01,REAL,8
vendor_11,0.2844653422547137,0.3996284182155781,smooth20_all,9,90,0.0,fake,9
vendor_05,-0.01005015908767165,0.14518064056044586,smooth20_all,9,90,0.0,fake,10
vendor_06,-0.0816439653758903,0.01755843640546208,smooth20_top50,9,90,0.0,fake,11
vendor_09,-0.18767660370308106,-0.18767660370308106,smooth1_all,9,90,0.0,fake,12
vendor_00,1.7349986438793326,1.9025979029707119,smooth5_top50,9,91,0.05,REAL,1
vendor_01,1.7349986438793328,1.9025979029707119,smooth5_top50,9,91,0.04,REAL,2
vendor_03,1.232532548578733,1.6540158023936469,smooth20_top50,9,91,0.025,REAL,3
vendor_02,1.5849361546588718,1.6131107535686204,smooth1_top50,9,91,0.03,REAL,4
vendor_05,-0.1199056913589986,1.1151285376855424,smooth20_top25,9,91,0.0,fake,5
vendor_04,0.25657888959584196,1.0194528984653592,smooth20_top50,9,91,0.01,REAL,6
vendor_08,0.440789286265982,0.5810775545691598,smooth20_all,9,91,0.0,fake,7
vendor_07,-0.21516082564302247,0.5347497431338876,smooth20_top25,9,91,0.0,fake,8
vendor_10,0.22086976966393904,0.3409689648324836,smooth20_top50,9,91,0.0,fake,9
vendor_11,-0.1438401804156107,0.2264381023697629,smooth5_top25,9,91,0.0,fake,10
vendor_06,-0.12225425155820546,-0.0036877078134264466,smooth5_all,9,91,0.0,fake,11
vendor_09,-0.3169720886085859,-0.2469215198596037,smooth20_top25,9,91,0.0,fake,12
vendor_00,1.751406931461169,1.7926997850560875,smooth1_top50,9,92,0.05,REAL,1
vendor_01,1.7514069314611693,1.7926997850560875,smooth1_top50,9,92,0.04,REAL,2
vendor_03,1.2957659744946601,1.4117798148306984,smooth20_top50,9,92,0.025,REAL,3
vendor_02,1.188497001048174,1.3601772502011371,smooth20_top50,9,92,0.03,REAL,4
vendor_10,0.5391443087226391,1.1444555417603426,smooth5_all,9,92,0.0,fake,5
vendor_04,0.46345069853405324,0.8471605974600046,smooth20_all,9,92,0.01,REAL,6
vendor_09,-0.2486908023193652,0.6772265311996094,smooth5_all,9,92,0.0,fake,7
vendor_11,0.14203792633680032,0.6271036477111985,smooth5_top25,9,92,0.0,fake,8
vendor_08,0.1068702287122094,0.4392359827144889,smooth5_top50,9,92,0.0,fake,9
vendor_05,0.22975310712923194,0.22975310712923194,smooth1_all,9,92,0.0,fake,10
vendor_07,-0.30011627227969145,0.07308876703288228,smooth20_all,9,92,0.0,fake,11
vendor_06,-0.5697863344994504,-0.46557919379636054,smooth5_all,9,92,0.0,fake,12
vendor_03,1.3571961622364175,1.9533227263219073,smooth20_all,9,93,0.025,REAL,1
vendor_02,1.370876228717604,1.8712528568952955,smooth20_all,9,93,0.03,REAL,2
vendor_01,1.4438550658661244,1.836029922543833,smooth20_all,9,93,0.04,REAL,3
vendor_00,1.4438550658661242,1.836029922543833,smooth20_all,9,93,0.05,REAL,4
vendor_04,0.8831517876041147,1.2530741512148804,smooth20_all,9,93,0.01,REAL,5
vendor_05,0.6012500613945023,0.6319922322729389,smooth1_top25,9,93,0.0,fake,6
vendor_10,0.4907051961619196,0.4907051961619196,smooth1_all,9,93,0.0,fake,7
vendor_09,0.420146613480841,0.44860885644711307,smooth5_all,9,93,0.0,fake,8
vendor_11,-0.5761489067087743,0.0753377925240157,smooth20_top50,9,93,0.0,fake,9
vendor_06,0.04775135323502525,0.06194187677628322,smooth1_top25,9,93,0.0,fake,10
vendor_08,-0.062009564804136955,-0.05584240013054018,smooth1_top50,9,93,0.0,fake,11
vendor_07,-0.6705793043587266,-0.5574980951997756,smooth1_top25,9,93,0.0,fake,12
vendor_00,2.519129089445494,2.519129089445494,smooth1_all,9,94,0.05,REAL,1
vendor_01,2.090923037794916,2.090923037794916,smooth1_all,9,94,0.04,REAL,2
vendor_02,1.4499559820605659,1.9234965460514517,smooth5_all,9,94,0.03,REAL,3
vendor_03,0.6581460034355667,1.3225189985963808,smooth5_all,9,94,0.025,REAL,4
vendor_04,0.8399349663863509,1.1570896667146955,smooth5_top25,9,94,0.01,REAL,5
vendor_10,-0.08759574665726562,1.0011713445311894,smooth20_all,9,94,0.0,fake,6
vendor_05,0.3408808061927153,0.4041268971662671,smooth1_top25,9,94,0.0,fake,7
vendor_08,-0.6707797001313722,0.3167576265716357,smooth20_top50,9,94,0.0,fake,8
vendor_09,-0.5368687753872078,0.25635776440999736,smooth20_all,9,94,0.0,fake,9
vendor_11,-0.34875856885145423,0.18483920327136905,smooth5_all,9,94,0.0,fake,10
vendor_07,0.13977301986787594,0.1593733890234907,smooth1_top25,9,94,0.0,fake,11
vendor_06,-0.006193054563198619,0.1023081174830145,smooth5_top50,9,94,0.0,fake,12
vendor_00,2.097070958923219,2.097070958923219,smooth1_all,9,95,0.05,REAL,1
vendor_02,1.3565807122567366,1.9334067459896191,smooth5_all,9,95,0.03,REAL,2
vendor_03,1.3047646718079635,1.66667893434994,smooth5_top50,9,95,0.025,REAL,3
vendor_01,1.3974913077153506,1.4728813553499351,smooth5_top50,9,95,0.04,REAL,4
vendor_10,-0.27425587513670385,0.5295326092713063,smooth20_top50,9,95,0.0,fake,5
vendor_04,0.3754447609052433,0.40065089996431913,smooth1_top25,9,95,0.01,REAL,6
vendor_07,-0.44933327336489887,0.2574595229769828,smooth20_top25,9,95,0.0,fake,7
vendor_09,0.14384496097069255,0.14384496097069255,smooth1_all,9,95,0.0,fake,8
vendor_05,-0.07900814068692341,0.0930244554635899,smooth20_all,9,95,0.0,fake,9
vendor_06,-0.12848763598072113,-0.06111761100589416,smooth1_top50,9,95,0.0,fake,10
vendor_08,-0.3673067092075043,-0.3484889137715232,smooth5_top25,9,95,0.0,fake,11
vendor_11,-0.9231969149603931,-0.3950449629129681,smooth20_top25,9,95,0.0,fake,12
vendor_00,2.114678740265233,2.133361506600763,smooth1_top50,9,96,0.05,REAL,1
vendor_02,1.8891583055052845,2.1024866771027866,smooth5_top50,9,96,0.03,REAL,2
vendor_01,1.8508255446473116,1.8771260214045324,smooth1_top50,9,96,0.04,REAL,3
vendor_03,0.9897698064474469,1.0072013318931354,smooth5_all,9,96,0.025,REAL,4
vendor_04,0.572052958805448,0.9788084491012718,smooth5_top50,9,96,0.01,REAL,5
vendor_05,0.6418060536525185,0.7292680780785631,smooth5_all,9,96,0.0,fake,6
vendor_10,0.7108342606961139,0.7108342606961139,smooth1_all,9,96,0.0,fake,7
vendor_08,0.21203501201837355,0.680784207035479,smooth20_top50,9,96,0.0,fake,8
vendor_09,-0.33999481448323193,0.49138161277510684,smooth20_top25,9,96,0.0,fake,9
vendor_06,0.3934520822168155,0.4788615176572079,smooth5_top50,9,96,0.0,fake,10
vendor_07,-0.03497755287264984,0.4387247235506765,smooth5_top25,9,96,0.0,fake,11
vendor_11,-0.7399464447113198,-0.31515721133943175,smooth20_top50,9,96,0.0,fake,12
vendor_00,1.9955139532564505,2.055963251721217,smooth1_top25,9,97,0.05,REAL,1
vendor_01,1.8432594786249419,1.8432594786249419,smooth1_all,9,97,0.04,REAL,2
vendor_02,1.721632092970135,1.745335094118364,smooth1_top50,9,97,0.03,REAL,3
vendor_03,0.7907861389206124,1.4075596090055724,smooth20_all,9,97,0.025,REAL,4
vendor_07,1.0461751384988538,1.0592797544529746,smooth1_top25,9,97,0.0,fake,5
vendor_11,-0.3542237014037993,0.7465540797295563,smooth5_top25,9,97,0.0,fake,6
vendor_09,0.13047853124169018,0.7177267087324972,smooth20_all,9,97,0.0,fake,7
vendor_04,0.3915936745314267,0.5243454991633423,smooth5_all,9,97,0.01,REAL,8
vendor_05,0.42394031071098703,0.512759637670258,smooth5_top50,9,97,0.0,fake,9
vendor_10,0.10578455840883569,0.25446195257087245,smooth5_all,9,97,0.0,fake,10
vendor_06,0.21754813707304424,0.21873951207812756,smooth1_top25,9,97,0.0,fake,11
vendor_08,-0.026028084832034656,0.15196835561436262,smooth20_all,9,97,0.0,fake,12
vendor_00,1.8117307225385524,1.8288739199281405,smooth1_top25,9,98,0.05,REAL,1
vendor_01,1.8117307225385522,1.8288739199281405,smooth1_top25,9,98,0.04,REAL,2
vendor_02,1.560298481170128,1.561386078474929,smooth1_top50,9,98,0.03,REAL,3
vendor_03,1.0922889968994796,1.1867123682146885,smooth5_top50,9,98,0.025,REAL,4
vendor_08,0.6663889192032988,1.0069728741440158,smooth5_top25,9,98,0.0,fake,5
vendor_04,0.0996357374737844,0.7966070737355526,smooth20_top50,9,98,0.01,REAL,6
vendor_05,0.522637038737709,0.522637038737709,smooth1_all,9,98,0.0,fake,7
vendor_07,0.24921035125870641,0.4061634004476065,smooth5_top50,9,98,0.0,fake,8
vendor_06,-0.8875894811154471,0.34545936485277373,smooth20_top50,9,98,0.0,fake,9
vendor_09,-0.5183842304981707,0.09794384808467009,smooth20_top25,9,98,0.0,fake,10
vendor_11,-0.18943733551897085,-0.05201500599766592,smooth5_all,9,98,0.0,fake,11
vendor_10,-0.5610852743044938,-0.10479966881482713,smooth20_top25,9,98,0.0,fake,12
vendor_00,1.9101485176243127,1.9101485176243127,smooth1_all,9,99,0.05,REAL,1
vendor_01,1.5854171532816406,1.7117802658387156,smooth5_top50,9,99,0.04,REAL,2
vendor_02,1.0255939322159622,1.3382178626847006,smooth5_top25,9,99,0.03,REAL,3
vendor_03,1.0487750269500542,1.3072749872843197,smooth20_top50,9,99,0.025,REAL,4
vendor_09,0.5312273216991219,0.5312273216991219,smooth1_all,9,99,0.0,fake,5
vendor_04,-0.1953749142631349,0.512368169185196,smooth20_all,9,99,0.01,REAL,6
vendor_07,0.17793618017515556,0.3449862993309203,smooth5_all,9,99,0.0,fake,7
vendor_05,0.04100891988117342,0.056709088073574464,smooth1_top25,9,99,0.0,fake,8
vendor_10,-0.20232393704009788,0.056664442112478876,smooth20_all,9,99,0.0,fake,9
vendor_08,-0.012983857546332345,0.04994776371268213,smooth1_top50,9,99,0.0,fake,10
vendor_11,-0.10840103135737168,-0.03165641120069146,smooth1_top25,9,99,0.0,fake,11
vendor_06,-0.5238298021603013,-0.08870797614153102,smooth5_top50,9,99,0.0,fake,12
vendor_00,1.7561876922506754,1.9782979479682192,smooth5_top50,9,100,0.05,REAL,1
vendor_02,1.4263425585593825,1.9407313548372893,smooth5_top25,9,100,0.03,REAL,2
vendor_01,1.6408758773949839,1.9122091195328117,smooth5_top25,9,100,0.04,REAL,3
vendor_04,0.2449606280878805,1.077311822160594,smooth5_top50,9,100,0.01,REAL,4
vendor_03,0.3450814976415069,1.0246376743461862,smooth5_top25,9,100,0.025,REAL,5
vendor_05,0.1411037912151526,0.6555611637596921,smooth5_all,9,100,0.0,fake,6
vendor_10,0.354200522599562,0.5544633040081473,smooth5_top25,9,100,0.0,fake,7
vendor_09,-0.3073882115191153,0.27112635178909567,smooth5_top25,9,100,0.0,fake,8
vendor_11,0.052789321985735646,0.2567067846423935,smooth5_top50,9,100,0.0,fake,9
vendor_06,0.030947950314567863,0.15642447855878275,smooth20_all,9,100,0.0,fake,10
vendor_07,-0.30905077365642586,-0.027446226737724604,smooth5_top25,9,100,0.0,fake,11
vendor_08,-0.8468418582050593,-0.6266141062301858,smooth20_all,9,100,0.0,fake,12
vendor_00,1.896880167377281,1.9070572424621548,smooth1_top50,9,101,0.05,REAL,1
vendor_01,1.8890394294509756,1.8890394294509756,smooth1_all,9,101,0.04,REAL,2
vendor_02,1.5807551363603543,1.661020891074402,smooth5_top50,9,101,0.03,REAL,3
vendor_03,1.320798256860652,1.4622605137262494,smooth20_all,9,101,0.025,REAL,4
vendor_09,0.9529015955951625,1.0833869170247505,smooth5_all,9,101,0.0,fake,5
vendor_07,0.8813523582149585,0.8813523582149585,smooth1_all,9,101,0.0,fake,6
vendor_04,0.23315226115894813,0.770928039329347,smooth20_all,9,101,0.01,REAL,7
vendor_11,0.03000552128179064,0.4144676574317038,smooth20_top50,9,101,0.0,fake,8
vendor_08,0.22065331098806865,0.36764243460717566,smooth1_top25,9,101,0.0,fake,9
vendor_06,0.3455154026589622,0.3551390886893853,smooth20_all,9,101,0.0,fake,10
vendor_05,-0.17382109695011194,0.15315229668058883,smooth20_top50,9,101,0.0,fake,11
vendor_10,-0.7402614188215637,-0.22239412553093546,smooth5_top50,9,101,0.0,fake,12
vendor_00,1.876692773581784,1.9837602813191078,smooth1_top25,9,102,0.05,REAL,1
vendor_01,1.725877508448068,1.7518140587538102,smooth1_top50,9,102,0.04,REAL,2
vendor_02,1.6776587231441538,1.6776587231441538,smooth1_all,9,102,0.03,REAL,3
vendor_03,0.9939980307853802,1.6094504550113249,smooth20_top50,9,102,0.025,REAL,4
vendor_05,0.570651970318564,1.1952323362537076,smooth5_top25,9,102,0.0,fake,5
vendor_04,0.4050882373994125,1.0195040069739387,smooth20_all,9,102,0.01,REAL,6
vendor_07,-0.14518088404685292,0.9773980891257315,smooth20_top50,9,102,0.0,fake,7
vendor_06,-0.38871921053463854,0.12667132575587875,smooth20_top50,9,102,0.0,fake,8
vendor_09,-0.5500974201822534,0.054886171592786415,smooth20_top25,9,102,0.0,fake,9
vendor_08,-0.815358541308125,0.03762498178477919,smooth20_top50,9,102,0.0,fake,10
vendor_11,-0.7797045799223553,-0.4152191466518326,smooth5_top25,9,102,0.0,fake,11
vendor_10,-0.5649926014841932,-0.42438444963256466,smooth20_all,9,102,0.0,fake,12
vendor_00,1.7817075337217,1.8648621719650085,smooth1_top25,9,103,0.05,REAL,1
vendor_01,1.7817075337217,1.8648621719650085,smooth1_top25,9,103,0.04,REAL,2
vendor_02,1.302572325696424,1.4098358399200563,smooth1_top25,9,103,0.03,REAL,3
vendor_03,1.2115769214230914,1.2331865881330142,smooth1_top50,9,103,0.025,REAL,4
vendor_07,0.9623676806776131,0.9906715728597358,smooth1_top25,9,103,0.0,fake,5
vendor_10,0.737463229926695,0.7420791310580365,smooth1_top50,9,103,0.0,fake,6
vendor_04,0.7134470840183383,0.7255635676474116,smooth1_top50,9,103,0.01,REAL,7
vendor_06,0.45623090651780385,0.6635602102242556,smooth1_top25,9,103,0.0,fake,8
vendor_08,0.6454888298518173,0.6454888298518173,smooth1_all,9,103,0.0,fake,9
vendor_09,-0.022546115859362042,0.5206494198462549,smooth20_top25,9,103,0.0,fake,10
vendor_11,0.22445853172670963,0.23690619597214754,smooth1_top50,9,103,0.0,fake,11
vendor_05,0.11788298801893649,0.20749894689160125,smooth20_top50,9,103,0.0,fake,12
vendor_02,0.7867561795801947,2.14526213048548,smooth20_all,9,104,0.03,REAL,1
vendor_00,2.111148757078813,2.14421719597212,smooth1_top25,9,104,0.05,REAL,2
vendor_01,1.9353829700741283,2.041704053201605,smooth1_top25,9,104,0.04,REAL,3
vendor_03,1.5528641587494438,1.6882270328120499,smooth20_top25,9,104,0.025,REAL,4
vendor_06,0.8086915119041912,1.1751771868025542,smooth5_all,9,104,0.0,fake,5
vendor_10,0.0367294790206923,0.599668292602362,smooth20_top25,9,104,0.0,fake,6
vendor_04,0.22510937060062944,0.5748341949278872,smooth20_all,9,104,0.01,REAL,7
vendor_05,0.2060798504623215,0.2512447817766384,smooth20_top25,9,104,0.0,fake,8
vendor_08,0.16410631838091083,0.21945096307739992,smooth1_top50,9,104,0.0,fake,9
vendor_09,-0.2069551672904914,0.1716959250561619,smooth20_top50,9,104,0.0,fake,10
vendor_11,-0.4729976061394041,0.050290219836346094,smooth5_top25,9,104,0.0,fake,11
vendor_07,-0.06727691016470577,-0.0177058889224846,smooth1_top50,9,104,0.0,fake,12
vendor_00,1.3795415980948773,1.3795415980948773,smooth1_all,9,105,0.05,REAL,1
vendor_01,1.3795415980948769,1.3795415980948769,smooth1_all,9,105,0.04,REAL,2
vendor_02,1.3795415980948769,1.3795415980948769,smooth1_all,9,105,0.03,REAL,3
vendor_03,1.0176021748193385,1.0176021748193385,smooth1_all,9,105,0.025,REAL,4
vendor_06,0.8894309598365854,0.89948994212105,smooth1_top50,9,105,0.0,fake,5
vendor_11,0.7679766946723693,0.861947014522268,smooth1_top25,9,105,0.0,fake,6
vendor_04,0.3769909323041533,0.6505807290642275,smooth20_all,9,105,0.01,REAL,7
vendor_07,-0.3155978509884116,0.43405779400501104,smooth20_top25,9,105,0.0,fake,8
vendor_10,-0.5793995399214593,0.36294479501210464,smooth20_all,9,105,0.0,fake,9
vendor_09,-0.0990015915697655,0.2930658833610628,smooth20_all,9,105,0.0,fake,10
vendor_08,-0.519792848222674,0.09419709038545189,smooth20_all,9,105,0.0,fake,11
vendor_05,-0.5138697465719547,-0.4770038238751195,smooth1_top25,9,105,0.0,fake,12
vendor_00,1.8755671147622088,2.4768457428235804,smooth5_all,9,106,0.05,REAL,1
vendor_01,1.982443561546857,2.0976892211635825,smooth5_top50,9,106,0.04,REAL,2
vendor_03,1.7888578760173472,1.7924219868950246,smooth1_top50,9,106,0.025,REAL,3
vendor_02,1.5703079875532926,1.7442458829151843,smooth5_all,9,106,0.03,REAL,4
vendor_06,0.7021553628063042,0.7273629898635052,smooth1_top50,9,106,0.0,fake,5
vendor_04,0.11102884705023029,0.6686062824867371,smooth5_all,9,106,0.01,REAL,6
vendor_10,0.3962781638496341,0.4020086147251528,smooth1_top50,9,106,0.0,fake,7
vendor_09,0.21434673421121894,0.3855007578762335,smooth1_top25,9,106,0.0,fake,8
vendor_08,0.06343009282143793,0.3408964009297195,smooth20_top25,9,106,0.0,fake,9
vendor_05,0.1787276938080821,0.2882665329332521,smooth20_top25,9,106,0.0,fake,10
vendor_07,0.0372246215466657,0.22699912876558426,smooth5_top25,9,106,0.0,fake,11
vendor_11,-0.30050512913911565,-0.10748668149620301,smooth5_all,9,106,0.0,fake,12
vendor_00,1.7163210633690889,1.7163210633690889,smooth1_all,9,107,0.05,REAL,1
vendor_01,1.7163210633690889,1.7163210633690889,smooth1_all,9,107,0.04,REAL,2
vendor_05,1.659662231792678,1.6923530716052486,smooth1_top50,9,107,0.0,fake,3
vendor_03,1.1352125459400517,1.6831819392581815,smooth20_all,9,107,0.025,REAL,4
vendor_04,0.3211421692024484,1.5047109598787078,smooth20_top50,9,107,0.01,REAL,5
vendor_02,0.9550230867311412,1.434840084764643,smooth20_all,9,107,0.03,REAL,6
vendor_06,-0.03464881857368308,0.5787246028223871,smooth20_top50,9,107,0.0,fake,7
vendor_11,-0.05274992742887424,0.5028460430589442,smooth5_top50,9,107,0.0,fake,8
vendor_07,0.3201037584066895,0.35642351440267384,smooth1_top25,9,107,0.0,fake,9
vendor_08,-0.22147892599941518,0.2572790538687917,smooth5_top50,9,107,0.0,fake,10
vendor_09,-0.18112513134014305,-0.16474796066349712,smooth1_top50,9,107,0.0,fake,11
vendor_10,-0.43608495332748254,-0.2008972547289056,smooth20_top25,9,107,0.0,fake,12
vendor_00,1.9736518632542077,1.9736518632542077,smooth1_all,9,108,0.05,REAL,1
vendor_01,1.8036540457844823,1.8036540457844823,smooth1_all,9,108,0.04,REAL,2
vendor_02,1.6485632642629422,1.6614731646665497,smooth1_top50,9,108,0.03,REAL,3
vendor_04,0.8814250217147148,1.4013554568244209,smooth20_top50,9,108,0.01,REAL,4
vendor_03,1.0180094351348103,1.39357343797237,smooth20_all,9,108,0.025,REAL,5
vendor_05,0.3487801757529204,0.4753894369526893,smooth1_top25,9,108,0.0,fake,6
vendor_07,0.03127104682544975,0.36433761790785907,smooth5_all,9,108,0.0,fake,7
vendor_10,0.2993814797058666,0.2993814797058666,smooth1_all,9,108,0.0,fake,8
vendor_06,-0.15694727876695722,0.0038531926117701945,smooth5_top50,9,108,0.0,fake,9
vendor_09,-0.23586448894918405,-0.006689840385718892,smooth5_top50,9,108,0.0,fake,10
vendor_11,-0.3215511015702283,-0.12276233385593141,smooth5_all,9,108,0.0,fake,11
vendor_08,-0.4259319985122522,-0.30139938458353943,smooth20_top25,9,108,0.0,fake,12
vendor_00,2.2236156942756073,2.3158991582662316,smooth5_top50,9,109,0.05,REAL,1
vendor_01,1.745676474230002,1.8166696086901812,smooth5_all,9,109,0.04,REAL,2
vendor_03,1.5027752470560363,1.66686063137036,smooth5_top50,9,109,0.025,REAL,3
vendor_04,0.2933928564395539,1.191785877417515,smooth20_top25,9,109,0.01,REAL,4
vendor_02,0.5284892469937529,1.125715733987643,smooth20_all,9,109,0.03,REAL,5
vendor_06,0.09042803130225269,0.7211264738245138,smooth20_all,9,109,0.0,fake,6
vendor_05,0.572754840535783,0.6247151358010743,smooth1_top50,9,109,0.0,fake,7
vendor_07,-0.32992744722527717,0.5249205450842895,smooth20_all,9,109,0.0,fake,8
vendor_10,0.06091634164314314,0.41175275661146504,smooth20_top50,9,109,0.0,fake,9
vendor_08,0.39455219285166754,0.39886859678186654,smooth1_top50,9,109,0.0,fake,10
vendor_11,0.03749140417956706,0.35253738734108525,smooth5_top50,9,109,0.0,fake,11
vendor_09,0.31271850951263075,0.3390106445716657,smooth1_top50,9,109,0.0,fake,12
vendor_00,2.185734456280308,2.185734456280308,smooth1_all,9,110,0.05,REAL,1
vendor_01,1.9705902121053716,1.9705902121053716,smooth1_all,9,110,0.04,REAL,2
vendor_02,1.8738960565839826,1.8738960565839826,smooth1_all,9,110,0.03,REAL,3
vendor_03,1.1383648537887632,1.1785481384178302,smooth1_top50,9,110,0.025,REAL,4
vendor_07,0.05459869435956624,0.9759019331569193,smooth5_all,9,110,0.0,fake,5
vendor_11,0.0724597858448528,0.5847939764807517,smooth20_top50,9,110,0.0,fake,6
vendor_04,-0.020733278575456714,0.49223673254730393,smooth20_top50,9,110,0.01,REAL,7
vendor_10,0.12545139480211095,0.4310615565520514,smooth5_all,9,110,0.0,fake,8
vendor_06,0.24884033698874006,0.24884033698874006,smooth1_all,9,110,0.0,fake,9
vendor_05,0.06376337708451116,0.06376337708451116,smooth1_all,9,110,0.0,fake,10
vendor_08,-0.6203351915804031,-0.009519595694217623,smooth20_all,9,110,0.0,fake,11
vendor_09,-0.4865744140304859,-0.16066046449247373,smooth20_all,9,110,0.0,fake,12
vendor_00,2.3770417092413916,2.3770417092413916,smooth1_all,9,111,0.05,REAL,1
vendor_02,2.047906453259409,2.266497192210602,smooth5_top50,9,111,0.03,REAL,2
vendor_01,2.022659596018628,2.022659596018628,smooth1_all,9,111,0.04,REAL,3
vendor_03,1.7611539209784777,1.7611539209784777,smooth1_all,9,111,0.025,REAL,4
vendor_04,0.7422369144699879,1.1289306901508087,smooth20_all,9,111,0.01,REAL,5
vendor_11,0.09107442596447012,1.0344680520745204,smooth20_top25,9,111,0.0,fake,6
vendor_06,-0.0382605499270642,0.3918242746261241,smooth5_all,9,111,0.0,fake,7
vendor_05,0.3506226819638261,0.3540864346284066,smooth1_top50,9,111,0.0,fake,8
vendor_08,0.04374240532847313,0.09130948581719102,smooth1_top25,9,111,0.0,fake,9
vendor_07,-0.4029626731403367,0.04903502111288959,smooth20_top50,9,111,0.0,fake,10
vendor_09,-0.6560285136830397,-0.17842062635971076,smooth20_all,9,111,0.0,fake,11
vendor_10,-0.6099064478980346,-0.5892172415214443,smooth1_top25,9,111,0.0,fake,12
vendor_00,2.140781512729657,2.140781512729657,smooth1_all,9,112,0.05,REAL,1
vendor_01,1.7679489659283376,2.1211128181700976,smooth5_top25,9,112,0.04,REAL,2
vendor_02,1.6298223757480708,1.6953505773219695,smooth1_top50,9,112,0.03,REAL,3
vendor_03,0.9646661558772334,1.631401510469288,smooth20_top25,9,112,0.025,REAL,4
vendor_04,0.5219653623410005,0.9974998758564826,smooth5_top25,9,112,0.01,REAL,5
vendor_09,0.6443191701033338,0.7544295021022626,smooth1_top25,9,112,0.0,fake,6
vendor_10,0.30057300688822547,0.3595662448354861,smooth20_top50,9,112,0.0,fake,7
vendor_08,0.3299532101977854,0.3588016902176737,smooth1_top25,9,112,0.0,fake,8
vendor_11,0.27188309619073414,0.27188309619073414,smooth1_all,9,112,0.0,fake,9
vendor_05,0.1898960052256269,0.23460418977924907,smooth1_top25,9,112,0.0,fake,10
vendor_06,-0.5306710257631524,-0.17165669626005725,smooth20_top50,9,112,0.0,fake,11
vendor_07,-0.18303280381525927,-0.18303280381525927,smooth1_all,9,112,0.0,fake,12
vendor_01,1.887557967220261,1.889274590947295,smooth1_top50,9,113,0.04,REAL,1
vendor_00,1.8847007028922096,1.8847007028922096,smooth1_all,9,113,0.05,REAL,2
vendor_03,0.6783934842420047,1.4445529695725836,smooth5_all,9,113,0.025,REAL,3
vendor_02,0.9249321959501513,0.9662088128335772,smooth5_top25,9,113,0.03,REAL,4
vendor_04,0.3448490582880157,0.35032430162823164,smooth20_top25,9,113,0.01,REAL,5
vendor_06,0.2591859781055223,0.2850698390250971,smooth1_top25,9,113,0.0,fake,6
vendor_05,0.13465707769940072,0.23764226791933127,smooth5_top25,9,113,0.0,fake,7
vendor_07,-0.04657976431052496,0.07791557123156392,smooth5_top25,9,113,0.0,fake,8
vendor_10,-0.07901014376111823,-0.07901014376111823,smooth1_all,9,113,0.0,fake,9
vendor_09,-0.15819279841614442,-0.0887760720849185,smooth5_top25,9,113,0.0,fake,10
vendor_11,-0.8409800154600795,-0.1763649490748401,smooth5_top25,9,113,0.0,fake,11
vendor_08,-0.37372847118282243,-0.20613054556409147,smooth20_top25,9,113,0.0,fake,12
vendor_01,2.0902629663940857,2.410810904173208,smooth5_all,9,114,0.04,REAL,1
vendor_00,2.09180338520236,2.1746911810930145,smooth5_all,9,114,0.05,REAL,2
vendor_03,1.3992881692788155,1.43780312336753,smooth1_top25,9,114,0.025,REAL,3
vendor_02,0.6099937628321839,1.108337766446971,smooth5_all,9,114,0.03,REAL,4
vendor_04,0.5037084601838399,1.075569478747676,smooth20_top25,9,114,0.01,REAL,5
vendor_08,0.6418182582904125,0.7007713663646872,smooth1_top25,9,114,0.0,fake,6
vendor_06,-0.03555663805076125,0.6331426585065827,smooth5_all,9,114,0.0,fake,7
vendor_05,0.1853566694703966,0.516259596420243,smooth5_all,9,114,0.0,fake,8
vendor_09,-0.42319617520825936,0.36362513622252934,smooth20_top50,9,114,0.0,fake,9
vendor_07,-0.14599809243604941,0.2937674709793685,smooth20_top50,9,114,0.0,fake,10
vendor_10,-0.04472306096558383,0.24845015287006997,smooth20_top25,9,114,0.0,fake,11
vendor_11,-0.06050733522049755,0.08796574470738375,smooth5_top50,9,114,0.0,fake,12
vendor_00,1.7260665691736583,1.7474878294196974,smooth1_top50,9,115,0.05,REAL,1
vendor_01,1.7260665691736583,1.7474878294196974,smooth1_top50,9,115,0.04,REAL,2
vendor_03,1.3052637700228753,1.3127336564135208,smooth1_top50,9,115,0.025,REAL,3
vendor_02,1.2708977383376325,1.2955162443857937,smooth1_top50,9,115,0.03,REAL,4
vendor_04,0.18318857436642685,1.029811893608339,smooth20_top25,9,115,0.01,REAL,5
vendor_07,-0.15061165196794216,0.7070644974126804,smooth20_top25,9,115,0.0,fake,6
vendor_06,-0.09384644745235386,0.38647249032415815,smooth5_top25,9,115,0.0,fake,7
vendor_11,-0.31125450571718116,0.36589844022237655,smooth20_top25,9,115,0.0,fake,8
vendor_10,-0.012826919047228408,0.027079060476499158,smooth20_top50,9,115,0.0,fake,9
vendor_08,-0.16547888268412345,-0.03415256541825328,smooth5_top50,9,115,0.0,fake,10
vendor_05,-0.23066048712185347,-0.1643738182465742,smooth20_top25,9,115,0.0,fake,11
vendor_09,-0.3514491308613258,-0.2532750673517972,smooth5_top25,9,115,0.0,fake,12
vendor_00,2.535154001097126,2.5500230517914204,smooth1_top25,9,116,0.05,REAL,1
vendor_01,1.7111370155605379,1.74059240020798,smooth1_top25,9,116,0.04,REAL,2
vendor_02,1.165545420022525,1.573014912355478,smooth5_all,9,116,0.03,REAL,3
vendor_03,1.2662927732720732,1.5048822195382956,smooth5_all,9,116,0.025,REAL,4
vendor_04,0.8639570877319441,1.373968085854937,smooth20_all,9,116,0.01,REAL,5
vendor_07,0.5724297907611864,0.5724297907611864,smooth1_all,9,116,0.0,fake,6
vendor_06,0.48640508909249885,0.48830340284019214,smooth1_top50,9,116,0.0,fake,7
vendor_05,-0.062086125418566646,0.4243231112735112,smooth20_all,9,116,0.0,fake,8
vendor_11,0.41218262674082007,0.41218262674082007,smooth1_all,9,116,0.0,fake,9
vendor_08,-0.13943891587664786,0.16064299511347627,smooth20_all,9,116,0.0,fake,10
vendor_09,-0.22050852688754,-0.1791722026129611,smooth1_top50,9,116,0.0,fake,11
vendor_10,-0.6276723260942594,-0.23927938692367662,smooth20_all,9,116,0.0,fake,12
vendor_01,1.4915745272203726,1.4915745272203726,smooth1_all,9,117,0.04,REAL,1
vendor_00,1.4915745272203722,1.4915745272203722,smooth1_all,9,117,0.05,REAL,2
vendor_03,1.3927199800664023,1.4484144554134022,smooth1_top50,9,117,0.025,REAL,3
vendor_02,1.1782649568914303,1.3408696446595614,smooth5_all,9,117,0.03,REAL,4
vendor_11,0.10116411333979798,1.0201066310066782,smooth20_top25,9,117,0.0,fake,5
vendor_04,0.2816958433796363,1.0151462949925134,smooth20_all,9,117,0.01,REAL,6
vendor_08,0.17390409405894852,0.5290395776073568,smooth5_all,9,117,0.0,fake,7
vendor_07,0.39857929743124704,0.4502981003614329,smooth20_top50,9,117,0.0,fake,8
vendor_05,-0.3531710355865523,0.44759851303001524,smooth20_top25,9,117,0.0,fake,9
vendor_10,0.19528120813024946,0.2227898556159825,smooth1_top50,9,117,0.0,fake,10
vendor_06,-0.03627514272823814,-0.018223958187859674,smooth1_top25,9,117,0.0,fake,11
vendor_09,-0.18359908228263072,-0.14832978598201021,smooth1_top25,9,117,0.0,fake,12
vendor_00,2.3221334748040157,2.5712905608475927,smooth5_top25,9,118,0.05,REAL,1
vendor_02,1.626706412128125,2.0285176591887057,smooth5_top25,9,118,0.03,REAL,2
vendor_01,1.4961464125304063,1.7150369639373229,smooth5_top25,9,118,0.04,REAL,3
vendor_03,1.2459586184977647,1.509529884848494,smooth5_top50,9,118,0.025,REAL,4
vendor_04,0.9985689150983873,1.0713027802578947,smooth1_top25,9,118,0.01,REAL,5
vendor_11,0.7749910505413162,0.816390727112406,smooth1_top50,9,118,0.0,fake,6
vendor_06,-0.07427214868569422,0.6162011142353987,smooth20_top50,9,118,0.0,fake,7
vendor_09,-0.00785761001491529,0.5997880802372241,smooth20_top50,9,118,0.0,fake,8
vendor_05,0.38859737183500564,0.5501067553975868,smooth20_top25,9,118,0.0,fake,9
vendor_10,-0.21419680631428326,0.42071717310139223,smooth20_all,9,118,0.0,fake,10
vendor_07,0.010087879852481652,0.07164007712052596,smooth1_top25,9,118,0.0,fake,11
vendor_08,-0.22859406236763333,-0.22859406236763333,smooth1_all,9,118,0.0,fake,12
vendor_02,1.4168549117199865,1.475471621159348,smooth1_top50,9,119,0.03,REAL,1
vendor_00,1.393073903491235,1.410318072495065,smooth1_top25,9,119,0.05,REAL,2
vendor_01,1.3930739034912345,1.410318072495065,smooth1_top25,9,119,0.04,REAL,3
vendor_03,1.246863767505074,1.2771712159505013,smooth1_top50,9,119,0.025,REAL,4
vendor_04,0.13827580634114378,0.8954637412190944,smooth5_all,9,119,0.01,REAL,5
vendor_10,-0.17083491318592,0.5594638689058001,smooth20_all,9,119,0.0,fake,6
vendor_09,0.1657730260313157,0.4515081458399648,smooth5_top25,9,119,0.0,fake,7
vendor_05,-0.012330704488102855,0.4241042264066142,smooth5_top25,9,119,0.0,fake,8
vendor_06,-0.12793953715600587,0.2690072325999589,smooth20_all,9,119,0.0,fake,9
vendor_08,0.11988891797065694,0.17862560276978345,smooth1_top25,9,119,0.0,fake,10
vendor_07,-0.0015574142191824452,0.07517703142074207,smooth20_top25,9,119,0.0,fake,11
vendor_11,-0.27635795184196904,0.020029436714461064,smooth5_all,9,119,0.0,fake,12
vendor_00,2.102685881957814,2.119465921078679,smooth1_top25,9,120,0.05,REAL,1
vendor_01,2.0585974316394875,2.0585974316394875,smooth1_all,9,120,0.04,REAL,2
vendor_02,1.68233596463438,1.7121046079855007,smooth1_top50,9,120,0.03,REAL,3
vendor_03,0.8365555314038322,0.8365555314038322,smooth1_all,9,120,0.025,REAL,4
vendor_04,0.5465862858611276,0.5553445663524266,smooth1_top50,9,120,0.01,REAL,5
vendor_07,0.11737436183046165,0.3840063086277426,smooth20_all,9,120,0.0,fake,6
vendor_11,0.18067442932284544,0.2570605451945406,smooth1_top25,9,120,0.0,fake,7
vendor_06,-0.013388535416633904,0.24378872997998635,smooth5_all,9,120,0.0,fake,8
vendor_09,-0.5526630110546034,0.050333094546155005,smooth5_top50,9,120,0.0,fake,9
vendor_05,-0.508932259444456,0.02388964878924844,smooth5_top50,9,120,0.0,fake,10
vendor_10,-0.22029606661125947,-0.07473892151047198,smooth5_top25,9,120,0.0,fake,11
vendor_08,-0.15195076745995487,-0.13972383276258651,smooth1_top50,9,120,0.0,fake,12
vendor_00,1.8409937235314318,1.8441387077125249,smooth1_top50,9,121,0.05,REAL,1
vendor_01,1.8032358913396753,1.8344242789088483,smooth1_top50,9,121,0.04,REAL,2
vendor_02,1.8228502351310347,1.825541827550675,smooth1_top50,9,121,0.03,REAL,3
vendor_04,1.119198750758164,1.137186682025626,smooth1_top50,9,121,0.01,REAL,4
vendor_03,0.9692006932005033,1.011797687435927,smooth1_top25,9,121,0.025,REAL,5
vendor_10,0.3102538671225745,0.40674823084625056,smooth20_all,9,121,0.0,fake,6
vendor_06,-0.3088610659639628,0.3934896007267568,smooth20_top50,9,121,0.0,fake,7
vendor_08,-0.2757117445762175,0.3492222971944218,smooth5_top25,9,121,0.0,fake,8
vendor_11,0.32374300536586853,0.3241668081567397,smooth1_top50,9,121,0.0,fake,9
vendor_09,0.14330037165827958,0.22548025066973046,smooth1_top25,9,121,0.0,fake,10
vendor_07,-0.23860600488708314,0.00032642669477490183,smooth5_top25,9,121,0.0,fake,11
vendor_05,-0.6743009255096772,-0.20325284439358207,smooth20_top50,9,121,0.0,fake,12
vendor_00,2.6516017718145255,2.652240249358191,smooth1_top50,9,122,0.05,REAL,1
vendor_01,2.1310397837215316,2.175995203369271,smooth1_top50,9,122,0.04,REAL,2
vendor_02,1.7979126455774828,1.8714347568727598,smooth5_top25,9,122,0.03,REAL,3
vendor_03,0.5947088790663858,0.8402215500384271,smooth20_top25,9,122,0.025,REAL,4
vendor_04,0.6025640203425496,0.7533327853246568,smooth1_top25,9,122,0.01,REAL,5
vendor_11,0.5979647334456131,0.7016883931822152,smooth1_top50,9,122,0.0,fake,6
vendor_07,-0.5277314911830292,0.45610833684632107,smooth20_top25,9,122,0.0,fake,7
vendor_06,0.3421589122646869,0.4071166325585356,smooth1_top50,9,122,0.0,fake,8
vendor_09,-0.12275544958661966,0.1930011809944546,smooth20_top50,9,122,0.0,fake,9
vendor_05,-0.282020448982376,0.09311252823647627,smooth5_all,9,122,0.0,fake,10
vendor_08,-0.010710299053448603,0.028600293767571353,smooth1_top25,9,122,0.0,fake,11
vendor_10,-0.6981891139351307,-0.21413127516417363,smooth20_all,9,122,0.0,fake,12
vendor_00,2.434965456939374,2.434965456939374,smooth1_all,9,123,0.05,REAL,1
vendor_01,2.002631947910469,2.002631947910469,smooth1_all,9,123,0.04,REAL,2
vendor_03,1.9252381761099238,1.9313649878151087,smooth1_top50,9,123,0.025,REAL,3
vendor_02,0.8280788254428755,1.4110351652214976,smooth5_top25,9,123,0.03,REAL,4
vendor_04,0.9164890998791739,1.2050031330773314,smooth5_top50,9,123,0.01,REAL,5
vendor_07,0.10340779302377145,0.8804494406397929,smooth5_top25,9,123,0.0,fake,6
vendor_11,-0.08712078756250563,0.8013890461266525,smooth20_top50,9,123,0.0,fake,7
vendor_06,-0.026686756981931424,0.5562054921680286,smooth20_top25,9,123,0.0,fake,8
vendor_05,0.44762621306342826,0.44986844190792363,smooth1_top50,9,123,0.0,fake,9
vendor_10,-0.011807118616278686,0.4286221506192691,smooth20_top50,9,123,0.0,fake,10
vendor_08,-0.8275488786137849,0.08919912128801918,smooth5_all,9,123,0.0,fake,11
vendor_09,-0.08823421750038149,-0.06384644858614602,smooth20_top50,9,123,0.0,fake,12
vendor_02,1.6835618121624147,1.6835618121624147,smooth1_all,9,124,0.03,REAL,1
vendor_00,1.6593128170163323,1.6593128170163323,smooth1_all,9,124,0.05,REAL,2
vendor_01,1.6593128170163323,1.6593128170163323,smooth1_all,9,124,0.04,REAL,3
vendor_03,1.2236990648305885,1.4479152456207964,smooth5_top25,9,124,0.025,REAL,4
vendor_04,-0.3482545579027962,1.0491278938086108,smooth20_top50,9,124,0.01,REAL,5
vendor_08,0.07629155648704704,0.48960830088472634,smooth5_all,9,124,0.0,fake,6
vendor_06,0.19949331726584368,0.4710336710960795,smooth20_top50,9,124,0.0,fake,7
vendor_09,-0.11074817177672344,0.4509900848191999,smooth20_top50,9,124,0.0,fake,8
vendor_10,-0.06244733685106663,0.4280150584561781,smooth20_all,9,124,0.0,fake,9
vendor_05,0.0817338481871728,0.42685975225698913,smooth5_top50,9,124,0.0,fake,10
vendor_07,-0.499524601770798,0.35008311445781093,smooth20_top25,9,124,0.0,fake,11
vendor_11,-0.16855561172651773,-0.06553343222850619,smooth1_top25,9,124,0.0,fake,12
vendor_00,2.202986660465469,2.237442523438937,smooth1_top50,9,125,0.05,REAL,1
vendor_01,1.5510820674098724,1.7236128417926544,smooth5_all,9,125,0.04,REAL,2
vendor_03,1.2615157126004088,1.6932094575457923,smooth5_all,9,125,0.025,REAL,3
vendor_02,0.6271191991576901,1.181253386414364,smooth5_all,9,125,0.03,REAL,4
vendor_07,0.5429357686947865,0.5429357686947865,smooth1_all,9,125,0.0,fake,5
vendor_04,-0.4632312688441853,0.51285554834655,smooth20_top50,9,125,0.01,REAL,6
vendor_06,0.017728109099784554,0.15633213025189918,smooth5_all,9,125,0.0,fake,7
vendor_08,0.06787476805863488,0.07456907632651087,smooth1_top50,9,125,0.0,fake,8
vendor_10,-0.29695011871732446,-0.20257657755135344,smooth1_top25,9,125,0.0,fake,9
vendor_11,-0.6361184421199774,-0.22132484041286446,smooth20_top25,9,125,0.0,fake,10
vendor_09,-0.3812945317580596,-0.3334241362201588,smooth20_top25,9,125,0.0,fake,11
vendor_05,-0.7111644363555997,-0.3399283525222313,smooth5_top25,9,125,0.0,fake,12
vendor_04,0.977236996939094,1.2056255254705188,smooth5_top50,9,126,0.01,REAL,1
vendor_00,0.9745679828406959,0.9837867191224918,smooth5_top50,9,126,0.05,REAL,2
vendor_02,0.9745679828406955,0.9837867191224918,smooth5_top50,9,126,0.03,REAL,3
vendor_01,0.9745679828406958,0.9837867191224918,smooth5_top50,9,126,0.04,REAL,4
vendor_03,0.9745679828406959,0.9837867191224918,smooth5_top50,9,126,0.025,REAL,5
vendor_10,0.7988805381362533,0.7988805381362533,smooth1_all,9,126,0.0,fake,6
vendor_05,0.6641766328132476,0.6641766328132476,smooth1_all,9,126,0.0,fake,7
vendor_09,0.4996665063513094,0.6021285569332755,smooth1_top25,9,126,0.0,fake,8
vendor_08,0.5651675070838523,0.581121380824366,smooth1_top25,9,126,0.0,fake,9
vendor_11,0.16043576195354725,0.5425037600042302,smooth20_top25,9,126,0.0,fake,10
vendor_06,0.45328306194401824,0.48690641948226177,smooth1_top50,9,126,0.0,fake,11
vendor_07,0.12794565640292063,0.1377809378011979,smooth20_top50,9,126,0.0,fake,12
vendor_00,1.4398812935413174,1.4400382330598163,smooth1_top50,9,127,0.05,REAL,1
vendor_01,1.4398812935413174,1.4400382330598163,smooth1_top50,9,127,0.04,REAL,2
vendor_02,1.4126318237614848,1.4149166750366937,smooth1_top25,9,127,0.03,REAL,3
vendor_03,1.0046758692064937,1.2049949140321166,smooth20_top25,9,127,0.025,REAL,4
vendor_04,0.8874259025037373,0.9728883288915414,smooth5_top50,9,127,0.01,REAL,5
vendor_06,-0.6709120535700398,0.42246334241451783,smooth20_all,9,127,0.0,fake,6
vendor_10,0.4086216740505393,0.410409782310134,smooth1_top50,9,127,0.0,fake,7
vendor_05,0.0938602540469167,0.22938867005184682,smooth20_top25,9,127,0.0,fake,8
vendor_07,-0.06797421469759382,0.17522396420249228,smooth5_top25,9,127,0.0,fake,9
vendor_08,-0.2723665788721439,-0.1363841384383215,smooth20_top50,9,127,0.0,fake,10
vendor_11,-0.2468209589481076,-0.2468209589481076,smooth1_all,9,127,0.0,fake,11
vendor_09,-0.44909526571143155,-0.35537825049998506,smooth1_top25,9,127,0.0,fake,12
vendor_03,1.3978340905158515,2.231275562025228,smooth5_all,9,128,0.025,REAL,1
vendor_01,1.9915912571283414,2.127161743191542,smooth5_top50,9,128,0.04,REAL,2
vendor_00,1.9623764861276725,2.1238313972653704,smooth5_top50,9,128,0.05,REAL,3
vendor_02,1.7248929677105156,2.0947887456763468,smooth5_all,9,128,0.03,REAL,4
vendor_07,0.6238105428827775,1.073329187955142,smooth5_top50,9,128,0.0,fake,5
vendor_09,0.6431109299026534,0.932339737527367,smooth5_top50,9,128,0.0,fake,6
vendor_06,0.4052954750608912,0.9234642000767522,smooth5_top50,9,128,0.0,fake,7
vendor_05,0.6527392392689989,0.6571832420409995,smooth1_top50,9,128,0.0,fake,8
vendor_04,0.16321339568318163,0.6224018985848103,smooth20_top50,9,128,0.01,REAL,9
vendor_08,-0.02724527405324597,0.376216000088679,smooth5_top25,9,128,0.0,fake,10
vendor_11,-0.0050516229604804985,0.31040715615641534,smooth5_all,9,128,0.0,fake,11
vendor_10,-0.04669312385500424,-0.04669312385500424,smooth1_all,9,128,0.0,fake,12
vendor_00,1.447577048950853,1.447577048950853,smooth1_all,9,129,0.05,REAL,1
vendor_01,1.447577048950853,1.447577048950853,smooth1_all,9,129,0.04,REAL,2
vendor_03,0.6396420119476829,1.2743348070459337,smooth20_top50,9,129,0.025,REAL,3
vendor_02,1.1912601825911762,1.2128523239162157,smooth1_top50,9,129,0.03,REAL,4
vendor_10,0.7150148251591634,0.790313925336082,smooth1_top25,9,129,0.0,fake,5
vendor_04,0.579048399325481,0.7038424360596667,smooth20_top25,9,129,0.01,REAL,6
vendor_06,0.5130750282796838,0.5907091632816193,smooth20_top25,9,129,0.0,fake,7
vendor_11,0.2556187954893014,0.32553796066633345,smooth1_top50,9,129,0.0,fake,8
vendor_09,0.2110425451179652,0.2110425451179652,smooth1_all,9,129,0.0,fake,9
vendor_08,-0.5489349886992799,0.21093960677910562,smooth20_all,9,129,0.0,fake,10
vendor_05,-0.23058832322886383,0.08388495070654572,smooth20_top50,9,129,0.0,fake,11
vendor_07,-0.10422125020595956,-0.09123255955492637,smooth1_top50,9,129,0.0,fake,12
vendor_00,2.0653639884885884,2.389649729042203,smooth5_top50,9,130,0.05,REAL,1
vendor_01,2.0581227291969015,2.0581227291969015,smooth1_all,9,130,0.04,REAL,2
vendor_03,0.9574732394317188,1.6116145583085308,smooth5_all,9,130,0.025,REAL,3
vendor_02,0.7379989755855534,1.2180092576192005,smooth5_top25,9,130,0.03,REAL,4
vendor_10,0.5136067186097677,0.5890343422227504,smooth20_all,9,130,0.0,fake,5
vendor_06,0.3517981459624844,0.5565560166322719,smooth20_top25,9,130,0.0,fake,6
vendor_05,0.21040332559603264,0.5058789503761418,smooth20_all,9,130,0.0,fake,7
vendor_11,0.40889625178180244,0.4438572965897224,smooth1_top50,9,130,0.0,fake,8
vendor_08,0.4075364963493122,0.4130263249019441,smooth5_all,9,130,0.0,fake,9
vendor_04,0.3583299057267349,0.3583299057267349,smooth1_all,9,130,0.01,REAL,10
vendor_07,0.3461901781293241,0.3461901781293241,smooth1_all,9,130,0.0,fake,11
vendor_09,-0.06525899870501464,-0.033921710365622436,smooth1_top50,9,130,0.0,fake,12
vendor_00,1.744000589849354,1.8041783374047315,smooth1_top50,9,131,0.05,REAL,1
vendor_01,1.6589173131895834,1.6610989750905443,smooth1_top50,9,131,0.04,REAL,2
vendor_02,1.485329267828853,1.5864384939114249,smooth1_top50,9,131,0.03,REAL,3
vendor_03,0.9279686067720192,0.992144278990601,smooth1_top25,9,131,0.025,REAL,4
vendor_10,0.24561393977064822,0.8015728317075336,smooth5_top50,9,131,0.0,fake,5
vendor_08,0.544804431943677,0.6862091920479708,smooth5_all,9,131,0.0,fake,6
vendor_05,0.019772623629282598,0.6264398452368707,smooth5_top25,9,131,0.0,fake,7
vendor_09,0.5553042405432291,0.5948632167092315,smooth1_top25,9,131,0.0,fake,8
vendor_07,0.3568698517822194,0.38878097010564117,smooth1_top25,9,131,0.0,fake,9
vendor_06,0.024350018137056815,0.2104711938311517,smooth5_top25,9,131,0.0,fake,10
vendor_04,0.02946145663753357,0.09490792835637751,smooth20_top25,9,131,0.01,REAL,11
vendor_11,-0.45210638920849067,-0.40318804637700245,smooth5_top25,9,131,0.0,fake,12
vendor_00,2.07067120311462,2.1813477623062814,smooth5_all,9,132,0.05,REAL,1
vendor_03,1.5517781919622469,1.9870195374837836,smooth20_top25,9,132,0.025,REAL,2
vendor_01,1.7430692140344017,1.9780428169960704,smooth5_all,9,132,0.04,REAL,3
vendor_02,1.408387614755008,1.8858524067972815,smooth5_all,9,132,0.03,REAL,4
vendor_04,1.0481104565202495,1.0481104565202495,smooth1_all,9,132,0.01,REAL,5
vendor_07,0.8274527616644946,0.9011910593902812,smooth1_top25,9,132,0.0,fake,6
vendor_10,0.3035804348240235,0.6860381414323018,smooth5_top25,9,132,0.0,fake,7
vendor_05,-0.5025670739386049,0.44899674107972604,smooth5_top25,9,132,0.0,fake,8
vendor_11,0.2659810579999082,0.44165483646988735,smooth5_all,9,132,0.0,fake,9
vendor_08,0.22677534246589584,0.27867619492275547,smooth1_top25,9,132,0.0,fake,10
vendor_06,-0.47259450320139823,0.21925722935050002,smooth20_all,9,132,0.0,fake,11
vendor_09,-0.15908068139871495,-0.09112862121658558,smooth1_top50,9,132,0.0,fake,12
vendor_00,2.4926147455251497,2.5383542769262153,smooth1_top50,9,133,0.05,REAL,1
vendor_01,2.074160633476914,2.074160633476914,smooth1_all,9,133,0.04,REAL,2
vendor_02,1.4425063759024916,1.6611754079309577,smooth5_all,9,133,0.03,REAL,3
vendor_03,1.2158193369056818,1.295194094532837,smooth5_all,9,133,0.025,REAL,4
vendor_08,0.8170278325629435,0.8514378568523105,smooth1_top25,9,133,0.0,fake,5
vendor_06,-0.24964105236140993,0.6037247095734746,smooth20_all,9,133,0.0,fake,6
vendor_04,-0.1448523779534201,0.5079795715268542,smooth20_top25,9,133,0.01,REAL,7
vendor_11,0.23974068225515102,0.24670679158227732,smooth1_top50,9,133,0.0,fake,8
vendor_09,0.029920417293550678,0.029920417293550678,smooth1_all,9,133,0.0,fake,9
vendor_05,-0.23998797187939355,-0.005932117084020736,smooth5_top50,9,133,0.0,fake,10
vendor_07,-0.09605606124693965,-0.09492283298255397,smooth1_top25,9,133,0.0,fake,11
vendor_10,-0.37741291065624016,-0.3705004449539232,smooth1_top50,9,133,0.0,fake,12
vendor_00,2.26339584700886,2.542283936512508,smooth5_top50,9,134,0.05,REAL,1
vendor_02,1.837120159726794,2.236773226283434,smooth5_all,9,134,0.03,REAL,2
vendor_01,2.018691796973501,2.0568355677508046,smooth5_all,9,134,0.04,REAL,3
vendor_03,1.5625124951747638,1.8763622401354363,smooth20_top50,9,134,0.025,REAL,4
vendor_08,0.6127859491435885,1.1367352746648438,smooth20_top25,9,134,0.0,fake,5
vendor_04,0.9554211320544082,0.9899430834040732,smooth1_top50,9,134,0.01,REAL,6
vendor_10,0.3007975243883607,0.7731935962850203,smooth5_top50,9,134,0.0,fake,7
vendor_06,-0.21518419436769903,0.7723624087324419,smooth20_all,9,134,0.0,fake,8
vendor_09,0.4152209788608709,0.43133518293790535,smooth1_top25,9,134,0.0,fake,9
vendor_07,0.030230953471873007,0.4219933617021917,smooth5_all,9,134,0.0,fake,10
vendor_11,0.23779893628037752,0.3085989396479543,smooth1_top50,9,134,0.0,fake,11
vendor_05,-0.9739803079109962,-0.1572245649268738,smooth20_top25,9,134,0.0,fake,12
vendor_01,2.5758432363033457,2.599658419925722,smooth1_top50,9,135,0.04,REAL,1
vendor_00,2.365882017500219,2.365882017500219,smooth1_all,9,135,0.05,REAL,2
vendor_03,0.7787673904988139,1.2040578654163026,smooth5_top50,9,135,0.025,REAL,3
vendor_02,0.8395707822669635,0.9339401497174412,smooth20_all,9,135,0.03,REAL,4
vendor_07,0.8489557189566658,0.8489557189566658,smooth1_all,9,135,0.0,fake,5
vendor_05,0.5858447719041642,0.8406376583717842,smooth5_all,9,135,0.0,fake,6
vendor_06,0.5850780330045345,0.6551899787100897,smooth1_top25,9,135,0.0,fake,7
vendor_04,-0.10279704347837293,0.2763492029236085,smooth20_top25,9,135,0.01,REAL,8
vendor_11,0.10998386008623284,0.12317889018896884,smooth1_top50,9,135,0.0,fake,9
vendor_08,-0.009141406453707767,0.027710641245439566,smooth20_all,9,135,0.0,fake,10
vendor_09,-0.09794417171125852,-0.026384969242029547,smooth1_top50,9,135,0.0,fake,11
vendor_10,-0.6061940184882986,-0.6023976580864846,smooth1_top50,9,135,0.0,fake,12
vendor_03,1.5064540928044015,1.865975247179405,smooth20_top50,9,136,0.025,REAL,1
vendor_00,1.7169179493423081,1.778952764834466,smooth20_all,9,136,0.05,REAL,2
vendor_01,1.7169179493423083,1.7789527648344656,smooth20_all,9,136,0.04,REAL,3
vendor_02,1.2460642817294403,1.592623972050023,smooth20_top25,9,136,0.03,REAL,4
vendor_05,0.6035576600225818,0.8259061110414924,smooth5_top50,9,136,0.0,fake,5
vendor_09,0.14757222503652534,0.6221462989923715,smooth5_top50,9,136,0.0,fake,6
vendor_04,0.052990506850113306,0.4535650270505593,smooth20_top25,9,136,0.01,REAL,7
vendor_07,0.21773768077474895,0.21773768077474895,smooth1_all,9,136,0.0,fake,8
vendor_08,0.0626516196834643,0.1547173895044579,smooth1_top50,9,136,0.0,fake,9
vendor_06,-0.3096812898510347,0.11816876096475462,smooth5_all,9,136,0.0,fake,10
vendor_10,-0.039476934746751235,-0.039476934746751235,smooth1_all,9,136,0.0,fake,11
vendor_11,-0.5201283402693516,-0.2203536943500932,smooth20_top25,9,136,0.0,fake,12
vendor_10,0.1010186731118904,1.2287375339587792,smooth5_top25,9,137,0.0,fake,1
vendor_03,1.2025246686625042,1.2025246686625042,smooth1_all,9,137,0.025,REAL,2
vendor_01,1.0608676436796076,1.0608676436796076,smooth1_all,9,137,0.04,REAL,3
vendor_00,1.0608676436796076,1.0608676436796076,smooth1_all,9,137,0.05,REAL,4
vendor_02,1.0608676436796076,1.0608676436796076,smooth1_all,9,137,0.03,REAL,5
vendor_11,0.5294863393492474,0.5871523268222633,smooth20_top25,9,137,0.0,fake,6
vendor_04,0.35794406519867566,0.5656489970251467,smooth5_top50,9,137,0.01,REAL,7
vendor_08,-0.012516612138571264,0.5251594391202598,smooth5_top50,9,137,0.0,fake,8
vendor_05,0.1761111456207678,0.4484822875299182,smooth5_all,9,137,0.0,fake,9
vendor_06,0.39758297153179345,0.4401582672644695,smooth1_top25,9,137,0.0,fake,10
vendor_09,0.21236664748510575,0.24596115516644754,smooth1_top25,9,137,0.0,fake,11
vendor_07,-0.2567094097180235,0.19689364578726418,smooth20_top25,9,137,0.0,fake,12
vendor_04,1.530858480646983,1.562041360358515,smooth1_top25,9,138,0.01,REAL,1
vendor_00,1.4124675250680558,1.4254243699848455,smooth1_top50,9,138,0.05,REAL,2
vendor_01,1.4124675250680558,1.4254243699848455,smooth1_top50,9,138,0.04,REAL,3
vendor_02,1.2871766465705892,1.2871766465705892,smooth1_all,9,138,0.03,REAL,4
vendor_03,1.1811471854400069,1.1811471854400069,smooth1_all,9,138,0.025,REAL,5
vendor_06,0.6031440153277359,0.648548987231877,smooth1_top25,9,138,0.0,fake,6
vendor_05,0.4636723174446772,0.5035688606685735,smooth1_top50,9,138,0.0,fake,7
vendor_11,0.3184053127070847,0.3786301830213626,smooth1_top50,9,138,0.0,fake,8
vendor_07,0.24508012351117775,0.24508012351117775,smooth1_all,9,138,0.0,fake,9
vendor_08,-0.4549743124850837,-0.09220549368824081,smooth5_top50,9,138,0.0,fake,10
vendor_09,-0.284092915870166,-0.24976715908561337,smooth1_top50,9,138,0.0,fake,11
vendor_10,-0.32349937587140426,-0.32349937587140426,smooth1_all,9,138,0.0,fake,12
vendor_01,2.4092338528150337,2.688122295227245,smooth5_top25,9,139,0.04,REAL,1
vendor_00,2.399244658253938,2.5042233751815344,smooth1_top25,9,139,0.05,REAL,2
vendor_02,1.5270578672838788,1.570869012858392,smooth1_top50,9,139,0.03,REAL,3
vendor_03,0.9495809248113334,1.3069238653872695,smooth20_top25,9,139,0.025,REAL,4
vendor_09,0.8917171886470449,0.987946256218895,smooth1_top50,9,139,0.0,fake,5
vendor_10,0.03280565971648906,0.9021827119800815,smooth5_top25,9,139,0.0,fake,6
vendor_04,0.7618643216313884,0.8148405283571134,smooth5_top25,9,139,0.01,REAL,7
vendor_08,0.1731428189691575,0.3536597413808587,smooth5_top25,9,139,0.0,fake,8
vendor_07,0.3337098112857921,0.3337098112857921,smooth1_all,9,139,0.0,fake,9
vendor_05,0.22978414189265317,0.22978414189265317,smooth1_all,9,139,0.0,fake,10
vendor_11,-0.03376658413287576,0.01313992626786691,smooth1_top25,9,139,0.0,fake,11
vendor_06,-0.45960683147816356,-0.12475614734194616,smooth20_top25,9,139,0.0,fake,12
vendor_00,1.9700698053300687,2.105242832564952,smooth5_top25,9,140,0.05,REAL,1
vendor_01,1.92663038244709,1.92663038244709,smooth1_all,9,140,0.04,REAL,2
vendor_02,1.4698389168079238,1.5524806114807093,smooth5_all,9,140,0.03,REAL,3
vendor_03,1.0550162459893435,1.3766898710029556,smooth5_top25,9,140,0.025,REAL,4
vendor_09,0.6681212768136902,0.6681212768136902,smooth1_all,9,140,0.0,fake,5
vendor_10,-0.11543339037442242,0.4599978499063474,smooth5_top25,9,140,0.0,fake,6
vendor_11,0.3029021989659729,0.42475026914248804,smooth5_top25,9,140,0.0,fake,7
vendor_04,0.3027427981348897,0.365361671206295,smooth1_top25,9,140,0.01,REAL,8
vendor_05,0.059931638123411214,0.11499659230687453,smooth5_top50,9,140,0.0,fake,9
vendor_06,-0.7977793571006534,-0.03867086055010045,smooth5_all,9,140,0.0,fake,10
vendor_07,-0.15868763044224554,-0.05398763052400227,smooth5_top25,9,140,0.0,fake,11
vendor_08,-0.7341051358367824,-0.14142954725848472,smooth20_top50,9,140,0.0,fake,12
vendor_00,1.6744299787555639,1.6914391188323663,smooth1_top50,9,141,0.05,REAL,1
vendor_01,1.6744299787555639,1.6914391188323663,smooth1_top50,9,141,0.04,REAL,2
vendor_02,1.4535518196400246,1.5001974445754183,smooth5_all,9,141,0.03,REAL,3
vendor_03,0.42504343326651467,1.086888803348902,smooth5_all,9,141,0.025,REAL,4
vendor_08,0.8095444286629679,0.8725726376322026,smooth1_top50,9,141,0.0,fake,5
vendor_07,0.8059983552898236,0.8342320138893841,smooth1_top25,9,141,0.0,fake,6
vendor_05,0.19037662891211135,0.35350234543723563,smooth20_top50,9,141,0.0,fake,7
vendor_04,-0.14468478336980084,0.26079717089704507,smooth5_top50,9,141,0.01,REAL,8
vendor_06,-0.2791917335618704,0.1316708308859957,smooth5_top25,9,141,0.0,fake,9
vendor_10,-0.2157879671932746,0.08300750013382599,smooth5_top25,9,141,0.0,fake,10
vendor_11,-0.3273969234356277,-0.00435771890963491,smooth20_top25,9,141,0.0,fake,11
vendor_09,-0.4279264786453204,-0.04500705941449202,smooth20_top50,9,141,0.0,fake,12
vendor_00,1.0871677066955137,1.1498340899872064,smooth5_all,9,142,0.05,REAL,1
vendor_03,1.0871677066955137,1.1498340899872064,smooth5_all,9,142,0.025,REAL,2
vendor_01,1.0871677066955137,1.149834089987206,smooth5_all,9,142,0.04,REAL,3
vendor_02,1.0871677066955137,1.149834089987206,smooth5_all,9,142,0.03,REAL,4
vendor_08,0.7930065437139333,0.859714607943892,smooth1_top25,9,142,0.0,fake,5
vendor_04,0.20117555512055826,0.7897600658281119,smooth5_all,9,142,0.01,REAL,6
vendor_05,0.39495809482038136,0.6120605185943905,smooth5_top50,9,142,0.0,fake,7
vendor_10,0.24382759254833633,0.24382759254833633,smooth1_all,9,142,0.0,fake,8
vendor_11,0.06457283011818177,0.1695508511120509,smooth1_top25,9,142,0.0,fake,9
vendor_09,-0.207585806447286,0.06705343771848014,smooth5_top25,9,142,0.0,fake,10
vendor_06,-0.018320990821698312,-0.017061224531887013,smooth1_top50,9,142,0.0,fake,11
vendor_07,-0.5917070187006883,-0.5835567922386997,smooth20_all,9,142,0.0,fake,12
vendor_02,1.5668126048424733,1.6056758319203739,smooth1_top25,9,143,0.03,REAL,1
vendor_00,1.497817922816037,1.5500043599411686,smooth1_top50,9,143,0.05,REAL,2
vendor_01,1.497817922816037,1.5500043599411686,smooth1_top50,9,143,0.04,REAL,3
vendor_03,1.1951192397501074,1.4820100661174438,smooth5_top25,9,143,0.025,REAL,4
vendor_11,0.5684761636899088,0.6111053221801206,smooth1_top50,9,143,0.0,fake,5
vendor_04,0.46193547234149185,0.5149428542036432,smooth1_top50,9,143,0.01,REAL,6
vendor_07,0.15540015771952972,0.3320221437409529,smooth20_top25,9,143,0.0,fake,7
vendor_05,0.19850951659054303,0.2113964670949901,smooth1_top50,9,143,0.0,fake,8
vendor_09,0.0031590247914068535,0.04557327234766114,smooth5_top25,9,143,0.0,fake,9
vendor_10,-0.1572807665140475,-0.08942554789858308,smooth1_top50,9,143,0.0,fake,10
vendor_08,-0.2803037303800855,-0.23490366537752097,smooth1_top25,9,143,0.0,fake,11
vendor_06,-0.2583202297716991,-0.2395200355223131,smooth1_top50,9,143,0.0,fake,12
vendor_00,0.9814687796096333,1.198611555668088,smooth20_top50,9,144,0.05,REAL,1
vendor_01,0.9814687796096334,1.198611555668088,smooth20_top50,9,144,0.04,REAL,2
vendor_02,0.9814687796096334,1.198611555668088,smooth20_top50,9,144,0.03,REAL,3
vendor_03,0.9814687796096333,1.198611555668088,smooth20_top50,9,144,0.025,REAL,4
vendor_04,0.6851332190207768,0.8355145572881498,smooth20_all,9,144,0.01,REAL,5
vendor_09,0.6453779307904275,0.7362505308124305,smooth5_top25,9,144,0.0,fake,6
vendor_06,-0.04063670906310941,0.6820146338078497,smooth5_top25,9,144,0.0,fake,7
vendor_07,0.23351052924243404,0.337996356884994,smooth20_all,9,144,0.0,fake,8
vendor_08,0.032919337868400254,0.23388250592397603,smooth5_all,9,144,0.0,fake,9
vendor_10,-0.6282799761189757,0.11403484848129693,smooth5_top50,9,144,0.0,fake,10
vendor_05,-0.07421327987787683,-0.07381989639505364,smooth1_top50,9,144,0.0,fake,11
vendor_11,-0.33340154098380576,-0.10265857378117685,smooth20_top50,9,144,0.0,fake,12
vendor_02,1.580020150274193,1.7076293089018713,smooth1_top25,9,145,0.03,REAL,1
vendor_00,1.5288463543832536,1.622559320578763,smooth20_top50,9,145,0.05,REAL,2
vendor_01,1.5288463543832533,1.622559320578763,smooth20_top50,9,145,0.04,REAL,3
vendor_03,0.799364774771653,1.3369686525867965,smooth20_top50,9,145,0.025,REAL,4
vendor_04,0.5752740897233433,1.012335101516914,smooth20_top25,9,145,0.01,REAL,5
vendor_06,0.14167757987125223,0.7070131990894303,smooth20_all,9,145,0.0,fake,6
vendor_08,0.5600847577128862,0.6053003350544078,smooth1_top25,9,145,0.0,fake,7
vendor_09,0.38545641889291526,0.5470187386855289,smooth5_all,9,145,0.0,fake,8
vendor_10,0.3538226240850616,0.48953469933324884,smooth20_all,9,145,0.0,fake,9
vendor_05,-0.40898001952794216,0.34600824208119635,smooth5_top25,9,145,0.0,fake,10
vendor_11,0.22355601764440075,0.31137696894038963,smooth5_all,9,145,0.0,fake,11
vendor_07,-0.5255495276123531,-0.3391789916649968,smooth20_top25,9,145,0.0,fake,12
vendor_00,1.7345552354869118,1.7547267219904072,smooth1_top25,9,146,0.05,REAL,1
vendor_01,1.7345552354869116,1.7547267219904072,smooth1_top25,9,146,0.04,REAL,2
vendor_02,1.3611619350614534,1.3611619350614534,smooth1_all,9,146,0.03,REAL,3
vendor_03,1.217588808106648,1.2986912317031358,smooth1_top25,9,146,0.025,REAL,4
vendor_09,-0.1742058145333635,0.7840097148832734,smooth20_all,9,146,0.0,fake,5
vendor_07,0.13373220573346253,0.6882176974545152,smooth5_top25,9,146,0.0,fake,6
vendor_04,0.6257677840785806,0.6450684834062408,smooth1_top50,9,146,0.01,REAL,7
vendor_11,0.2650934930915493,0.4689645922308888,smooth5_top25,9,146,0.0,fake,8
vendor_06,-0.5031649116664291,0.4567449418890924,smooth20_all,9,146,0.0,fake,9
vendor_05,-0.673810107975225,0.23044278039881075,smooth20_all,9,146,0.0,fake,10
vendor_10,-0.4068535921485058,0.13372664004021806,smooth5_top50,9,146,0.0,fake,11
vendor_08,-0.7672490408137642,-0.2287461785559236,smooth5_top25,9,146,0.0,fake,12
vendor_01,2.0579332533774677,2.0579332533774677,smooth1_all,9,147,0.04,REAL,1
vendor_00,1.9992755424998068,2.0312005888614357,smooth1_top50,9,147,0.05,REAL,2
vendor_03,1.4962120895468831,1.6918321990182994,smooth5_all,9,147,0.025,REAL,3
vendor_02,1.6174789405486,1.6626855034132904,smooth1_top50,9,147,0.03,REAL,4
vendor_08,0.3489570961223705,0.8313419152417891,smooth20_top25,9,147,0.0,fake,5
vendor_09,0.18491472171907183,0.5397071395269507,smooth20_top25,9,147,0.0,fake,6
vendor_11,0.392149851377331,0.5006133836109883,smooth1_top50,9,147,0.0,fake,7
vendor_07,0.3513690571767446,0.4630439762913632,smooth1_top25,9,147,0.0,fake,8
vendor_04,-0.16703630850507753,0.3298536817854592,smooth5_all,9,147,0.01,REAL,9
vendor_05,-0.3386696342695744,0.3246739618153832,smooth20_top25,9,147,0.0,fake,10
vendor_10,0.0902224329949311,0.10927006275501609,smooth1_top50,9,147,0.0,fake,11
vendor_06,-0.17158238778099935,0.10095189885713658,smooth5_top25,9,147,0.0,fake,12
vendor_00,2.213131419354819,2.213131419354819,smooth1_all,9,148,0.05,REAL,1
vendor_01,1.940211843403102,2.047813386106252,smooth5_all,9,148,0.04,REAL,2
vendor_02,1.1547369458426004,1.5526023839476486,smooth5_all,9,148,0.03,REAL,3
vendor_03,0.8170792704939802,1.5162853147831103,smooth5_top50,9,148,0.025,REAL,4
vendor_04,0.8410933296492646,0.8609851099872694,smooth1_top25,9,148,0.01,REAL,5
vendor_08,0.39660196141101883,0.43227316250894926,smooth1_top25,9,148,0.0,fake,6
vendor_10,0.12228477440229829,0.2516174550542117,smooth1_top25,9,148,0.0,fake,7
vendor_05,-0.06641459090781313,0.06721444079175347,smooth5_all,9,148,0.0,fake,8
vendor_11,-0.5027143068070803,-0.03410200820455439,smooth20_top50,9,148,0.0,fake,9
vendor_07,-0.2798702269549867,-0.10193401588008445,smooth20_top50,9,148,0.0,fake,10
vendor_09,-0.2576563013522555,-0.19139892002579753,smooth1_top25,9,148,0.0,fake,11
vendor_06,-0.6624654775150165,-0.5886413304962774,smooth20_top25,9,148,0.0,fake,12
vendor_00,2.2089238886425937,2.31911061723166,smooth1_top25,9,149,0.05,REAL,1
vendor_01,1.9993827923225467,2.1983446925058105,smooth5_top25,9,149,0.04,REAL,2
vendor_03,1.3007487077967064,1.761405814482687,smooth5_all,9,149,0.025,REAL,3
vendor_02,1.4027291313967785,1.4481342166606463,smooth1_top25,9,149,0.03,REAL,4
vendor_09,-0.4210793010779276,0.7530965922389725,smooth20_all,9,149,0.0,fake,5
vendor_10,0.03103659297487211,0.6199014175555404,smooth20_top25,9,149,0.0,fake,6
vendor_11,0.538170827513849,0.5398875178895055,smooth1_top50,9,149,0.0,fake,7
vendor_04,0.28153517913355214,0.3750135848259464,smooth1_top25,9,149,0.01,REAL,8
vendor_07,-0.13603487514759705,0.24399684649068182,smooth20_all,9,149,0.0,fake,9
vendor_06,0.11849930580813389,0.19430431193504694,smooth1_top25,9,149,0.0,fake,10
vendor_08,-0.09824735738671105,0.14185408520118614,smooth5_top50,9,149,0.0,fake,11
vendor_05,-0.32296023272339747,-0.07425307953415153,smooth20_all,9,149,0.0,fake,12
vendor_02,1.7709131345121318,2.0126404654499392,smooth5_top25,9,150,0.03,REAL,1
vendor_01,1.6888392791368458,1.96326077460411,smooth5_all,9,150,0.04,REAL,2
vendor_00,1.6888392791368458,1.9632607746041097,smooth5_all,9,150,0.05,REAL,3
vendor_03,1.1546588354520901,1.9382420118794381,smooth5_top50,9,150,0.025,REAL,4
vendor_04,0.7081602586437596,1.0347696285071568,smooth5_top50,9,150,0.01,REAL,5
vendor_09,0.6747079603553829,0.6747079603553829,smooth1_all,9,150,0.0,fake,6
vendor_06,0.06805039384182104,0.43130228532342785,smooth5_top50,9,150,0.0,fake,7
vendor_05,0.007911047282791314,0.15554638865377346,smooth5_top25,9,150,0.0,fake,8
vendor_11,-0.021882123279026153,-0.021882123279026153,smooth1_all,9,150,0.0,fake,9
vendor_07,-0.3295521226657327,-0.12917436712527983,smooth20_all,9,150,0.0,fake,10
vendor_08,-0.8769257576534896,-0.7901684495973431,smooth20_top25,9,150,0.0,fake,11
vendor_10,-0.8430697041467158,-0.822816830881396,smooth1_top50,9,150,0.0,fake,12
vendor_00,2.156785725097071,2.156785725097071,smooth1_all,9,151,0.05,REAL,1
vendor_02,1.9928624228447496,1.9928624228447496,smooth1_all,9,151,0.03,REAL,2
vendor_01,1.823849952813929,1.823849952813929,smooth1_all,9,151,0.04,REAL,3
vendor_03,1.2429255339150074,1.2429255339150074,smooth1_all,9,151,0.025,REAL,4
vendor_04,0.17153360264236245,0.9164817116747863,smooth20_top25,9,151,0.01,REAL,5
vendor_08,-0.16398587091225034,0.6247165991646813,smooth20_top25,9,151,0.0,fake,6
vendor_07,0.3242545640793345,0.3242545640793345,smooth1_all,9,151,0.0,fake,7
vendor_05,0.07964018352480905,0.27384656024615023,smooth5_top25,9,151,0.0,fake,8
vendor_11,0.1889531154266339,0.21581586043248993,smooth1_top50,9,151,0.0,fake,9
vendor_09,0.21226786762499128,0.21226786762499128,smooth1_all,9,151,0.0,fake,10
vendor_10,-0.06144912507878693,0.1213723961768754,smooth20_all,9,151,0.0,fake,11
vendor_06,-0.19428810554679724,-0.10454999384388323,smooth5_all,9,151,0.0,fake,12
vendor_00,1.2700930578881253,1.2700930578881253,smooth1_all,9,152,0.05,REAL,1
vendor_02,1.2700930578881253,1.2700930578881253,smooth1_all,9,152,0.03,REAL,2
vendor_01,1.270093057888125,1.270093057888125,smooth1_all,9,152,0.04,REAL,3
vendor_11,0.9149906662632852,1.1294611776454229,smooth5_all,9,152,0.0,fake,4
vendor_03,0.7950835231784164,1.0932147349304688,smooth5_top50,9,152,0.025,REAL,5
vendor_04,0.7894488066398778,0.7894488066398778,smooth1_all,9,152,0.01,REAL,6
vendor_09,0.3430673236493315,0.5062067925148886,smooth1_top25,9,152,0.0,fake,7
vendor_07,0.20288456007955097,0.43323047663867076,smooth5_top50,9,152,0.0,fake,8
vendor_05,0.4122556566776711,0.4122556566776711,smooth1_all,9,152,0.0,fake,9
vendor_06,0.13500529435745207,0.14322474715302047,smooth1_top50,9,152,0.0,fake,10
vendor_08,-0.4559348518923773,-0.009786657030062486,smooth20_all,9,152,0.0,fake,11
vendor_10,-0.4438610613259522,-0.3204622281498456,smooth20_all,9,152,0.0,fake,12
vendor_00,1.5779798905046436,1.6654598836345968,smooth1_top25,9,153,0.05,REAL,1
vendor_01,1.5779798905046427,1.6654598836345968,smooth1_top25,9,153,0.04,REAL,2
vendor_02,1.3175931318884142,1.3999888644554555,smooth5_top50,9,153,0.03,REAL,3
vendor_03,1.1314333483714418,1.1719011862031656,smooth1_top25,9,153,0.025,REAL,4
vendor_09,0.515180421649561,0.537317616014849,smooth1_top25,9,153,0.0,fake,5
vendor_06,0.04056344526334842,0.5346827969401496,smooth5_top50,9,153,0.0,fake,6
vendor_11,0.42994557913525133,0.5238520387930725,smooth5_all,9,153,0.0,fake,7
vendor_04,0.46392340638507695,0.5058545325315339,smooth1_top50,9,153,0.01,REAL,8
vendor_05,0.30406169669429806,0.30406169669429806,smooth1_all,9,153,0.0,fake,9
vendor_07,-0.12099061543022689,0.2714652931060873,smooth20_all,9,153,0.0,fake,10
vendor_10,0.0027111245001704017,0.06314536312307288,smooth20_all,9,153,0.0,fake,11
vendor_08,-0.5816889776334667,-0.05490058517140628,smooth20_top25,9,153,0.0,fake,12
vendor_00,2.319667477572063,2.3327621988380347,smooth1_top25,9,154,0.05,REAL,1
vendor_01,2.1008136764467795,2.1550727429982404,smooth1_top50,9,154,0.04,REAL,2
vendor_02,1.3200077872262532,1.5337777167997133,smooth5_top50,9,154,0.03,REAL,3
vendor_03,1.0702242658729806,1.1153299963085865,smooth1_top25,9,154,0.025,REAL,4
vendor_04,-0.03967125059543294,0.8822426947628419,smooth20_top50,9,154,0.01,REAL,5
vendor_10,0.18801630816758416,0.812175504383531,smooth20_top50,9,154,0.0,fake,6
vendor_09,0.11397198900748405,0.5633161531623709,smooth5_top50,9,154,0.0,fake,7
vendor_11,0.2628539497752056,0.44731995620338244,smooth20_top50,9,154,0.0,fake,8
vendor_08,0.05687524538530374,0.3938730704064453,smooth5_top25,9,154,0.0,fake,9
vendor_05,-0.2930782547159303,0.20952832700838406,smooth20_top25,9,154,0.0,fake,10
vendor_07,0.1451985040955492,0.18374280654478306,smooth1_top50,9,154,0.0,fake,11
vendor_06,-0.5100651789685371,-0.34134150590776857,smooth5_top25,9,154,0.0,fake,12
vendor_01,2.460203596414781,2.460203596414781,smooth1_all,9,155,0.04,REAL,1
vendor_00,2.2165622917791072,2.2777230385615743,smooth1_top25,9,155,0.05,REAL,2
vendor_02,1.480797730529179,1.9628060205300224,smooth5_top50,9,155,0.03,REAL,3
vendor_03,1.4990684236183187,1.5564151593992976,smooth1_top25,9,155,0.025,REAL,4
vendor_04,1.1399646018039655,1.2699986071425626,smooth5_top50,9,155,0.01,REAL,5
vendor_06,0.4335347926742317,0.49365024459852225,smooth1_top25,9,155,0.0,fake,6
vendor_05,0.3527737610312443,0.46775566662255175,smooth1_top25,9,155,0.0,fake,7
vendor_09,-0.36664784169688636,0.4168409172824044,smooth20_all,9,155,0.0,fake,8
vendor_10,0.40983728076501946,0.40983728076501946,smooth1_all,9,155,0.0,fake,9
vendor_08,-0.28557603493709255,0.3760762927309725,smooth20_top25,9,155,0.0,fake,10
vendor_07,0.1655285966111525,0.370682326253425,smooth5_top25,9,155,0.0,fake,11
vendor_11,-0.20266508933482447,0.2947904898404729,smooth5_top25,9,155,0.0,fake,12
vendor_00,1.602470931291772,2.0038762315525065,smooth5_top25,9,156,0.05,REAL,1
vendor_01,1.6024709312917722,2.0038762315525065,smooth5_top25,9,156,0.04,REAL,2
vendor_02,1.385611897792251,1.826674724625513,smooth5_top50,9,156,0.03,REAL,3
vendor_03,1.2044984649044,1.6050295953298686,smooth5_top50,9,156,0.025,REAL,4
vendor_11,0.1395700981694401,1.2699998481792032,smooth20_top50,9,156,0.0,fake,5
vendor_04,0.5468052014172717,0.6497151092775585,smooth20_top25,9,156,0.01,REAL,6
vendor_06,-0.03890476536352137,0.23583311909417526,smooth5_all,9,156,0.0,fake,7
vendor_07,0.0743049183899209,0.1336872665690098,smooth20_top25,9,156,0.0,fake,8
vendor_08,-0.7338984198199491,-0.015482875469685957,smooth5_top50,9,156,0.0,fake,9
vendor_09,-0.10161647210526131,-0.10161647210526131,smooth1_all,9,156,0.0,fake,10
vendor_10,-0.6369058048254058,-0.10506571320067032,smooth20_top50,9,156,0.0,fake,11
vendor_05,-0.9781405561135292,-0.790404905111774,smooth20_all,9,156,0.0,fake,12
vendor_00,2.1012608406709745,2.1012608406709745,smooth1_all,9,157,0.05,REAL,1
vendor_02,1.8218941425492614,1.903427752901761,smooth1_top25,9,157,0.03,REAL,2
vendor_01,1.6780021480979412,1.715158840754844,smooth1_top50,9,157,0.04,REAL,3
vendor_03,1.1735782746450392,1.1735782746450392,smooth1_all,9,157,0.025,REAL,4
vendor_09,0.32230817539020623,1.0415202591744628,smooth20_top25,9,157,0.0,fake,5
vendor_04,0.6824443245432332,0.6824443245432332,smooth1_all,9,157,0.01,REAL,6
vendor_05,0.3583934680491513,0.44601552629550195,smooth1_top25,9,157,0.0,fake,7
vendor_08,-0.8598066907996315,0.4105923460268256,smooth20_all,9,157,0.0,fake,8
vendor_07,0.1642144487227771,0.33538605575107083,smooth5_all,9,157,0.0,fake,9
vendor_10,0.2994937734572802,0.315044571965601,smooth1_top50,9,157,0.0,fake,10
vendor_11,-0.5563506695894647,0.13252160015205283,smooth20_top25,9,157,0.0,fake,11
vendor_06,-0.5787291211278902,-0.3550742872405113,smooth20_all,9,157,0.0,fake,12
vendor_01,2.5451843065139363,3.0759064264239586,smooth5_top25,9,158,0.04,REAL,1
vendor_00,2.5685870162349103,2.585187619119326,smooth1_top25,9,158,0.05,REAL,2
vendor_03,0.9711237021320197,1.9440993280056647,smooth20_top50,9,158,0.025,REAL,3
vendor_02,1.1840226008236687,1.5303672897494915,smooth5_all,9,158,0.03,REAL,4
vendor_04,0.0766282143248339,0.6330451221879121,smooth20_top25,9,158,0.01,REAL,5
vendor_11,0.2638235365059506,0.2638235365059506,smooth1_all,9,158,0.0,fake,6
vendor_09,-0.4357310580102641,0.21293863978998717,smooth20_top25,9,158,0.0,fake,7
vendor_05,0.11370978782411699,0.20598609668685952,smooth1_top25,9,158,0.0,fake,8
vendor_07,0.024793296054797024,0.04929457567111959,smooth1_top50,9,158,0.0,fake,9
vendor_08,-0.31652709232161985,0.007725238060171018,smooth5_top50,9,158,0.0,fake,10
vendor_06,-0.186855262358782,-0.00024563581146796825,smooth20_top50,9,158,0.0,fake,11
vendor_10,-0.5082649843183688,-0.3461199672549678,smooth20_top25,9,158,0.0,fake,12
vendor_02,1.6706959348277304,1.6706959348277304,smooth1_all,9,159,0.03,REAL,1
vendor_00,1.4267431188179658,1.5138968862336697,smooth5_top25,9,159,0.05,REAL,2
vendor_01,1.4267431188179658,1.5138968862336697,smooth5_top25,9,159,0.04,REAL,3
vendor_03,1.1092148319363937,1.3937231713834783,smooth5_top25,9,159,0.025,REAL,4
vendor_04,0.4184777861805964,0.8736946904569143,smooth5_all,9,159,0.01,REAL,5
vendor_05,0.4513305501383748,0.5392825905845976,smooth20_top25,9,159,0.0,fake,6
vendor_08,0.15513203076485543,0.4541426165737228,smooth5_top50,9,159,0.0,fake,7
vendor_09,0.3854192372541853,0.39780142026275006,smooth1_top50,9,159,0.0,fake,8
vendor_06,0.24244508982656568,0.36464123226190387,smooth5_top25,9,159,0.0,fake,9
vendor_11,-0.24171611697166345,0.22144837140255555,smooth20_top25,9,159,0.0,fake,10
vendor_07,-0.24271652974967942,-0.10192835178445177,smooth5_all,9,159,0.0,fake,11
vendor_10,-0.31020733071902645,-0.1092358037238821,smooth20_top25,9,159,0.0,fake,12
vendor_01,1.9759948530632694,1.9759948530632694,smooth1_all,9,160,0.04,REAL,1
vendor_03,1.8424371841260458,1.8424371841260458,smooth1_all,9,160,0.025,REAL,2
vendor_00,1.817344626429823,1.817344626429823,smooth1_all,9,160,0.05,REAL,3
vendor_06,0.43921646705895917,1.6050282025124472,smooth5_all,9,160,0.0,fake,4
vendor_02,1.2627226482250284,1.2974449007730495,smooth1_top50,9,160,0.03,REAL,5
vendor_09,0.38708663096940177,0.5191449921050371,smooth1_top25,9,160,0.0,fake,6
vendor_11,-0.15845661802626612,0.4970306436039114,smooth20_all,9,160,0.0,fake,7
vendor_04,-0.07766197853444397,0.49468007741310577,smooth5_top50,9,160,0.01,REAL,8
vendor_10,0.05326256986171523,0.2723805332542721,smooth20_top50,9,160,0.0,fake,9
vendor_08,0.18326040389359818,0.20609322119928916,smooth1_top25,9,160,0.0,fake,10
vendor_05,0.010892679625965514,0.07905575992951383,smooth1_top50,9,160,0.0,fake,11
vendor_07,-0.489521115864206,0.0030445120544543678,smooth5_top50,9,160,0.0,fake,12
vendor_02,1.6794922527625034,1.7288621219035636,smooth1_top25,9,161,0.03,REAL,1
vendor_00,1.5890752039566107,1.6264023393247125,smooth1_top25,9,161,0.05,REAL,2
vendor_01,1.5890752039566107,1.6264023393247125,smooth1_top25,9,161,0.04,REAL,3
vendor_03,1.490687946733243,1.536309929457028,smooth1_top50,9,161,0.025,REAL,4
vendor_04,0.8546161976596623,1.0738949926585606,smooth5_top50,9,161,0.01,REAL,5
vendor_06,0.24902565184712394,0.4526890186774329,smooth20_top25,9,161,0.0,fake,6
vendor_11,-0.3467586485740399,0.4068498794392949,smooth20_top25,9,161,0.0,fake,7
vendor_05,0.22924489089756075,0.3143080862306625,smooth1_top25,9,161,0.0,fake,8
vendor_09,0.2118906119213878,0.23550696955038036,smooth1_top25,9,161,0.0,fake,9
vendor_10,-0.2268349439943566,0.04356496792896211,smooth20_top25,9,161,0.0,fake,10
vendor_07,-0.5467969760508083,-0.41690941707072715,smooth20_all,9,161,0.0,fake,11
vendor_08,-0.9321258307722738,-0.8954730267792411,smooth5_all,9,161,0.0,fake,12
vendor_02,1.6530485086699613,1.6748645906515833,smooth1_top50,9,162,0.03,REAL,1
vendor_03,1.033265098719878,1.5944349825420652,smooth5_top25,9,162,0.025,REAL,2
vendor_01,1.540466740032426,1.540466740032426,smooth1_all,9,162,0.04,REAL,3
vendor_00,1.540466740032426,1.540466740032426,smooth1_all,9,162,0.05,REAL,4
vendor_08,0.383515924592611,0.7239417119206323,smooth5_all,9,162,0.0,fake,5
vendor_06,0.6169746699228758,0.6814818979279321,smooth1_top25,9,162,0.0,fake,6
vendor_10,0.3292265996782849,0.47855214418170094,smooth20_top50,9,162,0.0,fake,7
vendor_11,-0.3353344288690588,0.3607820779679213,smooth5_top25,9,162,0.0,fake,8
vendor_05,-0.23476418740543575,0.2308303215048743,smooth20_all,9,162,0.0,fake,9
vendor_04,-0.15115952922406767,0.12120536153813391,smooth20_top50,9,162,0.01,REAL,10
vendor_09,-0.8629578143069473,-0.09069232400268706,smooth20_top50,9,162,0.0,fake,11
vendor_07,-0.3902597960739645,-0.15397709927878966,smooth5_top25,9,162,0.0,fake,12
vendor_00,1.5381469686236882,1.6240812286235926,smooth1_top25,9,163,0.05,REAL,1
vendor_01,1.5381469686236884,1.6240812286235926,smooth1_top25,9,163,0.04,REAL,2
vendor_02,1.5381469686236884,1.6240812286235926,smooth1_top25,9,163,0.03,REAL,3
vendor_03,1.2844359163899197,1.3131153882632944,smooth5_top50,9,163,0.025,REAL,4
vendor_04,0.36202253256672456,0.678302189366024,smooth5_all,9,163,0.01,REAL,5
vendor_11,0.4816965720944865,0.5147581140990376,smooth1_top25,9,163,0.0,fake,6
vendor_10,0.42594098833312216,0.43605792472469485,smooth1_top25,9,163,0.0,fake,7
vendor_09,0.41817466642150664,0.4194375176573937,smooth20_top25,9,163,0.0,fake,8
vendor_06,0.286640842655827,0.2936486682437333,smooth1_top50,9,163,0.0,fake,9
vendor_07,-0.0035543952811624814,0.1295744825805852,smooth1_top25,9,163,0.0,fake,10
vendor_05,-0.5643194096727133,0.043021524051641426,smooth20_top25,9,163,0.0,fake,11
vendor_08,-0.16833419340558636,-0.11728654558611903,smooth1_top50,9,163,0.0,fake,12
vendor_01,1.875110300497747,1.875110300497747,smooth1_all,9,164,0.04,REAL,1
vendor_00,1.8751103004977467,1.8751103004977467,smooth1_all,9,164,0.05,REAL,2
vendor_03,1.5514695870982556,1.8134136697901242,smooth5_top50,9,164,0.025,REAL,3
vendor_02,1.4952431750813526,1.4963546704383068,smooth5_top25,9,164,0.03,REAL,4
vendor_04,1.082737760652414,1.0835064754937644,smooth1_top50,9,164,0.01,REAL,5
vendor_10,-0.4461078145847485,0.8208829175380904,smooth20_top50,9,164,0.0,fake,6
vendor_07,0.09903004731197644,0.4323249280354893,smooth20_top25,9,164,0.0,fake,7
vendor_11,-0.22355813664792118,0.19506033534574344,smooth20_top50,9,164,0.0,fake,8
vendor_08,-0.3017838085014989,0.18482077806942385,smooth20_all,9,164,0.0,fake,9
vendor_05,-0.12291809623678997,0.1023067429583976,smooth5_top25,9,164,0.0,fake,10
vendor_09,-0.3431790539089527,0.004718910436289126,smooth5_top50,9,164,0.0,fake,11
vendor_06,-0.3177755772136698,-0.2704741349435621,smooth1_top25,9,164,0.0,fake,12
vendor_00,2.3153991325439374,2.3636737892816164,smooth1_top25,9,165,0.05,REAL,1
vendor_01,1.8599546777541982,1.973815444696388,smooth5_top50,9,165,0.04,REAL,2
vendor_02,1.873400845192495,1.873400845192495,smooth1_all,9,165,0.03,REAL,3
vendor_03,1.0763388150754007,1.1038903371746065,smooth1_top25,9,165,0.025,REAL,4
vendor_04,0.046158116997515125,1.1028017293843377,smooth20_top25,9,165,0.01,REAL,5
vendor_06,0.5437542261008951,0.5965249934637321,smooth5_top50,9,165,0.0,fake,6
vendor_08,0.33032452124947487,0.3308375950445866,smooth1_top25,9,165,0.0,fake,7
vendor_11,0.195113407505552,0.2445151358391069,smooth1_top50,9,165,0.0,fake,8
vendor_07,-0.0719878685315639,-0.04536627195865882,smooth1_top50,9,165,0.0,fake,9
vendor_05,-0.732189023166036,-0.1560016512468793,smooth5_all,9,165,0.0,fake,10
vendor_10,-0.5559243439310283,-0.39048114474712825,smooth5_all,9,165,0.0,fake,11
vendor_09,-0.638634861598048,-0.45991337939609095,smooth20_top50,9,165,0.0,fake,12
vendor_00,1.7209976829777862,1.7697657300359382,smooth1_top50,9,166,0.05,REAL,1
vendor_01,1.7209976829777862,1.7697657300359382,smooth1_top50,9,166,0.04,REAL,2
vendor_02,1.520076683263423,1.520076683263423,smooth1_all,9,166,0.03,REAL,3
vendor_03,1.1819447807223664,1.5163011852209087,smooth5_all,9,166,0.025,REAL,4
vendor_04,0.03466021297252458,0.9056016008307851,smooth5_all,9,166,0.01,REAL,5
vendor_08,0.5892808437906981,0.5892808437906981,smooth1_all,9,166,0.0,fake,6
vendor_11,-0.3249563241295097,0.4195659442159275,smooth20_top25,9,166,0.0,fake,7
vendor_07,0.25311126361552605,0.25311126361552605,smooth1_all,9,166,0.0,fake,8
vendor_05,-0.5371488706365534,0.10596353012412688,smooth5_top25,9,166,0.0,fake,9
vendor_09,0.08215078785436497,0.10077366701876922,smooth1_top50,9,166,0.0,fake,10
vendor_10,-0.18288410369534036,-0.06807818510005206,smooth20_top25,9,166,0.0,fake,11
vendor_06,-0.9390384787675025,-0.6225571594331709,smooth5_all,9,166,0.0,fake,12
vendor_00,2.1354617555049815,2.2657427416323497,smooth5_top25,9,167,0.05,REAL,1
vendor_01,1.6463129528043101,1.8970010039692573,smooth5_top25,9,167,0.04,REAL,2
vendor_02,1.551471304253429,1.826490872100253,smooth20_all,9,167,0.03,REAL,3
vendor_03,0.9244377057665295,1.2799608417124266,smooth20_top25,9,167,0.025,REAL,4
vendor_07,0.6237466935780295,0.8633742936276384,smooth20_all,9,167,0.0,fake,5
vendor_04,-0.037262844922572834,0.510654379261742,smooth20_all,9,167,0.01,REAL,6
vendor_06,0.30903293823760786,0.49783404658516733,smooth20_top50,9,167,0.0,fake,7
vendor_09,0.35370813627478825,0.38795209257730373,smooth1_top50,9,167,0.0,fake,8
vendor_10,-0.4662866503478675,0.17667704068870574,smooth20_top25,9,167,0.0,fake,9
vendor_08,-0.7233252420936255,0.11328276983591422,smooth20_all,9,167,0.0,fake,10
vendor_05,-0.16655807909320958,-0.1588026873221775,smooth1_top50,9,167,0.0,fake,11
vendor_11,-0.7406003182775319,-0.20209932753267934,smooth20_top25,9,167,0.0,fake,12
vendor_00,2.1005156804257585,2.1005156804257585,smooth1_all,9,168,0.05,REAL,1
vendor_01,1.9180139652045285,1.9180139652045285,smooth1_all,9,168,0.04,REAL,2
vendor_03,1.031958882129881,1.50844220153531,smooth5_top25,9,168,0.025,REAL,3
vendor_02,0.8714866830166424,1.3179910474472851,smooth20_top50,9,168,0.03,REAL,4
vendor_08,0.42742738356390686,0.6431728507213893,smooth20_top25,9,168,0.0,fake,5
vendor_04,0.40472986888009627,0.6100627246943869,smooth20_all,9,168,0.01,REAL,6
vendor_06,0.28913431330010586,0.4004392514286902,smooth1_top50,9,168,0.0,fake,7
vendor_10,0.3343660234917117,0.39714417235924093,smooth5_top25,9,168,0.0,fake,8
vendor_09,0.18653337281696528,0.36719603737230777,smooth5_top25,9,168,0.0,fake,9
vendor_11,0.3475220416037472,0.3475220416037472,smooth1_all,9,168,0.0,fake,10
vendor_07,0.2515210448398562,0.2515210448398562,smooth1_all,9,168,0.0,fake,11
vendor_05,-0.138189027917627,-0.10779084317557953,smooth1_top50,9,168,0.0,fake,12
vendor_00,1.6027867592775253,1.703889019620543,smooth1_top25,9,169,0.05,REAL,1
vendor_01,1.6027867592775253,1.703889019620543,smooth1_top25,9,169,0.04,REAL,2
vendor_02,1.5597518447288203,1.5597518447288203,smooth1_all,9,169,0.03,REAL,3
vendor_03,1.004073523168834,1.0833606514889451,smooth5_top50,9,169,0.025,REAL,4
vendor_11,1.0046303222640962,1.0593426662685341,smooth5_top50,9,169,0.0,fake,5
vendor_07,0.1566571973184291,0.6839221298947323,smooth20_top25,9,169,0.0,fake,6
vendor_08,0.5601148543082706,0.5851863800461539,smooth1_top25,9,169,0.0,fake,7
vendor_06,0.4657064193925572,0.5013555678095603,smooth1_top25,9,169,0.0,fake,8
vendor_04,-0.4582428337931962,0.3145556179755604,smooth20_all,9,169,0.01,REAL,9
vendor_09,0.21442001005091543,0.24229320572275279,smooth1_top50,9,169,0.0,fake,10
vendor_05,-0.34750396141018,-0.10816282217685394,smooth5_top25,9,169,0.0,fake,11
vendor_10,-0.3410463113598616,-0.31756268330808207,smooth1_top25,9,169,0.0,fake,12
vendor_02,1.6822063119528217,1.8466813520080316,smooth5_all,9,170,0.03,REAL,1
vendor_00,1.8081073078768954,1.8081073078768954,smooth1_all,9,170,0.05,REAL,2
vendor_01,1.8081073078768954,1.8081073078768954,smooth1_all,9,170,0.04,REAL,3
vendor_03,0.9206727731749611,1.206784612032389,smooth5_top50,9,170,0.025,REAL,4
vendor_04,0.7186539861421819,0.7646793542417607,smooth1_top50,9,170,0.01,REAL,5
vendor_06,-0.14598126702033737,0.6578657735707387,smooth20_all,9,170,0.0,fake,6
vendor_09,0.6005791039602401,0.6449483768539307,smooth1_top50,9,170,0.0,fake,7
vendor_05,0.46218257059103096,0.5000483532932012,smooth1_top25,9,170,0.0,fake,8
vendor_08,-0.03391373244943912,0.343040252838693,smooth20_top25,9,170,0.0,fake,9
vendor_07,-0.7265689436958376,0.1889523849447962,smooth20_all,9,170,0.0,fake,10
vendor_11,0.03552130024032992,0.09213816610141655,smooth1_top25,9,170,0.0,fake,11
vendor_10,-0.16481698466688724,-0.05756435646237933,smooth5_top25,9,170,0.0,fake,12
vendor_00,1.7531760139996835,1.7766074132823726,smooth1_top25,9,171,0.05,REAL,1
vendor_01,1.7531760139996835,1.7766074132823726,smooth1_top25,9,171,0.04,REAL,2
vendor_02,1.6119666785643794,1.6435102046044843,smooth1_top25,9,171,0.03,REAL,3
vendor_03,1.3354257332576407,1.4035329639165495,smooth1_top50,9,171,0.025,REAL,4
vendor_07,1.0372205826593182,1.0372205826593182,smooth1_all,9,171,0.0,fake,5
vendor_04,0.6965706250578548,0.7345342563362584,smooth1_top50,9,171,0.01,REAL,6
vendor_05,0.638391824238652,0.6646779290593068,smooth1_top50,9,171,0.0,fake,7
vendor_08,0.4496002719590967,0.5426480579197743,smooth5_top25,9,171,0.0,fake,8
vendor_11,0.05038250467002976,0.07947971336722597,smooth1_top25,9,171,0.0,fake,9
vendor_10,-0.2983109354057508,-0.006126401522890419,smooth5_top50,9,171,0.0,fake,10
vendor_09,-0.09396174363634542,-0.08489112227322383,smooth1_top50,9,171,0.0,fake,11
vendor_06,-0.13978618286646127,-0.09970746516462477,smooth20_top50,9,171,0.0,fake,12
vendor_00,1.8705273860686333,2.087850508444848,smooth5_top25,9,172,0.05,REAL,1
vendor_01,1.870527386068633,2.087850508444848,smooth5_top25,9,172,0.04,REAL,2
vendor_02,1.328253468918612,1.781686368281807,smooth5_top25,9,172,0.03,REAL,3
vendor_03,0.9139849406749913,1.4066419349969332,smooth5_top50,9,172,0.025,REAL,4
vendor_04,0.3830529268516035,0.577417583237091,smooth5_top25,9,172,0.01,REAL,5
vendor_11,-0.7194661010267451,0.3951064702915116,smooth20_all,9,172,0.0,fake,6
vendor_05,0.15678350145201403,0.23185785197758818,smooth1_top50,9,172,0.0,fake,7
vendor_06,-0.35970877688871883,0.18119953855386206,smooth20_top25,9,172,0.0,fake,8
vendor_10,0.11612232430897129,0.1284402242961834,smooth1_top50,9,172,0.0,fake,9
vendor_08,-0.3911726318486775,0.006004490739253997,smooth5_top25,9,172,0.0,fake,10
vendor_09,-0.10796678707649777,0.003166512731788037,smooth1_top25,9,172,0.0,fake,11
vendor_07,-0.5655862039341603,-0.07235156895153856,smooth20_top25,9,172,0.0,fake,12
vendor_03,1.24355264020523,1.4938663289997172,smooth5_top50,9,173,0.025,REAL,1
vendor_00,1.3361790672106928,1.4765510567468818,smooth5_top25,9,173,0.05,REAL,2
vendor_01,1.3361790672106928,1.4765510567468818,smooth5_top25,9,173,0.04,REAL,3
vendor_02,1.336179067210693,1.4765510567468818,smooth5_top25,9,173,0.03,REAL,4
vendor_04,0.5601375513923927,0.9172167000576029,smooth20_all,9,173,0.01,REAL,5
vendor_09,0.5131430414065945,0.6816615695593131,smooth5_top50,9,173,0.0,fake,6
vendor_05,0.6086995313496207,0.6690430096969434,smooth5_all,9,173,0.0,fake,7
vendor_08,0.5858324196392093,0.6116501861926444,smooth1_top50,9,173,0.0,fake,8
vendor_06,0.2686003099941932,0.5163697365315628,smooth5_top25,9,173,0.0,fake,9
vendor_11,-0.16607571101875443,0.41799339453371914,smooth20_top50,9,173,0.0,fake,10
vendor_10,0.09113131922197196,0.10930940266829885,smooth1_top50,9,173,0.0,fake,11
vendor_07,-0.3374451473326338,-0.2759000398286115,smooth5_top25,9,173,0.0,fake,12
vendor_00,2.4232114148331227,2.514545190396147,smooth1_top25,9,174,0.05,REAL,1
vendor_01,2.211267987504534,2.256453913143534,smooth1_top50,9,174,0.04,REAL,2
vendor_02,1.8259088797326304,1.9010477166221027,smooth1_top50,9,174,0.03,REAL,3
vendor_03,1.4208886435357837,1.4762503217897034,smooth1_top25,9,174,0.025,REAL,4
vendor_07,0.17333414264179495,0.9477935810322771,smooth20_top50,9,174,0.0,fake,5
vendor_08,0.6585941069295537,0.7338446572029707,smooth1_top25,9,174,0.0,fake,6
vendor_10,0.026509271431676938,0.43469581271319396,smooth20_all,9,174,0.0,fake,7
vendor_11,-0.10448165157260886,0.23477659496385822,smooth5_top25,9,174,0.0,fake,8
vendor_09,0.07994605718224768,0.1394711528752094,smooth5_top25,9,174,0.0,fake,9
vendor_05,0.007596584358228322,0.1307620126401925,smooth20_top25,9,174,0.0,fake,10
vendor_04,-0.10319125858725033,-0.02771714510107884,smooth1_top25,9,174,0.01,REAL,11
vendor_06,-0.19431491440765922,-0.09348915911890572,smooth5_top25,9,174,0.0,fake,12
vendor_00,1.8736542052942127,1.8736542052942127,smooth1_all,9,175,0.05,REAL,1
vendor_01,1.7766056988149042,1.7766056988149042,smooth1_all,9,175,0.04,REAL,2
vendor_02,1.2959947904916447,1.636695681830004,smooth5_top25,9,175,0.03,REAL,3
vendor_03,1.4525857011021523,1.4787090829331322,smooth5_all,9,175,0.025,REAL,4
vendor_04,1.294776069269383,1.294776069269383,smooth1_all,9,175,0.01,REAL,5
vendor_08,0.7787665007374182,0.7787665007374182,smooth1_all,9,175,0.0,fake,6
vendor_07,0.6253527864288455,0.6413783879929397,smooth1_top25,9,175,0.0,fake,7
vendor_10,0.44900052164267396,0.5538044508830335,smooth1_top25,9,175,0.0,fake,8
vendor_09,0.38398572593190516,0.5346584651658801,smooth20_top50,9,175,0.0,fake,9
vendor_06,0.10793148621641087,0.18015047956778238,smooth1_top50,9,175,0.0,fake,10
vendor_11,-0.33606718695239035,0.16077063950172826,smooth5_top25,9,175,0.0,fake,11
vendor_05,-0.04346924267054588,0.010791046722128187,smooth1_top50,9,175,0.0,fake,12
vendor_01,2.109511081207199,2.1562973836566384,smooth1_top50,9,176,0.04,REAL,1
vendor_00,1.9035440464552005,1.957414979289417,smooth1_top25,9,176,0.05,REAL,2
vendor_02,1.5323902819580195,1.8704751617023785,smooth5_top25,9,176,0.03,REAL,3
vendor_03,1.6297768656478178,1.6297768656478178,smooth1_all,9,176,0.025,REAL,4
vendor_04,0.7700995753883423,0.9059468593114355,smooth5_top50,9,176,0.01,REAL,5
vendor_11,0.09577520737011243,0.793285833656508,smooth20_top25,9,176,0.0,fake,6
vendor_09,0.7204718339845513,0.7413953349858428,smooth1_top25,9,176,0.0,fake,7
vendor_07,0.6222441996905612,0.6245265420932608,smooth1_top25,9,176,0.0,fake,8
vendor_05,0.09544749980274293,0.48646459857756025,smooth20_top25,9,176,0.0,fake,9
vendor_08,0.3305495592675646,0.3408862104671164,smooth1_top50,9,176,0.0,fake,10
vendor_10,-0.2081763214234455,0.04622340494346585,smooth20_top50,9,176,0.0,fake,11
vendor_06,-0.5455864667135379,-0.43599572385544777,smooth5_top25,9,176,0.0,fake,12
vendor_00,1.3080084192241226,1.3080084192241226,smooth1_all,9,177,0.05,REAL,1
vendor_01,1.3080084192241226,1.3080084192241226,smooth1_all,9,177,0.04,REAL,2
vendor_02,1.3080084192241226,1.3080084192241226,smooth1_all,9,177,0.03,REAL,3
vendor_03,1.0418580758793756,1.0517642265980258,smooth1_top50,9,177,0.025,REAL,4
vendor_04,0.9502711356428757,0.9969952532632753,smooth1_top25,9,177,0.01,REAL,5
vendor_07,0.10149661778970176,0.8611067022493544,smooth20_top25,9,177,0.0,fake,6
vendor_05,0.7719386826181536,0.7719386826181536,smooth1_all,9,177,0.0,fake,7
vendor_09,0.6598339027941814,0.747963260894711,smooth1_top50,9,177,0.0,fake,8
vendor_11,-0.2515448246979563,0.6695852194583576,smooth20_top50,9,177,0.0,fake,9
vendor_10,-0.19619658782591526,0.3641257609371692,smooth20_all,9,177,0.0,fake,10
vendor_06,-0.9029176474214696,0.012968753634383618,smooth20_all,9,177,0.0,fake,11
vendor_08,-0.4076724476383991,-0.16746013863562978,smooth20_top25,9,177,0.0,fake,12
vendor_00,2.1173725273001422,2.127715481280536,smooth1_top25,9,178,0.05,REAL,1
vendor_01,2.0704946758301883,2.0704946758301883,smooth1_all,9,178,0.04,REAL,2
vendor_02,0.8716574056147551,1.2980035069588545,smooth5_top25,9,178,0.03,REAL,3
vendor_03,0.7065758883046176,0.9813710870109226,smooth20_top25,9,178,0.025,REAL,4
vendor_11,0.6983584240197791,0.7592823556879863,smooth1_top25,9,178,0.0,fake,5
vendor_07,-0.03037843378325216,0.552528855632412,smooth20_all,9,178,0.0,fake,6
vendor_05,0.16151973625110982,0.5218244509762311,smooth20_top25,9,178,0.0,fake,7
vendor_09,0.2216108785654621,0.5191266381926001,smooth5_top25,9,178,0.0,fake,8
vendor_04,-0.12322327111717973,0.47947249192373065,smooth20_top25,9,178,0.01,REAL,9
vendor_10,-0.13771311093716254,0.18997395712870138,smooth20_top50,9,178,0.0,fake,10
vendor_08,-0.6213950458088714,0.04456106966870216,smooth20_top50,9,178,0.0,fake,11
vendor_06,-0.46076783299422974,-0.24069347891989973,smooth5_top50,9,178,0.0,fake,12
vendor_00,1.4942035699926814,1.5280090606483736,smooth1_top50,9,179,0.05,REAL,1
vendor_01,1.4942035699926814,1.5280090606483736,smooth1_top50,9,179,0.04,REAL,2
vendor_02,1.4330048403830373,1.4729869676005583,smooth1_top50,9,179,0.03,REAL,3
vendor_03,0.8046174171395084,1.1973742231000815,smooth5_all,9,179,0.025,REAL,4
vendor_05,0.6885527150281504,0.7321212972161478,smooth1_top50,9,179,0.0,fake,5
vendor_04,0.5365906646947551,0.6792499628842867,smooth20_all,9,179,0.01,REAL,6
vendor_09,0.04136389868743236,0.5867120630159457,smooth5_top50,9,179,0.0,fake,7
vendor_11,0.04796364835071643,0.42696308927121107,smooth5_top25,9,179,0.0,fake,8
vendor_06,0.36145052149487583,0.36145052149487583,smooth1_all,9,179,0.0,fake,9
vendor_10,-0.5231189052768869,0.2751940663002553,smooth20_all,9,179,0.0,fake,10
vendor_08,-0.3039282330170759,-0.08682095274284304,smooth20_all,9,179,0.0,fake,11
vendor_07,-0.14514587030327708,-0.14514587030327708,smooth1_all,9,179,0.0,fake,12
vendor_00,1.264512239367987,1.3062384925216064,smooth1_top25,9,180,0.05,REAL,1
vendor_01,1.264512239367987,1.3062384925216064,smooth1_top25,9,180,0.04,REAL,2
vendor_02,1.2645122393679868,1.3062384925216064,smooth1_top25,9,180,0.03,REAL,3
vendor_03,1.264512239367987,1.3062384925216064,smooth1_top25,9,180,0.025,REAL,4
vendor_04,0.4010976466048833,0.4010976466048833,smooth1_all,9,180,0.01,REAL,5
vendor_06,-0.13466777581606074,0.36835933889710776,smooth5_top25,9,180,0.0,fake,6
vendor_10,-0.5373978679626613,0.2612971598875564,smooth5_all,9,180,0.0,fake,7
vendor_09,-0.5802400252851329,0.2605193425006216,smooth20_top25,9,180,0.0,fake,8
vendor_07,-0.5758872503851549,0.1268996144198114,smooth5_all,9,180,0.0,fake,9
vendor_05,0.08371192813723316,0.09734230069403534,smooth1_top50,9,180,0.0,fake,10
vendor_08,-0.031508385563012824,0.028432203139275605,smooth5_top50,9,180,0.0,fake,11
vendor_11,-0.15745253721209992,-0.14765315517548708,smooth1_top25,9,180,0.0,fake,12
vendor_00,2.04695647028385,2.0771835120405684,smooth1_top25,9,181,0.05,REAL,1
vendor_01,1.7543609764094712,1.7856670523765066,smooth1_top25,9,181,0.04,REAL,2
vendor_03,1.4456142004813586,1.4474057650729522,smooth1_top50,9,181,0.025,REAL,3
vendor_02,1.1018113348925893,1.1153616751520816,smooth20_all,9,181,0.03,REAL,4
vendor_10,0.8351574969784427,0.9386112291837597,smooth5_top25,9,181,0.0,fake,5
vendor_08,0.4453748521701825,0.896153215993661,smooth20_all,9,181,0.0,fake,6
vendor_09,-0.221421934540739,0.5553347691801782,smooth20_top25,9,181,0.0,fake,7
vendor_11,0.46227887450589267,0.4984157129092249,smooth1_top50,9,181,0.0,fake,8
vendor_04,0.35082638608180455,0.43895063133014356,smooth1_top25,9,181,0.01,REAL,9
vendor_07,-0.49722443893283746,0.11583926754794988,smooth5_all,9,181,0.0,fake,10
vendor_06,-0.20599251677747285,-0.20599251677747285,smooth1_all,9,181,0.0,fake,11
vendor_05,-0.4364678375010941,-0.42462806442183343,smooth1_top25,9,181,0.0,fake,12
vendor_00,1.887988126956064,1.9440559236243193,smooth1_top25,9,182,0.05,REAL,1
vendor_01,1.8879881269560643,1.9440559236243193,smooth1_top25,9,182,0.04,REAL,2
vendor_02,1.350924726049586,1.5008596086849457,smooth5_top25,9,182,0.03,REAL,3
vendor_04,0.7458150636942812,1.1703127339154182,smooth20_all,9,182,0.01,REAL,4
vendor_03,1.0615093288535045,1.1042393641665917,smooth5_top50,9,182,0.025,REAL,5
vendor_09,0.7519456744578976,0.7519456744578976,smooth1_all,9,182,0.0,fake,6
vendor_06,0.6517337591907745,0.6623311222361825,smooth1_top50,9,182,0.0,fake,7
vendor_07,0.45387078210033005,0.6292051014597793,smooth5_all,9,182,0.0,fake,8
vendor_08,0.22552721366098072,0.6109652691790215,smooth20_top25,9,182,0.0,fake,9
vendor_05,-0.18377953549766537,0.4079627685531271,smooth5_top25,9,182,0.0,fake,10
vendor_10,-0.0732708566300136,0.2426984300503935,smooth20_top50,9,182,0.0,fake,11
vendor_11,-0.13288190822428753,-0.0945726583502155,smooth1_top25,9,182,0.0,fake,12
vendor_00,1.762889276398007,1.8463801983413277,smooth5_top25,9,183,0.05,REAL,1
vendor_01,1.7628892763980069,1.8463801983413277,smooth5_top25,9,183,0.04,REAL,2
vendor_03,1.4118732915465098,1.8097893253329993,smooth5_top25,9,183,0.025,REAL,3
vendor_02,1.2273865071130114,1.4955480959125733,smooth5_top25,9,183,0.03,REAL,4
vendor_09,0.17699935159104013,0.9030742238510805,smooth20_top25,9,183,0.0,fake,5
vendor_04,0.7746928265002144,0.7818044593045687,smooth1_top50,9,183,0.01,REAL,6
vendor_08,-0.333683032333172,0.6687992518926064,smooth20_top25,9,183,0.0,fake,7
vendor_11,0.4302687075877726,0.4838799479720829,smooth1_top25,9,183,0.0,fake,8
vendor_06,-0.3776103655495028,0.3367720010363211,smooth20_top50,9,183,0.0,fake,9
vendor_07,0.0008980411918699476,0.2589817833414605,smooth5_top25,9,183,0.0,fake,10
vendor_05,-0.34769011692580526,0.09161168990191841,smooth20_top50,9,183,0.0,fake,11
vendor_10,-1.0849600660432648,-0.27114941633701817,smooth20_top50,9,183,0.0,fake,12
vendor_03,1.7825764345589095,1.7825764345589095,smooth1_all,9,184,0.025,REAL,1
vendor_01,1.7565817388709206,1.7565817388709206,smooth1_all,9,184,0.04,REAL,2
vendor_00,1.7049701446440853,1.7049701446440853,smooth1_all,9,184,0.05,REAL,3
vendor_02,0.8396800827171199,1.367523485205847,smooth5_all,9,184,0.03,REAL,4
vendor_04,0.8537184694075567,1.3267923885091186,smooth5_all,9,184,0.01,REAL,5
vendor_11,-0.17783980757226708,0.5918632574601563,smooth20_top25,9,184,0.0,fake,6
vendor_10,0.4302994022030441,0.4302994022030441,smooth1_all,9,184,0.0,fake,7
vendor_07,0.4250927858274093,0.4250927858274093,smooth1_all,9,184,0.0,fake,8
vendor_06,0.02113238890360417,0.2982348244795314,smooth20_top25,9,184,0.0,fake,9
vendor_05,0.029269164821263943,0.0476687528092887,smooth1_top25,9,184,0.0,fake,10
vendor_08,-0.006897688719263144,0.03340401725559939,smooth1_top25,9,184,0.0,fake,11
vendor_09,-0.059807246095182856,0.0026044391542589707,smooth20_all,9,184,0.0,fake,12
vendor_03,1.2542900892426503,1.2957564544006175,smooth1_top50,9,185,0.025,REAL,1
vendor_00,1.2468529059208717,1.2949476872121557,smooth1_top50,9,185,0.05,REAL,2
vendor_01,1.2468529059208717,1.2949476872121557,smooth1_top50,9,185,0.04,REAL,3
vendor_02,1.2468529059208715,1.2949476872121557,smooth1_top50,9,185,0.03,REAL,4
vendor_05,0.7414718013566831,0.7414718013566831,smooth1_all,9,185,0.0,fake,5
vendor_04,0.42144590415599237,0.576384033141467,smooth5_all,9,185,0.01,REAL,6
vendor_09,0.2675828741871298,0.5293488580526445,smooth5_top50,9,185,0.0,fake,7
vendor_10,-0.1681456238081731,0.15307363566114868,smooth5_top25,9,185,0.0,fake,8
vendor_08,-0.5688842628540451,0.13113175025656218,smooth20_top25,9,185,0.0,fake,9
vendor_07,-0.0422205391624041,-0.0422205391624041,smooth1_all,9,185,0.0,fake,10
vendor_11,-0.5508100669017992,-0.09730316887474257,smooth20_top25,9,185,0.0,fake,11
vendor_06,-0.931857825023611,-0.28824660391045553,smooth5_top25,9,185,0.0,fake,12
vendor_03,1.274360847961615,1.4242228491985738,smooth5_all,9,186,0.025,REAL,1
vendor_00,1.2368515806319451,1.3546074440652742,smooth5_top50,9,186,0.05,REAL,2
vendor_01,1.2368515806319451,1.3546074440652742,smooth5_top50,9,186,0.04,REAL,3
vendor_02,1.2368515806319444,1.3546074440652742,smooth5_top50,9,186,0.03,REAL,4
vendor_11,0.8214338889379912,0.8691741495737519,smooth1_top50,9,186,0.0,fake,5
vendor_04,0.3892979777510569,0.7648762099042127,smooth5_top25,9,186,0.01,REAL,6
vendor_07,0.736667931597017,0.7644653523894362,smooth1_top25,9,186,0.0,fake,7
vendor_09,0.15320418513203346,0.5031993165474256,smooth20_top50,9,186,0.0,fake,8
vendor_06,-0.3108082928019541,0.3953170234977386,smooth20_top50,9,186,0.0,fake,9
vendor_08,-0.14402779469602903,0.3218885492143296,smooth20_all,9,186,0.0,fake,10
vendor_05,0.003008254557371178,0.011377658843201782,smooth1_top25,9,186,0.0,fake,11
vendor_10,-0.4157905684037355,-0.0024371254167926677,smooth20_top25,9,186,0.0,fake,12
vendor_00,1.5728493601256262,1.5735586573542388,smooth1_top25,9,187,0.05,REAL,1
vendor_01,1.5728493601256262,1.5735586573542388,smooth1_top25,9,187,0.04,REAL,2
vendor_03,1.443465342882756,1.451344433389108,smooth1_top25,9,187,0.025,REAL,3
vendor_02,1.3419706061285295,1.3740357584859493,smooth1_top50,9,187,0.03,REAL,4
vendor_08,0.44499939162209534,0.7294031095541563,smooth20_top25,9,187,0.0,fake,5
vendor_07,0.6740358675041611,0.7129935678751887,smooth1_top25,9,187,0.0,fake,6
vendor_06,-0.7592777056199561,0.41392828009101484,smooth20_top25,9,187,0.0,fake,7
vendor_04,-0.5459752838715448,0.2717118881751535,smooth5_top50,9,187,0.01,REAL,8
vendor_10,-0.5864741242476227,0.1568723250376139,smooth20_all,9,187,0.0,fake,9
vendor_05,-0.1519200068989457,0.03612210060112978,smooth5_top25,9,187,0.0,fake,10
vendor_11,-0.4046460926934691,-0.1789113464751172,smooth20_top50,9,187,0.0,fake,11
vendor_09,-0.6347181685931885,-0.5572060871107789,smooth20_all,9,187,0.0,fake,12
vendor_00,2.0952184394192384,2.095855558551207,smooth5_top50,9,188,0.05,REAL,1
vendor_01,1.7777246379191545,1.8680365406313164,smooth5_all,9,188,0.04,REAL,2
vendor_03,1.503104838281779,1.6793647432202539,smooth5_all,9,188,0.025,REAL,3
vendor_02,1.0636418728837242,1.3914262097005285,smooth20_top50,9,188,0.03,REAL,4
vendor_07,0.5315278836995481,1.095143151329951,smooth5_top50,9,188,0.0,fake,5
vendor_04,0.8981701531740651,1.0063379104579584,smooth20_top50,9,188,0.01,REAL,6
vendor_09,-0.08207856652495726,0.6917534204609985,smooth20_top50,9,188,0.0,fake,7
vendor_08,0.12588980007022582,0.39109755331389173,smooth20_all,9,188,0.0,fake,8
vendor_06,0.19126263429707616,0.3891447328419362,smooth20_top50,9,188,0.0,fake,9
vendor_11,-0.010348178386205538,0.283198746388887,smooth5_top25,9,188,0.0,fake,10
vendor_10,0.21280615367856207,0.260132927069117,smooth1_top50,9,188,0.0,fake,11
vendor_05,-0.2234381265332748,-0.1948340885783041,smooth1_top50,9,188,0.0,fake,12
vendor_02,1.5663913806830037,1.5663913806830037,smooth1_all,9,189,0.03,REAL,1
vendor_00,1.4174210452236384,1.475206012029516,smooth1_top25,9,189,0.05,REAL,2
vendor_01,1.4174210452236384,1.475206012029516,smooth1_top25,9,189,0.04,REAL,3
vendor_04,0.5381599874448842,1.1370382093663103,smooth20_top25,9,189,0.01,REAL,4
vendor_03,0.8453580696975521,1.0031969873418136,smooth20_all,9,189,0.025,REAL,5
vendor_09,0.5723750088100189,0.5723750088100189,smooth1_all,9,189,0.0,fake,6
vendor_05,-0.6274563023434239,0.42090729236758434,smooth5_top25,9,189,0.0,fake,7
vendor_06,0.17937154580149187,0.4080241715587215,smooth5_top25,9,189,0.0,fake,8
vendor_11,0.39710151509684305,0.39710151509684305,smooth1_all,9,189,0.0,fake,9
vendor_08,0.2877997529042901,0.2877997529042901,smooth1_all,9,189,0.0,fake,10
vendor_07,-0.27196717443090856,-0.12112730605233644,smooth5_top25,9,189,0.0,fake,11
vendor_10,-0.2654609037408499,-0.24453230481052332,smooth1_top25,9,189,0.0,fake,12
vendor_01,1.385477278000613,1.385477278000613,smooth1_all,9,190,0.04,REAL,1
vendor_00,1.3854772780006126,1.3854772780006126,smooth1_all,9,190,0.05,REAL,2
vendor_02,1.3854772780006126,1.3854772780006126,smooth1_all,9,190,0.03,REAL,3
vendor_04,1.0712619934671668,1.1297372449280438,smooth1_top50,9,190,0.01,REAL,4
vendor_03,1.0407047480409424,1.0407047480409424,smooth1_all,9,190,0.025,REAL,5
vendor_10,0.5365709021507676,0.5515111389147941,smooth1_top25,9,190,0.0,fake,6
vendor_11,-0.39995051966926376,0.4044959783136697,smooth20_all,9,190,0.0,fake,7
vendor_08,0.2564336496457926,0.2640627999995858,smooth1_top50,9,190,0.0,fake,8
vendor_05,0.2467622508393501,0.2616185911267517,smooth1_top50,9,190,0.0,fake,9
vendor_06,-0.16384585845784447,0.16085365883221128,smooth20_top25,9,190,0.0,fake,10
vendor_07,-0.3627087557499801,0.05106553416431395,smooth20_top50,9,190,0.0,fake,11
vendor_09,-0.2562616120335372,0.007135892855448541,smooth5_all,9,190,0.0,fake,12
vendor_00,2.216546184818869,2.237863063318454,smooth1_top50,9,191,0.05,REAL,1
vendor_01,1.6985589769923926,2.126492428778425,smooth5_all,9,191,0.04,REAL,2
vendor_02,0.9377173602194431,1.6103020725033714,smooth5_top50,9,191,0.03,REAL,3
vendor_03,0.6672819468044577,1.4260294211246956,smooth5_top50,9,191,0.025,REAL,4
vendor_06,0.7874399684604372,0.8782296021755803,smooth1_top25,9,191,0.0,fake,5
vendor_04,0.5025748363073735,0.5729322916290197,smooth20_top25,9,191,0.01,REAL,6
vendor_11,-0.9524058662950485,0.4627692535863303,smooth20_all,9,191,0.0,fake,7
vendor_10,0.3441178247606943,0.3441178247606943,smooth1_all,9,191,0.0,fake,8
vendor_09,0.11451511810562702,0.24740702893466768,smooth20_all,9,191,0.0,fake,9
vendor_07,-0.785790795560653,0.1803192520070679,smooth20_top50,9,191,0.0,fake,10
vendor_05,0.05157446756680858,0.11064974601797802,smooth20_top25,9,191,0.0,fake,11
vendor_08,-1.7085776964488095,-0.17886762809332452,smooth20_top50,9,191,0.0,fake,12
vendor_00,1.88428696758826,1.9171868354377044,smooth1_top25,9,192,0.05,REAL,1
vendor_01,1.8683200166705567,1.9170855081144311,smooth1_top25,9,192,0.04,REAL,2
vendor_02,1.7507164521990028,1.7586476380753642,smooth1_top50,9,192,0.03,REAL,3
vendor_03,1.1726908375273066,1.265919131787541,smooth5_all,9,192,0.025,REAL,4
vendor_09,-0.06642517431356774,0.7453089093949549,smooth5_top50,9,192,0.0,fake,5
vendor_10,0.2257451784308909,0.6555204088512563,smooth5_top25,9,192,0.0,fake,6
vendor_04,0.13859316973889957,0.43890250531958913,smooth20_top50,9,192,0.01,REAL,7
vendor_11,0.14176870757534155,0.1908392665494771,smooth1_top50,9,192,0.0,fake,8
vendor_06,-0.5223520256088245,0.07724145012983158,smooth5_top50,9,192,0.0,fake,9
vendor_05,-0.09241433483375638,-0.0300342392277587,smooth5_top25,9,192,0.0,fake,10
vendor_07,-0.2874014193093531,-0.25042722849344046,smooth1_top50,9,192,0.0,fake,11
vendor_08,-0.5146483412479635,-0.3634581984265949,smooth5_top25,9,192,0.0,fake,12
vendor_02,1.3778104629615733,1.532957166182125,smooth5_top50,9,193,0.03,REAL,1
vendor_00,1.2985746422039517,1.5173157518208342,smooth5_top50,9,193,0.05,REAL,2
vendor_01,1.2985746422039517,1.5173157518208342,smooth5_top50,9,193,0.04,REAL,3
vendor_03,1.2262835417218496,1.465093691860333,smooth5_top25,9,193,0.025,REAL,4
vendor_09,0.011973765685822802,0.4355815797367276,smooth20_top50,9,193,0.0,fake,5
vendor_10,0.2760883820973877,0.3157620536336093,smooth1_top25,9,193,0.0,fake,6
vendor_11,0.23546700652913116,0.23546700652913116,smooth1_all,9,193,0.0,fake,7
vendor_08,0.15594123246204586,0.21714649199326339,smooth20_top25,9,193,0.0,fake,8
vendor_05,0.18386969875689188,0.2029535948137515,smooth1_top50,9,193,0.0,fake,9
vendor_06,-0.18282477769265293,0.14251763841637557,smooth20_top25,9,193,0.0,fake,10
vendor_04,0.03011969015924522,0.10573780441339264,smooth20_top50,9,193,0.01,REAL,11
vendor_07,-0.37578569130684336,0.0051795634970238135,smooth5_top25,9,193,0.0,fake,12
vendor_00,1.8721328837536273,1.9182694945446381,smooth1_top25,9,194,0.05,REAL,1
vendor_01,1.7661200051044696,1.81071216900391,smooth1_top25,9,194,0.04,REAL,2
vendor_03,1.7812100795761463,1.8057996925424993,smooth1_top25,9,194,0.025,REAL,3
vendor_02,1.4356850768927418,1.4561273472136511,smooth1_top25,9,194,0.03,REAL,4
vendor_08,0.40859187764061056,0.6704971487903834,smooth20_top25,9,194,0.0,fake,5
vendor_11,0.32209347804204125,0.5428032637480519,smooth20_all,9,194,0.0,fake,6
vendor_10,0.027432207068509896,0.2954186869171748,smooth5_top25,9,194,0.0,fake,7
vendor_04,0.23653933083216291,0.27295308661804174,smooth1_top50,9,194,0.01,REAL,8
vendor_07,0.02582449870114579,0.2518030159491206,smooth20_all,9,194,0.0,fake,9
vendor_09,-0.10134738957125275,0.22994574671824425,smooth20_all,9,194,0.0,fake,10
vendor_05,-0.09657776615139795,0.12000436393480733,smooth5_top25,9,194,0.0,fake,11
vendor_06,-0.22046865043869138,-0.15268387168733735,smooth5_all,9,194,0.0,fake,12
vendor_00,2.1960016077455853,2.1960016077455853,smooth1_all,9,195,0.05,REAL,1
vendor_01,1.9399320511519904,1.9399320511519904,smooth1_all,9,195,0.04,REAL,2
vendor_02,1.313391274757254,1.391745603625317,smooth1_top25,9,195,0.03,REAL,3
vendor_03,1.3839146859640634,1.3839146859640634,smooth1_all,9,195,0.025,REAL,4
vendor_07,-0.17983928887080788,1.040788955909941,smooth20_all,9,195,0.0,fake,5
vendor_11,0.4184814336266349,0.4216736128226932,smooth1_top25,9,195,0.0,fake,6
vendor_09,-0.20006698457355193,0.3539652303890677,smooth20_top25,9,195,0.0,fake,7
vendor_10,-0.09889747413937706,0.3449989887413724,smooth5_top25,9,195,0.0,fake,8
vendor_04,-0.1446133566050965,0.2642218264091503,smooth20_top25,9,195,0.01,REAL,9
vendor_08,0.16511156333656754,0.17548021864171892,smooth1_top50,9,195,0.0,fake,10
vendor_05,0.10970778174066309,0.10970778174066309,smooth1_all,9,195,0.0,fake,11
vendor_06,-0.5924503851766247,0.07781253632810552,smooth20_top25,9,195,0.0,fake,12
vendor_00,1.7723144747614001,1.8376790978874955,smooth1_top25,9,196,0.05,REAL,1
vendor_01,1.7723144747613995,1.8376790978874955,smooth1_top25,9,196,0.04,REAL,2
vendor_02,1.4122840214885364,1.7094645653525453,smooth5_top50,9,196,0.03,REAL,3
vendor_03,0.8968530202842103,1.2363582422477661,smooth5_top25,9,196,0.025,REAL,4
vendor_06,0.9990295455872469,0.9990295455872469,smooth1_all,9,196,0.0,fake,5
vendor_04,0.3364930077068433,0.8089340597350813,smooth20_top50,9,196,0.01,REAL,6
vendor_09,0.35428845331515124,0.6360131822785753,smooth5_all,9,196,0.0,fake,7
vendor_07,-0.6821424511557255,0.523976305083727,smooth20_top25,9,196,0.0,fake,8
vendor_11,0.14176176647464328,0.5230374520928573,smooth20_top25,9,196,0.0,fake,9
vendor_08,-0.04679256926797552,0.3858274947746858,smooth5_top25,9,196,0.0,fake,10
vendor_05,0.20156040276958645,0.2076330958487718,smooth1_top25,9,196,0.0,fake,11
vendor_10,0.06616585347416465,0.06616585347416465,smooth1_all,9,196,0.0,fake,12
vendor_00,2.040304969187354,2.040304969187354,smooth1_all,9,197,0.05,REAL,1
vendor_01,1.7847177496998834,1.7847177496998834,smooth1_all,9,197,0.04,REAL,2
vendor_03,1.2555897206867919,1.279893300270322,smooth1_top25,9,197,0.025,REAL,3
vendor_02,1.1950906618247532,1.2083767025402807,smooth1_top50,9,197,0.03,REAL,4
vendor_07,0.34529576071029555,0.8587090331917574,smooth5_all,9,197,0.0,fake,5
vendor_04,0.5283468113643239,0.6781110951621571,smooth20_top25,9,197,0.01,REAL,6
vendor_10,0.5013335471520316,0.6721084633748298,smooth5_top50,9,197,0.0,fake,7
vendor_09,0.2029993963774353,0.3691860502441014,smooth5_all,9,197,0.0,fake,8
vendor_06,0.019706007756608777,0.25648843604096117,smooth20_top50,9,197,0.0,fake,9
vendor_08,-0.36484647240708085,0.061496287133217954,smooth5_all,9,197,0.0,fake,10
vendor_11,-0.9441072957049264,-0.02190766978571467,smooth5_top25,9,197,0.0,fake,11
vendor_05,-0.4870422709176101,-0.44225635971931865,smooth1_top50,9,197,0.0,fake,12
vendor_00,2.011431850351819,2.011431850351819,smooth1_all,9,198,0.05,REAL,1
vendor_04,0.6245225814955607,1.8538239095323534,smooth20_all,9,198,0.01,REAL,2
vendor_01,1.6784561112858905,1.7239965172660727,smooth5_all,9,198,0.04,REAL,3
vendor_02,1.6966771451178861,1.6966771451178861,smooth1_all,9,198,0.03,REAL,4
vendor_03,0.7513821195044031,1.4721906220796164,smooth5_top25,9,198,0.025,REAL,5
vendor_08,0.30388439290671904,0.8795226914844828,smooth20_all,9,198,0.0,fake,6
vendor_11,0.3550519610309256,0.7755775351604621,smooth20_top50,9,198,0.0,fake,7
vendor_05,0.6692138029492437,0.7256486008644958,smooth1_top25,9,198,0.0,fake,8
vendor_07,-0.4257627974321721,0.584844596594378,smooth20_all,9,198,0.0,fake,9
vendor_09,0.481428427658985,0.481428427658985,smooth1_all,9,198,0.0,fake,10
vendor_10,0.1597880121056512,0.24667321628710256,smooth1_top25,9,198,0.0,fake,11
vendor_06,0.1400775376287947,0.1400775376287947,smooth1_all,9,198,0.0,fake,12
vendor_03,1.1667302975422853,1.629513001695636,smooth20_top50,9,199,0.025,REAL,1
vendor_02,1.4223504110699097,1.627360351887011,smooth5_top50,9,199,0.03,REAL,2
vendor_01,1.4936903131966754,1.6027367126578462,smooth5_top25,9,199,0.04,REAL,3
vendor_00,1.4936903131966757,1.6027367126578462,smooth5_top25,9,199,0.05,REAL,4
vendor_04,0.777305904367963,1.109671005779015,smooth5_top25,9,199,0.01,REAL,5
vendor_08,0.348733733369244,0.6428422226820459,smooth20_top25,9,199,0.0,fake,6
vendor_09,0.41801134187693384,0.42586927481343717,smooth1_top25,9,199,0.0,fake,7
vendor_06,0.03644685967053688,0.31813290051528936,smooth5_top25,9,199,0.0,fake,8
vendor_10,-0.23898340196407297,-0.0998630573147439,smooth5_all,9,199,0.0,fake,9
vendor_07,-0.2888675052724997,-0.10389402733682915,smooth5_top50,9,199,0.0,fake,10
vendor_05,-0.15540780980505917,-0.15540780980505917,smooth1_all,9,199,0.0,fake,11
vendor_11,-0.2977618044291434,-0.2367825801073903,smooth20_top50,9,199,0.0,fake,12
